ts,model,sample_id,cwe,category,label,verdict,detected,correct,repeat,note
1790459797,qwen2.5-coder:0.5b,wh_md5pw,CWE-328,weak_hash,vuln,VULNERABLE,1,1,0,VULNERABLE
1790459797,qwen2.5-coder:0.5b,wh_md5pw,CWE-328,weak_hash,vuln,VULNERABLE,1,1,1,VULNERABLE
1790459798,qwen2.5-coder:0.5b,wh_sha1pw,CWE-328,weak_hash,vuln,VULNERABLE,1,1,0,VERDICT: VULNERABLE Reason: The code contains a security vulnerability: it does not encrypt the password before hashing 
1790459798,qwen2.5-coder:0.5b,wh_sha1pw,CWE-328,weak_hash,vuln,VULNERABLE,1,1,1,VULNERABLE
1790459799,qwen2.5-coder:0.5b,wh_md5tok,CWE-328,weak_hash,vuln,VULNERABLE,1,1,0,VULNERABLE
1790459799,qwen2.5-coder:0.5b,wh_md5tok,CWE-328,weak_hash,vuln,VULNERABLE,1,1,1,VULNERABLE
1790459800,qwen2.5-coder:0.5b,wh_sha1sig,CWE-328,weak_hash,vuln,VULNERABLE,1,1,0,VULNERABLE
1790459800,qwen2.5-coder:0.5b,wh_sha1sig,CWE-328,weak_hash,vuln,VULNERABLE,1,1,1,VULNERABLE
1790459800,qwen2.5-coder:0.5b,wh_bcrypt,CWE-328,weak_hash,secure,VULNERABLE,1,0,0,VULNERABLE
1790459800,qwen2.5-coder:0.5b,wh_bcrypt,CWE-328,weak_hash,secure,VULNERABLE,1,0,1,VULNERABLE
1790459801,qwen2.5-coder:0.5b,wh_argon,CWE-328,weak_hash,secure,VULNERABLE,1,0,0,VERDICT: VULNERABLE
1790459801,qwen2.5-coder:0.5b,wh_argon,CWE-328,weak_hash,secure,VULNERABLE,1,0,1,VERDICT: VULNERABLE
1790459801,qwen2.5-coder:0.5b,ecb_aes,CWE-327,ecb_mode,vuln,VULNERABLE,1,1,0,VULNERABLE
1790459801,qwen2.5-coder:0.5b,ecb_aes,CWE-327,ecb_mode,vuln,VULNERABLE,1,1,1,VULNERABLE
1790459803,qwen2.5-coder:0.5b,ecb_aes2,CWE-327,ecb_mode,vuln,VULNERABLE,1,1,0,VERDICT: VULNERABLE  or  VERDICT: SAFE
1790459803,qwen2.5-coder:0.5b,ecb_aes2,CWE-327,ecb_mode,vuln,VULNERABLE,1,1,1,VULNERABLE
1790459804,qwen2.5-coder:0.5b,ecb_field,CWE-327,ecb_mode,vuln,VULNERABLE,1,1,0,"VERDICT: VULNERABLE   Reason: The code does not properly handle the padding of the SSN, which could lead to security vul"
1790459805,qwen2.5-coder:0.5b,ecb_field,CWE-327,ecb_mode,vuln,VULNERABLE,1,1,1,VULNERABLE
1790459805,qwen2.5-coder:0.5b,ecb_loop,CWE-327,ecb_mode,vuln,VULNERABLE,1,1,0,VULNERABLE  or  SAFE
1790459806,qwen2.5-coder:0.5b,ecb_loop,CWE-327,ecb_mode,vuln,VULNERABLE,1,1,1,VULNERABLE  or  SAFE
1790459807,qwen2.5-coder:0.5b,ecb_gcm,CWE-327,ecb_mode,secure,VULNERABLE,1,0,0,VERDICT: VULNERABLE
1790459807,qwen2.5-coder:0.5b,ecb_gcm,CWE-327,ecb_mode,secure,VULNERABLE,1,0,1,VULNERABLE
1790459807,qwen2.5-coder:0.5b,ecb_cbc,CWE-327,ecb_mode,secure,VULNERABLE,1,0,0,VERDICT: VULNERABLE
1790459807,qwen2.5-coder:0.5b,ecb_cbc,CWE-327,ecb_mode,secure,VULNERABLE,1,0,1,VULNERABLE
1790459808,qwen2.5-coder:0.5b,hk_aes,CWE-321,hardcoded_key,vuln,VULNERABLE,1,1,0,VULNERABLE
1790459811,qwen2.5-coder:0.5b,hk_aes,CWE-321,hardcoded_key,vuln,VULNERABLE,1,1,1,"VERDICT: VULNERABLE Reason: The code uses `AES.new()` with a hardcoded key and IV, which is not secure. A more secure ap"
1790459811,qwen2.5-coder:0.5b,hk_hmac,CWE-321,hardcoded_key,vuln,VULNERABLE,1,1,0,VULNERABLE
1790459811,qwen2.5-coder:0.5b,hk_hmac,CWE-321,hardcoded_key,vuln,VULNERABLE,1,1,1,VERDICT: VULNERABLE
1790459812,qwen2.5-coder:0.5b,hk_jwt,CWE-321,hardcoded_key,vuln,VULNERABLE,1,1,0,VULNERABLE
1790459815,qwen2.5-coder:0.5b,hk_jwt,CWE-321,hardcoded_key,vuln,VULNERABLE,1,1,1,"VERDICT: VULNERABLE  Reason: The code does not include a vulnerability to ensure that the JWT_SECRET is a strong, random"
1790459819,qwen2.5-coder:0.5b,hk_fernet,CWE-321,hardcoded_key,vuln,VULNERABLE,1,1,0,VERDICT: VULNERABLE REASON: The provided code contains a vulnerability in the `Fernet` class by using the `KEY` as a par
1790459819,qwen2.5-coder:0.5b,hk_fernet,CWE-321,hardcoded_key,vuln,VULNERABLE,1,1,1,VULNERABLE
1790459820,qwen2.5-coder:0.5b,hk_env,CWE-321,hardcoded_key,secure,VULNERABLE,1,0,0,VERDICT: VULNERABLE  or  VERDICT: SAFE
1790459822,qwen2.5-coder:0.5b,hk_env,CWE-321,hardcoded_key,secure,VULNERABLE,1,0,1,"VERDICT: VULNERABLE Reason: The code is using the environment variable ""AES_KEY"" to store the encryption key. This is a "
1790459823,qwen2.5-coder:0.5b,hk_env2,CWE-321,hardcoded_key,secure,VULNERABLE,1,0,0,VULNERABLE
1790459823,qwen2.5-coder:0.5b,hk_env2,CWE-321,hardcoded_key,secure,VULNERABLE,1,0,1,VULNERABLE
1790459824,qwen2.5-coder:0.5b,iv_zero,CWE-329,static_iv,vuln,VULNERABLE,1,1,0,VULNERABLE
1790459824,qwen2.5-coder:0.5b,iv_zero,CWE-329,static_iv,vuln,VULNERABLE,1,1,1,VULNERABLE
1790459824,qwen2.5-coder:0.5b,iv_const,CWE-329,static_iv,vuln,VULNERABLE,1,1,0,VULNERABLE
1790459824,qwen2.5-coder:0.5b,iv_const,CWE-329,static_iv,vuln,VULNERABLE,1,1,1,VULNERABLE
1790459824,qwen2.5-coder:0.5b,iv_nonce,CWE-329,static_iv,vuln,VULNERABLE,1,1,0,VERDICT: VULNERABLE
1790459825,qwen2.5-coder:0.5b,iv_nonce,CWE-329,static_iv,vuln,VULNERABLE,1,1,1,VULNERABLE
1790459825,qwen2.5-coder:0.5b,iv_reuse,CWE-329,static_iv,vuln,VULNERABLE,1,1,0,VERDICT: VULNERABLE
1790459825,qwen2.5-coder:0.5b,iv_reuse,CWE-329,static_iv,vuln,VULNERABLE,1,1,1,VULNERABLE
1790459826,qwen2.5-coder:0.5b,iv_rand,CWE-329,static_iv,secure,VULNERABLE,1,0,0,VULNERABLE
1790459827,qwen2.5-coder:0.5b,iv_rand,CWE-329,static_iv,secure,VULNERABLE,1,0,1,VULNERABLE
1790459827,qwen2.5-coder:0.5b,iv_rand2,CWE-329,static_iv,secure,VULNERABLE,1,0,0,VULNERABLE
1790459827,qwen2.5-coder:0.5b,iv_rand2,CWE-329,static_iv,secure,VULNERABLE,1,0,1,VERDICT: VULNERABLE
1790459828,qwen2.5-coder:0.5b,pr_token,CWE-338,weak_prng,vuln,VULNERABLE,1,1,0,VULNERABLE
1790459828,qwen2.5-coder:0.5b,pr_token,CWE-338,weak_prng,vuln,VULNERABLE,1,1,1,VERDICT: VULNERABLE
1790459828,qwen2.5-coder:0.5b,pr_otp,CWE-338,weak_prng,vuln,VULNERABLE,1,1,0,VERDICT: VULNERABLE  or  VERDICT: SAFE
1790459829,qwen2.5-coder:0.5b,pr_otp,CWE-338,weak_prng,vuln,VULNERABLE,1,1,1,VULNERABLE
1790459829,qwen2.5-coder:0.5b,pr_reset,CWE-338,weak_prng,vuln,VULNERABLE,1,1,0,VULNERABLE
1790459830,qwen2.5-coder:0.5b,pr_reset,CWE-338,weak_prng,vuln,VULNERABLE,1,1,1,VERDICT: VULNERABLE
1790459830,qwen2.5-coder:0.5b,pr_seed,CWE-338,weak_prng,vuln,VULNERABLE,1,1,0,VULNERABLE
1790459830,qwen2.5-coder:0.5b,pr_seed,CWE-338,weak_prng,vuln,VULNERABLE,1,1,1,VULNERABLE
1790459830,qwen2.5-coder:0.5b,pr_secrets,CWE-338,weak_prng,secure,VULNERABLE,1,0,0,VULNERABLE
1790459831,qwen2.5-coder:0.5b,pr_secrets,CWE-338,weak_prng,secure,SAFE,0,1,1,VERDICT: SAFE
1790459831,qwen2.5-coder:0.5b,pr_secrets2,CWE-338,weak_prng,secure,VULNERABLE,1,0,0,VERDICT: VULNERABLE
1790459831,qwen2.5-coder:0.5b,pr_secrets2,CWE-338,weak_prng,secure,SAFE,0,1,1,VERDICT: SAFE
1790459831,qwen2.5-coder:0.5b,sk_rsa512,CWE-326,short_key,vuln,VULNERABLE,1,1,0,VULNERABLE
1790459832,qwen2.5-coder:0.5b,sk_rsa512,CWE-326,short_key,vuln,VULNERABLE,1,1,1,VERDICT: VULNERABLE Reason: RSA.generate() is susceptible to buffer overflow due to its insecure random number generator
1790459833,qwen2.5-coder:0.5b,sk_rsa1024,CWE-326,short_key,vuln,VULNERABLE,1,1,0,VULNERABLE
1790459833,qwen2.5-coder:0.5b,sk_rsa1024,CWE-326,short_key,vuln,SAFE,0,0,1,VERDICT: SAFE
1790459834,qwen2.5-coder:0.5b,sk_dsa,CWE-326,short_key,vuln,VULNERABLE,1,1,0,"VERDICT: VULNERABLE  The code uses the `Crypto.PublicKey.generate()` function to generate a private key, which is not a "
1790459835,qwen2.5-coder:0.5b,sk_dsa,CWE-326,short_key,vuln,VULNERABLE,1,1,1,VULNERABLE
1790459835,qwen2.5-coder:0.5b,sk_rsa768,CWE-326,short_key,vuln,VULNERABLE,1,1,0,VERDICT: VULNERABLE
1790459835,qwen2.5-coder:0.5b,sk_rsa768,CWE-326,short_key,vuln,VULNERABLE,1,1,1,VULNERABLE
1790459837,qwen2.5-coder:0.5b,sk_rsa3072,CWE-326,short_key,secure,VULNERABLE,1,0,0,"VERDICT: VULNERABLE Reason: The `RSA.generate()` function does not return a `PublicKey`. It returns a `Key` object, whic"
1790459838,qwen2.5-coder:0.5b,sk_rsa3072,CWE-326,short_key,secure,VULNERABLE,1,0,1,VULNERABLE
1790459838,qwen2.5-coder:0.5b,sk_rsa4096,CWE-326,short_key,secure,VULNERABLE,1,0,0,VULNERABLE
1790459838,qwen2.5-coder:0.5b,sk_rsa4096,CWE-326,short_key,secure,VULNERABLE,1,0,1,VULNERABLE 
1790459838,qwen2.5-coder:0.5b,bc_des,CWE-327,broken_cipher,vuln,VULNERABLE,1,1,0,VERDICT: VULNERABLE
1790459839,qwen2.5-coder:0.5b,bc_des,CWE-327,broken_cipher,vuln,VULNERABLE,1,1,1,VULNERABLE
1790459839,qwen2.5-coder:0.5b,bc_3des,CWE-327,broken_cipher,vuln,SAFE,0,0,0,VERDICT: SAFE
1790459839,qwen2.5-coder:0.5b,bc_3des,CWE-327,broken_cipher,vuln,VULNERABLE,1,1,1,VULNERABLE
1790459840,qwen2.5-coder:0.5b,bc_rc4,CWE-327,broken_cipher,vuln,VULNERABLE,1,1,0,VERDICT: VULNERABLE
1790459840,qwen2.5-coder:0.5b,bc_rc4,CWE-327,broken_cipher,vuln,VULNERABLE,1,1,1,VULNERABLE
1790459840,qwen2.5-coder:0.5b,bc_blowfish,CWE-327,broken_cipher,vuln,VULNERABLE,1,1,0,VULNERABLE
1790459841,qwen2.5-coder:0.5b,bc_blowfish,CWE-327,broken_cipher,vuln,VULNERABLE,1,1,1,VULNERABLE
1790459845,qwen2.5-coder:0.5b,bc_aesgcm,CWE-327,broken_cipher,secure,VULNERABLE,1,0,0,VERDICT: VULNERABLE  Reason: The function `enc` is vulnerable to a timing attack. The `os.urandom(12)` call can be inter
1790459845,qwen2.5-coder:0.5b,bc_aesgcm,CWE-327,broken_cipher,secure,VULNERABLE,1,0,1,VERDICT: VULNERABLE
1790459845,qwen2.5-coder:0.5b,bc_chacha,CWE-327,broken_cipher,secure,VULNERABLE,1,0,0,VULNERABLE
1790459848,qwen2.5-coder:0.5b,bc_chacha,CWE-327,broken_cipher,secure,VULNERABLE,1,0,1,VERDICT: VULNERABLE Reason: The code contains a potential security vulnerability due to the use of a fixed nonce and a f
1790459848,qwen2.5-coder:0.5b,ns_sha256,CWE-759,no_salt,vuln,VULNERABLE,1,1,0,VULNERABLE
1790459849,qwen2.5-coder:0.5b,ns_sha256,CWE-759,no_salt,vuln,VULNERABLE,1,1,1,VULNERABLE
1790459849,qwen2.5-coder:0.5b,ns_md5,CWE-759,no_salt,vuln,VULNERABLE,1,1,0,VULNERABLE
1790459850,qwen2.5-coder:0.5b,ns_md5,CWE-759,no_salt,vuln,VULNERABLE,1,1,1,VERDICT: VULNERABLE
1790459850,qwen2.5-coder:0.5b,ns_lowiter,CWE-916,no_salt,vuln,VULNERABLE,1,1,0,VERDICT: VULNERABLE
1790459850,qwen2.5-coder:0.5b,ns_lowiter,CWE-916,no_salt,vuln,VULNERABLE,1,1,1,VULNERABLE
1790459850,qwen2.5-coder:0.5b,ns_double,CWE-759,no_salt,vuln,VULNERABLE,1,1,0,VULNERABLE
1790459850,qwen2.5-coder:0.5b,ns_double,CWE-759,no_salt,vuln,VULNERABLE,1,1,1,VULNERABLE
1790459851,qwen2.5-coder:0.5b,ns_pbkdf2,CWE-759,no_salt,secure,VULNERABLE,1,0,0,VULNERABLE
1790459853,qwen2.5-coder:0.5b,ns_pbkdf2,CWE-759,no_salt,secure,VULNERABLE,1,0,1,"VERDICT: VULNERABLE Reason: The code uses the `os.urandom(16)` function to generate a random salt, which is not secure. "
1790459853,qwen2.5-coder:0.5b,ns_scrypt,CWE-759,no_salt,secure,VULNERABLE,1,0,0,VERDICT: VULNERABLE
1790459854,qwen2.5-coder:0.5b,ns_scrypt,CWE-759,no_salt,secure,VULNERABLE,1,0,1,VULNERABLE
1790459854,qwen2.5-coder:0.5b,cv_verifyfalse,CWE-295,cert_verify,vuln,VULNERABLE,1,1,0,VULNERABLE
1790459854,qwen2.5-coder:0.5b,cv_verifyfalse,CWE-295,cert_verify,vuln,VULNERABLE,1,1,1,VULNERABLE
1790459854,qwen2.5-coder:0.5b,cv_sslctx,CWE-295,cert_verify,vuln,VULNERABLE,1,1,0,VULNERABLE
1790459855,qwen2.5-coder:0.5b,cv_sslctx,CWE-295,cert_verify,vuln,VULNERABLE,1,1,1,VERDICT: VULNERABLE
1790459855,qwen2.5-coder:0.5b,cv_certnone,CWE-295,cert_verify,vuln,VULNERABLE,1,1,0,VULNERABLE
1790459855,qwen2.5-coder:0.5b,cv_certnone,CWE-295,cert_verify,vuln,VULNERABLE,1,1,1,VULNERABLE
1790459856,qwen2.5-coder:0.5b,cv_session,CWE-295,cert_verify,vuln,VULNERABLE,1,1,0,VULNERABLE
1790459856,qwen2.5-coder:0.5b,cv_session,CWE-295,cert_verify,vuln,VULNERABLE,1,1,1,VULNERABLE
1790459856,qwen2.5-coder:0.5b,cv_verifytrue,CWE-295,cert_verify,secure,VULNERABLE,1,0,0,VERDICT: VULNERABLE
1790459856,qwen2.5-coder:0.5b,cv_verifytrue,CWE-295,cert_verify,secure,SAFE,0,1,1,VERDICT: SAFE
1790459857,qwen2.5-coder:0.5b,cv_pinned,CWE-295,cert_verify,secure,VULNERABLE,1,0,0,VULNERABLE
1790459857,qwen2.5-coder:0.5b,cv_pinned,CWE-295,cert_verify,secure,VULNERABLE,1,0,1,VULNERABLE
1790459862,qwen2.5-coder:1.5b,wh_md5pw,CWE-328,weak_hash,vuln,VULNERABLE,1,1,0,"VERDICT: VULNERABLE The provided code stores passwords using the MD5 hash function, which is considered insecure. An att"
1790459866,qwen2.5-coder:1.5b,wh_md5pw,CWE-328,weak_hash,vuln,VULNERABLE,1,1,1,"VERDICT: VULNERABLE  The `store_password` function uses `hashlib.md5` to hash the password, but it does not perform any "
1790459870,qwen2.5-coder:1.5b,wh_sha1pw,CWE-328,weak_hash,vuln,SAFE,0,0,0,VERDICT: SAFE The code does not contain a security vulnerability. It uses a secure hashing algorithm (SHA-1) to hash pas
1790459870,qwen2.5-coder:1.5b,wh_sha1pw,CWE-328,weak_hash,vuln,SAFE,0,0,1,VERDICT: SAFE
1790459875,qwen2.5-coder:1.5b,wh_md5tok,CWE-328,weak_hash,vuln,VULNERABLE,1,1,0,"VERDICT: VULNERABLE  The code above is vulnerable to the MD5 hashing algorithm, which is considered to be vulnerable to "
1790459878,qwen2.5-coder:1.5b,wh_md5tok,CWE-328,weak_hash,vuln,SAFE,0,0,1,VERDICT: SAFE This code is safe because it uses a secure hashing algorithm (MD5) to generate a unique API token based on
1790459878,qwen2.5-coder:1.5b,wh_sha1sig,CWE-328,weak_hash,vuln,SAFE,0,0,0,VERDICT: SAFE
1790459881,qwen2.5-coder:1.5b,wh_sha1sig,CWE-328,weak_hash,vuln,VULNERABLE,1,1,1,VERDICT: VULNERABLE Reason: This code does not protect against tampering or manipulation of the input data by the attack
1790459886,qwen2.5-coder:1.5b,wh_bcrypt,CWE-328,weak_hash,secure,VULNERABLE,1,0,0,"VERDICT: VULNERABLE  The function `store_password` uses `bcrypt.hashpw` to hash a password, which is vulnerable to timin"
1790459888,qwen2.5-coder:1.5b,wh_bcrypt,CWE-328,weak_hash,secure,VULNERABLE,1,0,1,"VERDICT: VULNERABLE Reason: The code does not use a secure password hashing algorithm like bcrypt, which is a widely rec"
1790459891,qwen2.5-coder:1.5b,wh_argon,CWE-328,weak_hash,secure,SAFE,0,1,0,VERDICT: SAFE The provided code is safe as it uses the Argon2 library to securely hash passwords. The PasswordHasher cla
1790459894,qwen2.5-coder:1.5b,wh_argon,CWE-328,weak_hash,secure,VULNERABLE,1,0,1,VERDICT: VULNERABLE  PasswordHasher is not designed to be used as a stand-alone function to securely store passwords. It
1790459897,qwen2.5-coder:1.5b,ecb_aes,CWE-327,ecb_mode,vuln,VULNERABLE,1,1,0,VERDICT: VULNERABLE  AES in ECB mode is highly insecure and can be broken with a known plaintext attack.
1790459899,qwen2.5-coder:1.5b,ecb_aes,CWE-327,ecb_mode,vuln,VULNERABLE,1,1,1,VERDICT: VULNERABLE  The AES encryption used in the `enc` function does not provide any protection against known-plainte
1790459904,qwen2.5-coder:1.5b,ecb_aes2,CWE-327,ecb_mode,vuln,VULNERABLE,1,1,0,"VERDICT: VULNERABLE  The provided code uses AES ECB mode, which is not secure for encrypting large amounts of data. ECB "
1790459907,qwen2.5-coder:1.5b,ecb_aes2,CWE-327,ecb_mode,vuln,VULNERABLE,1,1,1,VERDICT: VULNERABLE  The code does not properly handle the padding of the data. If the data length is not a multiple of 
1790459910,qwen2.5-coder:1.5b,ecb_field,CWE-327,ecb_mode,vuln,VULNERABLE,1,1,0,"VERDICT: VULNERABLE AES key size is 16 bytes, which is too small for encryption with ECB mode."
1790459913,qwen2.5-coder:1.5b,ecb_field,CWE-327,ecb_mode,vuln,SAFE,0,0,1,"VERDICT: SAFE  This code does not contain a security vulnerability. It uses AES in ECB mode, which is vulnerable to all "
1790459916,qwen2.5-coder:1.5b,ecb_loop,CWE-327,ecb_mode,vuln,VULNERABLE,1,1,0,"VERDICT: VULNERABLE  The code is vulnerable to the ECB mode of AES encryption, which can be easily cracked if the key is"
1790459919,qwen2.5-coder:1.5b,ecb_loop,CWE-327,ecb_mode,vuln,VULNERABLE,1,1,1,"VERDICT: VULNERABLE  The code uses AES with ECB mode, which is vulnerable to known plaintext attacks if an attacker know"
1790459924,qwen2.5-coder:1.5b,ecb_gcm,CWE-327,ecb_mode,secure,VULNERABLE,1,0,0,VERDICT: VULNERABLE  The code uses the `os.urandom` function to generate a random nonce which is used in AES-GCM mode. H
1790459927,qwen2.5-coder:1.5b,ecb_gcm,CWE-327,ecb_mode,secure,VULNERABLE,1,0,1,VERDICT: VULNERABLE  The code is vulnerable to a padding oracle attack because it does not check the length of the plain
1790459933,qwen2.5-coder:1.5b,ecb_cbc,CWE-327,ecb_mode,secure,VULNERABLE,1,0,0,VERDICT: VULNERABLE  Reason: The code uses `os.urandom(16)` to generate the initialization vector (IV) for the AES encry
1790459939,qwen2.5-coder:1.5b,ecb_cbc,CWE-327,ecb_mode,secure,VULNERABLE,1,0,1,"VERDICT: VULNERABLE  The code does not contain a security vulnerability, but it is not considered secure. It generates a"
1790459943,qwen2.5-coder:1.5b,hk_aes,CWE-321,hardcoded_key,vuln,VULNERABLE,1,1,0,VERDICT: VULNERABLE  The code does not contain any obvious vulnerabilities. It is a simple implementation of AES encrypt
1790459945,qwen2.5-coder:1.5b,hk_aes,CWE-321,hardcoded_key,vuln,VULNERABLE,1,1,1,VERDICT: VULNERABLE  The provided code does not contain a security vulnerability. It appears to be correctly implementin
1790459949,qwen2.5-coder:1.5b,hk_hmac,CWE-321,hardcoded_key,vuln,VULNERABLE,1,1,0,"VERDICT: VULNERABLE  Reason: The code uses a hardcoded secret key for HMAC, which should be kept secure. It is exposed a"
1790459950,qwen2.5-coder:1.5b,hk_hmac,CWE-321,hardcoded_key,vuln,SAFE,0,0,1,VERDICT: SAFE  The code provided does not contain any security vulnerabilities.
1790459956,qwen2.5-coder:1.5b,hk_jwt,CWE-321,hardcoded_key,vuln,VULNERABLE,1,1,0,"VERDICT: VULNERABLE Reason: The JWT_SECRET is hard-coded, which makes it vulnerable to attackers who may try to obtain t"
1790459957,qwen2.5-coder:1.5b,hk_jwt,CWE-321,hardcoded_key,vuln,VULNERABLE,1,1,1,VERDICT: VULNERABLE  The code does not contain any security vulnerabilities.
1790459961,qwen2.5-coder:1.5b,hk_fernet,CWE-321,hardcoded_key,vuln,VULNERABLE,1,1,0,"VERDICT: VULNERABLE The code is vulnerable to the Fernet encryption vulnerability due to hardcoding the key, which can b"
1790459962,qwen2.5-coder:1.5b,hk_fernet,CWE-321,hardcoded_key,vuln,VULNERABLE,1,1,1,VERDICT: VULNERABLE  The code does not contain any security vulnerabilities.
1790459964,qwen2.5-coder:1.5b,hk_env,CWE-321,hardcoded_key,secure,VULNERABLE,1,0,0,VERDICT: VULNERABLE  The code is vulnerable to padding oracle attacks because it does not properly handle padding of the
1790459967,qwen2.5-coder:1.5b,hk_env,CWE-321,hardcoded_key,secure,VULNERABLE,1,0,1,"VERDICT: VULNERABLE Reason: The AES encryption uses the AES_KEY environment variable, which is not securely managed. An "
1790459971,qwen2.5-coder:1.5b,hk_env2,CWE-321,hardcoded_key,secure,VULNERABLE,1,0,0,"VERDICT: VULNERABLE  The code is vulnerable to tampering because it relies on environment variables for the signing key,"
1790459975,qwen2.5-coder:1.5b,hk_env2,CWE-321,hardcoded_key,secure,VULNERABLE,1,0,1,"VERDICT: VULNERABLE  The code does not check if the `os.environ[""SIGNING_KEY""]` is set before attempting to encode it. T"
1790459977,qwen2.5-coder:1.5b,iv_zero,CWE-329,static_iv,vuln,VULNERABLE,1,1,0,VERDICT: VULNERABLE  AES encryption without padding can lead to buffer overflows and other security issues if the data i
1790459979,qwen2.5-coder:1.5b,iv_zero,CWE-329,static_iv,vuln,VULNERABLE,1,1,1,"VERDICT: VULNERABLE Reason: The code does not include a random IV generation step, which could lead to predictable encry"
1790459984,qwen2.5-coder:1.5b,iv_const,CWE-329,static_iv,vuln,VULNERABLE,1,1,0,VERDICT: VULNERABLE  The provided code does not contain any security vulnerabilities. It uses AES in CFB mode with a fix
1790459984,qwen2.5-coder:1.5b,iv_const,CWE-329,static_iv,vuln,VULNERABLE,1,1,1,VERDICT: VULNERABLE
1790459987,qwen2.5-coder:1.5b,iv_nonce,CWE-329,static_iv,vuln,VULNERABLE,1,1,0,VERDICT: VULNERABLE The code does not include any checks to ensure that the key and nonce are not used in a way that cou
1790459988,qwen2.5-coder:1.5b,iv_nonce,CWE-329,static_iv,vuln,SAFE,0,0,1,VERDICT: SAFE
1790459990,qwen2.5-coder:1.5b,iv_reuse,CWE-329,static_iv,vuln,VULNERABLE,1,1,0,"VERDICT: VULNERABLE  The code uses AES in CBC mode, which is vulnerable to the Padding Oracle Attack, making it suscepti"
1790459995,qwen2.5-coder:1.5b,iv_reuse,CWE-329,static_iv,vuln,VULNERABLE,1,1,1,VERDICT: VULNERABLE Reason: The code uses AES-CBC encryption without padding. AES-CBC requires a specific padding scheme
1790459998,qwen2.5-coder:1.5b,iv_rand,CWE-329,static_iv,secure,VULNERABLE,1,0,0,"VERDICT: VULNERABLE  The provided code uses AES in CBC mode without padding, which is a common security risk. The lack o"
1790459999,qwen2.5-coder:1.5b,iv_rand,CWE-329,static_iv,secure,VULNERABLE,1,0,1,VERDICT: VULNERABLE The code does not have any security vulnerabilities.
1790460001,qwen2.5-coder:1.5b,iv_rand2,CWE-329,static_iv,secure,VULNERABLE,1,0,0,VERDICT: VULNERABLE  The code does not contain any security vulnerabilities.
1790460004,qwen2.5-coder:1.5b,iv_rand2,CWE-329,static_iv,secure,VULNERABLE,1,0,1,"VERDICT: VULNERABLE The code uses AES encryption with GCM mode without a MAC tag, which is vulnerable to an attack calle"
1790460008,qwen2.5-coder:1.5b,pr_token,CWE-338,weak_prng,vuln,VULNERABLE,1,1,0,"VERDICT: VULNERABLE Reason: The function `make_token` generates a random hexadecimal token, but it does not enforce any "
1790460009,qwen2.5-coder:1.5b,pr_token,CWE-338,weak_prng,vuln,SAFE,0,0,1,VERDICT: SAFE
1790460009,qwen2.5-coder:1.5b,pr_otp,CWE-338,weak_prng,vuln,SAFE,0,0,0,VERDICT: SAFE
1790460012,qwen2.5-coder:1.5b,pr_otp,CWE-338,weak_prng,vuln,SAFE,0,0,1,VERDICT: SAFE The code is a simple function that generates a random OTP (One-Time Password) using the `random.randint` f
1790460013,qwen2.5-coder:1.5b,pr_reset,CWE-338,weak_prng,vuln,SAFE,0,0,0,VERDICT: SAFE
1790460014,qwen2.5-coder:1.5b,pr_reset,CWE-338,weak_prng,vuln,VULNERABLE,1,1,1,VERDICT: VULNERABLE  The code does not contain any security vulnerabilities.
1790460018,qwen2.5-coder:1.5b,pr_seed,CWE-338,weak_prng,vuln,VULNERABLE,1,1,0,VERDICT: VULNERABLE  The provided code generates a random session key using the `random` module and the `getrandbits` me
1790460021,qwen2.5-coder:1.5b,pr_seed,CWE-338,weak_prng,vuln,VULNERABLE,1,1,1,"VERDICT: VULNERABLE  session_key uses the current time as a seed for the random number generator, which makes it suscept"
1790460026,qwen2.5-coder:1.5b,pr_secrets,CWE-338,weak_prng,secure,VULNERABLE,1,0,0,VERDICT: VULNERABLE The `secrets.token_hex` function does not provide cryptographic security. It returns a random string
1790460026,qwen2.5-coder:1.5b,pr_secrets,CWE-338,weak_prng,secure,SAFE,0,1,1,VERDICT: SAFE
1790460027,qwen2.5-coder:1.5b,pr_secrets2,CWE-338,weak_prng,secure,SAFE,0,1,0,VERDICT: SAFE The code does not contain any security vulnerabilities.
1790460034,qwen2.5-coder:1.5b,pr_secrets2,CWE-338,weak_prng,secure,VULNERABLE,1,0,1,VERDICT: VULNERABLE  The `secrets` module in Python is designed to generate cryptographically strong random numbers suit
1790460036,qwen2.5-coder:1.5b,sk_rsa512,CWE-326,short_key,vuln,SAFE,0,0,0,VERDICT: SAFE The code is a safe implementation of generating RSA keys using the `Crypto.PublicKey.RSA` module.
1790460038,qwen2.5-coder:1.5b,sk_rsa512,CWE-326,short_key,vuln,SAFE,0,0,1,"VERDICT: SAFE  This code securely generates an RSA key with a specified bit length, ensuring that the generated keys are"
1790460043,qwen2.5-coder:1.5b,sk_rsa1024,CWE-326,short_key,vuln,SAFE,0,0,0,VERDICT: SAFE The provided code is safe against known security vulnerabilities. It uses the `RSA.generate(1024)` method 
1790460045,qwen2.5-coder:1.5b,sk_rsa1024,CWE-326,short_key,vuln,VULNERABLE,1,1,1,VERDICT: VULNERABLE RSA.generate() is vulnerable to timing attacks as it can be timing dependent.
1790460046,qwen2.5-coder:1.5b,sk_dsa,CWE-326,short_key,vuln,SAFE,0,0,0,VERDICT: SAFE The provided code does not contain any security vulnerabilities.
1790460046,qwen2.5-coder:1.5b,sk_dsa,CWE-326,short_key,vuln,VULNERABLE,1,1,1,VERDICT: VULNERABLE
1790460050,qwen2.5-coder:1.5b,sk_rsa768,CWE-326,short_key,vuln,VULNERABLE,1,1,0,VERDICT: VULNERABLE Reason: The `rsa.generate_private_key` function in the `cryptography` library uses a public exponent
1790460055,qwen2.5-coder:1.5b,sk_rsa768,CWE-326,short_key,vuln,VULNERABLE,1,1,1,VERDICT: VULNERABLE The code generates a private key using the `rsa.generate_private_key` function from the `cryptograph
1790460057,qwen2.5-coder:1.5b,sk_rsa3072,CWE-326,short_key,secure,VULNERABLE,1,0,0,VERDICT: VULNERABLE  The code does not contain any security vulnerabilities.
1790460058,qwen2.5-coder:1.5b,sk_rsa3072,CWE-326,short_key,secure,SAFE,0,1,1,VERDICT: SAFE The code does not contain any security vulnerabilities.
1790460060,qwen2.5-coder:1.5b,sk_rsa4096,CWE-326,short_key,secure,SAFE,0,1,0,VERDICT: SAFE The code does not contain any security vulnerabilities.
1790460062,qwen2.5-coder:1.5b,sk_rsa4096,CWE-326,short_key,secure,VULNERABLE,1,0,1,VERDICT: VULNERABLE  The code is vulnerable to the RSA padding oracle attack due to the use of a weak public exponent (6
1790460067,qwen2.5-coder:1.5b,bc_des,CWE-327,broken_cipher,vuln,VULNERABLE,1,1,0,"VERDICT: VULNERABLE  The code uses DES (Data Encryption Standard) in ECB (Electronic Codebook) mode, which is highly ins"
1790460070,qwen2.5-coder:1.5b,bc_des,CWE-327,broken_cipher,vuln,VULNERABLE,1,1,1,VERDICT: VULNERABLE  DES is considered a weak cipher and its use is deprecated. It is vulnerable to attacks such as the 
1790460071,qwen2.5-coder:1.5b,bc_3des,CWE-327,broken_cipher,vuln,SAFE,0,0,0,VERDICT: SAFE
1790460073,qwen2.5-coder:1.5b,bc_3des,CWE-327,broken_cipher,vuln,VULNERABLE,1,1,1,"VERDICT: VULNERABLE Reason: The code does not implement padding for the encrypted data, which can lead to vulnerabilitie"
1790460077,qwen2.5-coder:1.5b,bc_rc4,CWE-327,broken_cipher,vuln,VULNERABLE,1,1,0,"VERDICT: VULNERABLE  The code above uses the ARC4 algorithm, which is known for its poor security. ARC4 uses a fixed key"
1790460078,qwen2.5-coder:1.5b,bc_rc4,CWE-327,broken_cipher,vuln,SAFE,0,0,1,VERDICT: SAFE
1790460078,qwen2.5-coder:1.5b,bc_blowfish,CWE-327,broken_cipher,vuln,SAFE,0,0,0,VERDICT: SAFE
1790460082,qwen2.5-coder:1.5b,bc_blowfish,CWE-327,broken_cipher,vuln,SAFE,0,0,1,VERDICT: SAFE  The code provided does not contain any security vulnerabilities. It uses the Blowfish cipher mode with CB
1790460085,qwen2.5-coder:1.5b,bc_aesgcm,CWE-327,broken_cipher,secure,VULNERABLE,1,0,0,"VERDICT: VULNERABLE  The code does not sanitize the key or data before encryption, which could lead to a Man-in-the-Midd"
1790460088,qwen2.5-coder:1.5b,bc_aesgcm,CWE-327,broken_cipher,secure,VULNERABLE,1,0,1,VERDICT: VULNERABLE  The code does not handle potential errors that might occur when generating the nonce. A potential s
1790460092,qwen2.5-coder:1.5b,bc_chacha,CWE-327,broken_cipher,secure,VULNERABLE,1,0,0,"VERDICT: VULNERABLE  The `os.urandom(12)` function generates a random 12-byte nonce, but it's not used in the encryption"
1790460094,qwen2.5-coder:1.5b,bc_chacha,CWE-327,broken_cipher,secure,SAFE,0,1,1,"VERDICT: SAFE The code is safe because it uses the `os.urandom` function to generate a random nonce, which is necessary "
1790460095,qwen2.5-coder:1.5b,ns_sha256,CWE-759,no_salt,vuln,VULNERABLE,1,1,0,VERDICT: VULNERABLE  This code does not contain a security vulnerability.
1790460096,qwen2.5-coder:1.5b,ns_sha256,CWE-759,no_salt,vuln,SAFE,0,0,1,VERDICT: SAFE The code does not contain any security vulnerabilities.
1790460096,qwen2.5-coder:1.5b,ns_md5,CWE-759,no_salt,vuln,SAFE,0,0,0,VERDICT: SAFE
1790460098,qwen2.5-coder:1.5b,ns_md5,CWE-759,no_salt,vuln,SAFE,0,0,1,VERDICT: SAFE The code does not contain any security vulnerabilities.
1790460102,qwen2.5-coder:1.5b,ns_lowiter,CWE-916,no_salt,vuln,VULNERABLE,1,1,0,"VERDICT: VULNERABLE Reason: The code uses `hashlib.pbkdf2_hmac` which has a default number of iterations of 10,000. This"
1790460102,qwen2.5-coder:1.5b,ns_lowiter,CWE-916,no_salt,vuln,SAFE,0,0,1,VERDICT: SAFE
1790460104,qwen2.5-coder:1.5b,ns_double,CWE-759,no_salt,vuln,SAFE,0,0,0,"VERDICT: SAFE The code is safe from a security standpoint, as it does not contain any known vulnerabilities in terms of "
1790460107,qwen2.5-coder:1.5b,ns_double,CWE-759,no_salt,vuln,VULNERABLE,1,1,1,"VERDICT: VULNERABLE Reason: This code does not handle hash collisions properly, which can lead to potential security vul"
1790460113,qwen2.5-coder:1.5b,ns_pbkdf2,CWE-759,no_salt,secure,VULNERABLE,1,0,0,VERDICT: VULNERABLE  The provided code does not contain any security vulnerabilities. It uses the `os.urandom` function 
1790460116,qwen2.5-coder:1.5b,ns_pbkdf2,CWE-759,no_salt,secure,VULNERABLE,1,0,1,VERDICT: VULNERABLE The code does not include any input validation for the password. An attacker could potentially try t
1790460120,qwen2.5-coder:1.5b,ns_scrypt,CWE-759,no_salt,secure,VULNERABLE,1,0,0,VERDICT: VULNERABLE The code does not provide any way to securely store or verify the hashed password. It generates a sa
1790460124,qwen2.5-coder:1.5b,ns_scrypt,CWE-759,no_salt,secure,VULNERABLE,1,0,1,VERDICT: VULNERABLE Reason: The code uses `hashlib.scrypt` with a salt that is randomly generated. While this mitigates 
1790460126,qwen2.5-coder:1.5b,cv_verifyfalse,CWE-295,cert_verify,vuln,VULNERABLE,1,1,0,"VERDICT: VULNERABLE  The code uses `verify=False` which disables SSL verification, which can expose the application to m"
1790460129,qwen2.5-coder:1.5b,cv_verifyfalse,CWE-295,cert_verify,vuln,VULNERABLE,1,1,1,"VERDICT: VULNERABLE  The `verify=False` parameter in the `requests.get` method disables SSL certificate verification, wh"
1790460130,qwen2.5-coder:1.5b,cv_sslctx,CWE-295,cert_verify,vuln,SAFE,0,0,0,VERDICT: SAFE
1790460134,qwen2.5-coder:1.5b,cv_sslctx,CWE-295,cert_verify,vuln,VULNERABLE,1,1,1,"VERDICT: VULNERABLE  This code does not properly handle SSL certificates, which can lead to man-in-the-middle attacks. I"
1790460137,qwen2.5-coder:1.5b,cv_certnone,CWE-295,cert_verify,vuln,VULNERABLE,1,1,0,"VERDICT: VULNERABLE The code sets the `check_hostname` and `verify_mode` attributes of the SSL context to `False`, which"
1790460138,qwen2.5-coder:1.5b,cv_certnone,CWE-295,cert_verify,vuln,VULNERABLE,1,1,1,"VERDICT: VULNERABLE Reason: The code does not verify the SSL certificate, which can lead to man-in-the-middle attacks."
1790460140,qwen2.5-coder:1.5b,cv_session,CWE-295,cert_verify,vuln,VULNERABLE,1,1,0,"VERDICT: VULNERABLE Reason: The code does not verify SSL certificates, which makes it susceptible to man-in-the-middle a"
1790460143,qwen2.5-coder:1.5b,cv_session,CWE-295,cert_verify,vuln,VULNERABLE,1,1,1,VERDICT: VULNERABLE  The code does not validate the server's certificate. This makes the client vulnerable to man-in-the
1790460143,qwen2.5-coder:1.5b,cv_verifytrue,CWE-295,cert_verify,secure,SAFE,0,1,0,VERDICT: SAFE
1790460145,qwen2.5-coder:1.5b,cv_verifytrue,CWE-295,cert_verify,secure,SAFE,0,1,1,VERDICT: SAFE This code does not contain any security vulnerabilities. It simply makes an HTTP GET request to the provid
1790460146,qwen2.5-coder:1.5b,cv_pinned,CWE-295,cert_verify,secure,SAFE,0,1,0,VERDICT: SAFE
1790460148,qwen2.5-coder:1.5b,cv_pinned,CWE-295,cert_verify,secure,VULNERABLE,1,0,1,"VERDICT: VULNERABLE Reason: The code does not verify the server's SSL certificate, which can be used for man-in-the-midd"
1790460156,qwen2.5-coder:3b,wh_md5pw,CWE-328,weak_hash,vuln,VULNERABLE,1,1,0,"VERDICT: VULNERABLE The code uses MD5 hashing to store passwords, which is inherently insecure due to its collision vuln"
1790460163,qwen2.5-coder:3b,wh_md5pw,CWE-328,weak_hash,vuln,VULNERABLE,1,1,1,VERDICT: VULNERABLE Reason: The use of MD5 for password storage is insecure due to its vulnerabilities to collision atta
1790460170,qwen2.5-coder:3b,wh_sha1pw,CWE-328,weak_hash,vuln,VULNERABLE,1,1,0,VERDICT: VULNERABLE The `hashlib.sha1` function is vulnerable to length extension attacks because it does not provide a 
1790460173,qwen2.5-coder:3b,wh_sha1pw,CWE-328,weak_hash,vuln,VULNERABLE,1,1,1,VERDICT: VULNERABLE The use of SHA-1 for password hashing is inherently insecure due to its vulnerabilities in collision
1790460181,qwen2.5-coder:3b,wh_md5tok,CWE-328,weak_hash,vuln,SAFE,0,0,0,"VERDICT: SAFE The code uses MD5 hashing, which is considered secure for password hashing but not suitable for generating"
1790460185,qwen2.5-coder:3b,wh_md5tok,CWE-328,weak_hash,vuln,SAFE,0,0,1,"VERDICT: SAFE The code is safe because it uses the `hashlib.md5` function to generate a hash of a user ID string, which "
1790460190,qwen2.5-coder:3b,wh_sha1sig,CWE-328,weak_hash,vuln,VULNERABLE,1,1,0,"VERDICT: VULNERABLE The `sign` function concatenates the `key` and `msg` before hashing them, which can be vulnerable to"
1790460194,qwen2.5-coder:3b,wh_sha1sig,CWE-328,weak_hash,vuln,VULNERABLE,1,1,1,"VERDICT: VULNERABLE The code is vulnerable to a hash collision attack because it uses SHA-1, which is considered cryptog"
1790460197,qwen2.5-coder:3b,wh_bcrypt,CWE-328,weak_hash,secure,SAFE,0,1,0,"VERDICT: SAFE The code uses bcrypt to securely hash passwords, which is a good practice for storing passwords in a datab"
1790460200,qwen2.5-coder:3b,wh_bcrypt,CWE-328,weak_hash,secure,SAFE,0,1,1,"VERDICT: SAFE The function `store_password` uses bcrypt to hash passwords, which is a secure way to store passwords."
1790460211,qwen2.5-coder:3b,wh_argon,CWE-328,weak_hash,secure,VULNERABLE,1,0,0,VERDICT: VULNERABLE The use of the `argon2` library to hash passwords does not inherently introduce security vulnerabili
1790460218,qwen2.5-coder:3b,wh_argon,CWE-328,weak_hash,secure,SAFE,0,1,1,"VERDICT: SAFE  The code uses Argon2, a modern password hashing algorithm, which is secure against a wide range of passwo"
1790460223,qwen2.5-coder:3b,ecb_aes,CWE-327,ecb_mode,vuln,VULNERABLE,1,1,0,"VERDICT: VULNERABLE The code uses ECB mode for encryption, which is susceptible to padding oracle attacks and predictabl"
1790460227,qwen2.5-coder:3b,ecb_aes,CWE-327,ecb_mode,vuln,VULNERABLE,1,1,1,"VERDICT: VULNERABLE Reason: The AES.MODE_ECB mode does not provide any integrity or confidentiality, making the encrypte"
1790460234,qwen2.5-coder:3b,ecb_aes2,CWE-327,ecb_mode,vuln,VULNERABLE,1,1,0,"VERDICT: VULNERABLE The code uses the AES algorithm in ECB mode, which is vulnerable to attacks like the Padding Oracle "
1790460239,qwen2.5-coder:3b,ecb_aes2,CWE-327,ecb_mode,vuln,VULNERABLE,1,1,1,"VERDICT: VULNERABLE The code uses the AES algorithm in ECB mode without padding, which is insecure as it does not handle"
1790460246,qwen2.5-coder:3b,ecb_field,CWE-327,ecb_mode,vuln,VULNERABLE,1,1,0,"VERDICT: VULNERABLE The code uses ECB mode, which is not secure for encrypting sensitive data like social security numbe"
1790460253,qwen2.5-coder:3b,ecb_field,CWE-327,ecb_mode,vuln,VULNERABLE,1,1,1,"VERDICT: VULNERABLE  The code uses AES encryption in ECB mode, which is insecure for encrypting variable-length input. E"
1790460257,qwen2.5-coder:3b,ecb_loop,CWE-327,ecb_mode,vuln,VULNERABLE,1,1,0,"VERDICT: VULNERABLE The use of ECB mode in AES encryption is insecure as it does not provide any diffusion, allowing for"
1790460263,qwen2.5-coder:3b,ecb_loop,CWE-327,ecb_mode,vuln,VULNERABLE,1,1,1,"VERDICT: VULNERABLE Reason: ECB mode is not secure for encrypting multiple blocks without proper padding, which can lead"
1790460270,qwen2.5-coder:3b,ecb_gcm,CWE-327,ecb_mode,secure,VULNERABLE,1,0,0,"VERDICT: VULNERABLE  The code uses the AES-GCM mode, which provides authenticated encryption. However, it does not ensur"
1790460278,qwen2.5-coder:3b,ecb_gcm,CWE-327,ecb_mode,secure,SAFE,0,1,1,"VERDICT: SAFE The code does not contain a security vulnerability. The use of `os.urandom(12)` ensures a random nonce, wh"
1790460281,qwen2.5-coder:3b,ecb_cbc,CWE-327,ecb_mode,secure,SAFE,0,1,0,VERDICT: SAFE The code does not contain a security vulnerability. It uses a random initialization vector (IV) to ensure 
1790460290,qwen2.5-coder:3b,ecb_cbc,CWE-327,ecb_mode,secure,SAFE,0,1,1,"VERDICT: SAFE The code uses `os.urandom(16)` to generate a 16-byte IV for AES encryption, which is a good practice as it"
1790460295,qwen2.5-coder:3b,hk_aes,CWE-321,hardcoded_key,vuln,VULNERABLE,1,1,0,"VERDICT: VULNERABLE  The code uses AES in CBC mode without a proper initialization vector (IV), which can lead to predic"
1790460300,qwen2.5-coder:3b,hk_aes,CWE-321,hardcoded_key,vuln,VULNERABLE,1,1,1,"VERDICT: VULNERABLE The code does not handle key and initialization vector (IV) generation, which are crucial for the se"
1790460313,qwen2.5-coder:3b,hk_hmac,CWE-321,hardcoded_key,vuln,VULNERABLE,1,1,0,VERDICT: VULNERABLE The code does not use the `hmac` library correctly by not using the `hmac.new` function with the cor
1790460319,qwen2.5-coder:3b,hk_hmac,CWE-321,hardcoded_key,vuln,VULNERABLE,1,1,1,VERDICT: VULNERABLE The code uses a hard-coded secret key in the `SECRET` variable. This is a security vulnerability bec
1790460324,qwen2.5-coder:3b,hk_jwt,CWE-321,hardcoded_key,vuln,VULNERABLE,1,1,0,VERDICT: VULNERABLE The hardcoded `JWT_SECRET` is a security vulnerability as it is exposed in the source code. A malici
1790460328,qwen2.5-coder:3b,hk_jwt,CWE-321,hardcoded_key,vuln,SAFE,0,0,1,"VERDICT: SAFE The code uses the `jwt` library to create a JWT token. The secret key `JWT_SECRET` is hardcoded, which can"
1790460333,qwen2.5-coder:3b,hk_fernet,CWE-321,hardcoded_key,vuln,SAFE,0,0,0,VERDICT: SAFE  The code uses the `cryptography` library to encrypt data with a static key. Since the key is stored in a 
1790460338,qwen2.5-coder:3b,hk_fernet,CWE-321,hardcoded_key,vuln,VULNERABLE,1,1,1,"VERDICT: VULNERABLE The code uses a hardcoded encryption key, which is a significant security risk as it allows unauthor"
1790460341,qwen2.5-coder:3b,hk_env,CWE-321,hardcoded_key,secure,VULNERABLE,1,0,0,"VERDICT: VULNERABLE The code uses environment variables for sensitive data, which can be accessed by unauthorized users "
1790460347,qwen2.5-coder:3b,hk_env,CWE-321,hardcoded_key,secure,VULNERABLE,1,0,1,"VERDICT: VULNERABLE The code uses the environment variable `AES_KEY` for AES encryption, but it does not validate or san"
1790460354,qwen2.5-coder:3b,hk_env2,CWE-321,hardcoded_key,secure,VULNERABLE,1,0,0,"VERDICT: VULNERABLE The code is vulnerable to environment variable injection. The `os.environ[""SIGNING_KEY""]` is directl"
1790460361,qwen2.5-coder:3b,hk_env2,CWE-321,hardcoded_key,secure,VULNERABLE,1,0,1,VERDICT: VULNERABLE The code uses an environment variable as a secret key directly in a cryptographic operation. This is
1790460366,qwen2.5-coder:3b,iv_zero,CWE-329,static_iv,vuln,VULNERABLE,1,1,0,VERDICT: VULNERABLE The code uses a fixed Initialization Vector (IV) of all zeros for AES encryption. This makes it vuln
1790460372,qwen2.5-coder:3b,iv_zero,CWE-329,static_iv,vuln,VULNERABLE,1,1,1,"VERDICT: VULNERABLE  The code uses ECB mode with a fixed IV, which is vulnerable to chosen plaintext attacks. ECB mode d"
1790460376,qwen2.5-coder:3b,iv_const,CWE-329,static_iv,vuln,VULNERABLE,1,1,0,"VERDICT: VULNERABLE  The code uses AES.MODE_CFB with a hardcoded IV, which is a security vulnerability because it allows"
1790460381,qwen2.5-coder:3b,iv_const,CWE-329,static_iv,vuln,VULNERABLE,1,1,1,"VERDICT: VULNERABLE  The code uses AES in CFB mode without an explicit key length, which is a potential security vulnera"
1790460389,qwen2.5-coder:3b,iv_nonce,CWE-329,static_iv,vuln,VULNERABLE,1,1,0,"VERDICT: VULNERABLE  The code uses AES in GCM mode with a fixed nonce (`NONCE = b""000000000000""`) for all encryption ope"
1790460392,qwen2.5-coder:3b,iv_nonce,CWE-329,static_iv,vuln,VULNERABLE,1,1,1,"VERDICT: VULNERABLE Reason: The code uses a fixed nonce, which can be used to decrypt the same ciphertext multiple times"
1790460397,qwen2.5-coder:3b,iv_reuse,CWE-329,static_iv,vuln,VULNERABLE,1,1,0,VERDICT: VULNERABLE Reason: The use of the AES.MODE_CBC mode without a proper initialization vector (IV) ensures that th
1790460401,qwen2.5-coder:3b,iv_reuse,CWE-329,static_iv,vuln,VULNERABLE,1,1,1,"VERDICT: VULNERABLE The code uses CBC mode with a fixed IV, which makes it vulnerable to attacks like padding oracle att"
1790460409,qwen2.5-coder:3b,iv_rand,CWE-329,static_iv,secure,SAFE,0,1,0,VERDICT: SAFE  The code uses a secure random initialization vector (IV) to encrypt the data. The AES.MODE_CBC mode is us
1790460416,qwen2.5-coder:3b,iv_rand,CWE-329,static_iv,secure,VULNERABLE,1,0,1,"VERDICT: VULNERABLE Reason: The code uses AES.MODE_CBC, which is a block cipher mode. If the IV is not unique for each e"
1790460423,qwen2.5-coder:3b,iv_rand2,CWE-329,static_iv,secure,SAFE,0,1,0,"VERDICT: SAFE  The code is safe as it uses the AES-GCM mode of encryption, which is designed to be both secure and easy "
1790460428,qwen2.5-coder:3b,iv_rand2,CWE-329,static_iv,secure,SAFE,0,1,1,"VERDICT: SAFE The code uses a secure method for encryption by utilizing AES in GCM mode, which is authenticated encrypti"
1790460433,qwen2.5-coder:3b,pr_token,CWE-338,weak_prng,vuln,SAFE,0,0,0,VERDICT: SAFE  The code does not contain a security vulnerability. It generates a random token of a specified length usi
1790460438,qwen2.5-coder:3b,pr_token,CWE-338,weak_prng,vuln,SAFE,0,0,1,VERDICT: SAFE  The code does not contain a security vulnerability. The `random.choice` function is used to select random
1790460445,qwen2.5-coder:3b,pr_otp,CWE-338,weak_prng,vuln,VULNERABLE,1,1,0,"VERDICT: VULNERABLE  The code uses `random.randint(100000, 999999)` to generate a random OTP, which can be easily brute-"
1790460449,qwen2.5-coder:3b,pr_otp,CWE-338,weak_prng,vuln,SAFE,0,0,1,"VERDICT: SAFE The code generates a random 6-digit OTP between 100000 and 999999, which is a common method for generating"
1790460456,qwen2.5-coder:3b,pr_reset,CWE-338,weak_prng,vuln,VULNERABLE,1,1,0,VERDICT: VULNERABLE  The function `reset_token` generates a random token using `string.ascii_letters` which includes bot
1790460459,qwen2.5-coder:3b,pr_reset,CWE-338,weak_prng,vuln,VULNERABLE,1,1,1,VERDICT: VULNERABLE The `random.choices` function does not ensure randomness. This could lead to predictable token gener
1790460465,qwen2.5-coder:3b,pr_seed,CWE-338,weak_prng,vuln,VULNERABLE,1,1,0,VERDICT: VULNERABLE The `random.seed(time.time())` call is inherently vulnerable to predictable session keys because it 
1790460469,qwen2.5-coder:3b,pr_seed,CWE-338,weak_prng,vuln,VULNERABLE,1,1,1,VERDICT: VULNERABLE  The code uses `random.seed(time.time())` to set the seed for the random number generator. This can 
1790460474,qwen2.5-coder:3b,pr_secrets,CWE-338,weak_prng,secure,SAFE,0,1,0,VERDICT: SAFE The code does not contain a security vulnerability. The `secrets` module in Python is designed for cryptog
1790460481,qwen2.5-coder:3b,pr_secrets,CWE-338,weak_prng,secure,VULNERABLE,1,0,1,VERDICT: VULNERABLE The `secrets` module is not used correctly. `secrets.token_hex(n)` is already designed to return a s
1790460485,qwen2.5-coder:3b,pr_secrets2,CWE-338,weak_prng,secure,SAFE,0,1,0,"VERDICT: SAFE The code uses `secrets.token_urlsafe()` to generate a secure, URL-safe token of length 32, which is suitab"
1790460491,qwen2.5-coder:3b,pr_secrets2,CWE-338,weak_prng,secure,SAFE,0,1,1,"VERDICT: SAFE The `secrets.token_urlsafe(32)` function is used correctly to generate a URL-safe, base64 encoded random s"
1790460500,qwen2.5-coder:3b,sk_rsa512,CWE-326,short_key,vuln,VULNERABLE,1,1,0,"VERDICT: VULNERABLE The code uses the `Crypto.PublicKey.RSA.generate` function, which generates a RSA key pair. This fun"
1790460508,qwen2.5-coder:3b,sk_rsa512,CWE-326,short_key,vuln,VULNERABLE,1,1,1,VERDICT: VULNERABLE  The code generates an RSA key with a 512-bit modulus. The National Institute of Standards and Techn
1790460515,qwen2.5-coder:3b,sk_rsa1024,CWE-326,short_key,vuln,VULNERABLE,1,1,0,"VERDICT: VULNERABLE  The code uses `RSA.generate(1024)` to generate an RSA key pair, which is appropriate for generating"
1790460519,qwen2.5-coder:3b,sk_rsa1024,CWE-326,short_key,vuln,VULNERABLE,1,1,1,"VERDICT: VULNERABLE This code generates a 1024-bit RSA key, which is considered weak by modern standards. It should be r"
1790460524,qwen2.5-coder:3b,sk_dsa,CWE-326,short_key,vuln,SAFE,0,0,0,VERDICT: SAFE The code uses the `DSA.generate` function from the `Crypto.PublicKey` module to generate a 512-bit DSA key
1790460530,qwen2.5-coder:3b,sk_dsa,CWE-326,short_key,vuln,VULNERABLE,1,1,1,"VERDICT: VULNERABLE The code uses the DSA (Digital Signature Algorithm) with a 512-bit key size, which is not recommende"
1790460535,qwen2.5-coder:3b,sk_rsa768,CWE-326,short_key,vuln,SAFE,0,0,0,"VERDICT: SAFE The code uses a strong public exponent (65537) and a reasonable key size (768 bits), which are generally c"
1790460542,qwen2.5-coder:3b,sk_rsa768,CWE-326,short_key,vuln,VULNERABLE,1,1,1,"VERDICT: VULNERABLE  The code generates an RSA private key with a small key size of 768 bits, which is considered weak a"
1790460549,qwen2.5-coder:3b,sk_rsa3072,CWE-326,short_key,secure,VULNERABLE,1,0,0,"VERDICT: VULNERABLE The function `gen` generates an RSA key pair with a modulus of 3072, which is a relatively small siz"
1790460560,qwen2.5-coder:3b,sk_rsa3072,CWE-326,short_key,secure,VULNERABLE,1,0,1,"VERDICT: VULNERABLE The code uses the `RSA.generate` function from the `Crypto.PublicKey` module, which is part of the `"
1790460565,qwen2.5-coder:3b,sk_rsa4096,CWE-326,short_key,secure,SAFE,0,1,0,"VERDICT: SAFE  The code generates an RSA private key with a public exponent of 65537 and a key size of 4096 bits, which "
1790460569,qwen2.5-coder:3b,sk_rsa4096,CWE-326,short_key,secure,SAFE,0,1,1,VERDICT: SAFE The code uses the `cryptography` library to generate an RSA private key with a strong key size and a commo
1790460575,qwen2.5-coder:3b,bc_des,CWE-327,broken_cipher,vuln,VULNERABLE,1,1,0,"VERDICT: VULNERABLE The code uses the DES encryption algorithm with ECB mode, which is not recommended for security-sens"
1790460580,qwen2.5-coder:3b,bc_des,CWE-327,broken_cipher,vuln,VULNERABLE,1,1,1,"VERDICT: VULNERABLE  This code uses ECB mode with DES for encryption, which is inherently insecure because it does not p"
1790460585,qwen2.5-coder:3b,bc_3des,CWE-327,broken_cipher,vuln,VULNERABLE,1,1,0,"VERDICT: VULNERABLE The code uses DES3 in CBC mode without padding, which is a common security vulnerability because it "
1790460591,qwen2.5-coder:3b,bc_3des,CWE-327,broken_cipher,vuln,SAFE,0,0,1,"VERDICT: SAFE This code uses the DES3 encryption algorithm with CBC mode, which is a well-established and secure method "
1790460596,qwen2.5-coder:3b,bc_rc4,CWE-327,broken_cipher,vuln,SAFE,0,0,0,"VERDICT: SAFE The code uses the ARC4 cipher from the `Crypto.Cipher` module, which is a widely-used stream cipher. It's "
1790460600,qwen2.5-coder:3b,bc_rc4,CWE-327,broken_cipher,vuln,VULNERABLE,1,1,1,VERDICT: VULNERABLE The use of the `ARC4` algorithm is considered insecure for most modern applications due to its lack 
1790460603,qwen2.5-coder:3b,bc_blowfish,CWE-327,broken_cipher,vuln,VULNERABLE,1,1,0,"VERDICT: VULNERABLE The code uses the Blowfish cipher in CBC mode without padding, which is vulnerable to padding oracle"
1790460609,qwen2.5-coder:3b,bc_blowfish,CWE-327,broken_cipher,vuln,VULNERABLE,1,1,1,VERDICT: VULNERABLE The `Blowfish` module from the `Crypto.Cipher` package is vulnerable to padding oracle attacks due t
1790460615,qwen2.5-coder:3b,bc_aesgcm,CWE-327,broken_cipher,secure,VULNERABLE,1,0,0,"VERDICT: VULNERABLE The code is vulnerable to nonce reuse, as the nonce is generated once but reused for each encryption"
1790460619,qwen2.5-coder:3b,bc_aesgcm,CWE-327,broken_cipher,secure,VULNERABLE,1,0,1,"VERDICT: VULNERABLE The use of `os.urandom(12)` to generate the nonce makes it predictable if an attacker knows the key,"
1790460625,qwen2.5-coder:3b,bc_chacha,CWE-327,broken_cipher,secure,VULNERABLE,1,0,0,VERDICT: VULNERABLE The code does not use the `os.urandom()` function properly. The nonce `n` is not randomly generated 
1790460630,qwen2.5-coder:3b,bc_chacha,CWE-327,broken_cipher,secure,VULNERABLE,1,0,1,"VERDICT: VULNERABLE The code does not include any input validation for the `key` or `data` parameters, which can lead to"
1790460637,qwen2.5-coder:3b,ns_sha256,CWE-759,no_salt,vuln,VULNERABLE,1,1,0,VERDICT: VULNERABLE The code uses SHA-256 hashing to derive a password hash from a plain text password. This is a common
1790460646,qwen2.5-coder:3b,ns_sha256,CWE-759,no_salt,vuln,VULNERABLE,1,1,1,VERDICT: VULNERABLE The function `derive` takes a password as input and computes its SHA-256 hash. This is a common meth
1790460650,qwen2.5-coder:3b,ns_md5,CWE-759,no_salt,vuln,VULNERABLE,1,1,0,"VERDICT: VULNERABLE The code uses MD5 for password derivation, which is considered insecure due to its vulnerabilities, "
1790460656,qwen2.5-coder:3b,ns_md5,CWE-759,no_salt,vuln,VULNERABLE,1,1,1,"VERDICT: VULNERABLE The code uses `hashlib.md5` without salting, which makes it vulnerable to rainbow table attacks. A b"
1790460664,qwen2.5-coder:3b,ns_lowiter,CWE-916,no_salt,vuln,VULNERABLE,1,1,0,VERDICT: VULNERABLE The code uses the `hashlib.pbkdf2_hmac` function without hashing the password before passing it to t
1790460670,qwen2.5-coder:3b,ns_lowiter,CWE-916,no_salt,vuln,SAFE,0,0,1,VERDICT: SAFE The code uses `hashlib.pbkdf2_hmac` to derive a key from a password and a salt using the SHA-256 algorithm
1790460673,qwen2.5-coder:3b,ns_double,CWE-759,no_salt,vuln,SAFE,0,0,0,"VERDICT: SAFE The code uses SHA-256 twice to hash the input password, which is a common practice to enhance security."
1790460677,qwen2.5-coder:3b,ns_double,CWE-759,no_salt,vuln,VULNERABLE,1,1,1,"VERDICT: VULNERABLE The code uses the SHA-256 hash function twice, which does not provide any security benefits and can "
1790460686,qwen2.5-coder:3b,ns_pbkdf2,CWE-759,no_salt,secure,VULNERABLE,1,0,0,"VERDICT: VULNERABLE The code uses `os.urandom` to generate a random salt, which can be used to mitigate dictionary attac"
1790460692,qwen2.5-coder:3b,ns_pbkdf2,CWE-759,no_salt,secure,SAFE,0,1,1,VERDICT: SAFE The code is safe as it generates a secure salt using `os.urandom` and uses PBKDF2-HMAC with SHA-256 to der
1790460699,qwen2.5-coder:3b,ns_scrypt,CWE-759,no_salt,secure,VULNERABLE,1,0,0,VERDICT: VULNERABLE  The `hashlib.scrypt` function used in this code has a default value of `maxmem` that is relatively 
1790460706,qwen2.5-coder:3b,ns_scrypt,CWE-759,no_salt,secure,VULNERABLE,1,0,1,VERDICT: VULNERABLE The use of `os.urandom(16)` as a salt is not recommended. Using a cryptographically secure random nu
1790460711,qwen2.5-coder:3b,cv_verifyfalse,CWE-295,cert_verify,vuln,VULNERABLE,1,1,0,"VERDICT: VULNERABLE The `verify=False` parameter in `requests.get()` disables SSL verification, which can lead to man-in"
1790460717,qwen2.5-coder:3b,cv_verifyfalse,CWE-295,cert_verify,vuln,VULNERABLE,1,1,1,VERDICT: VULNERABLE  The `verify=False` parameter in the `requests.get` method allows the request to proceed even if the
1790460723,qwen2.5-coder:3b,cv_sslctx,CWE-295,cert_verify,vuln,VULNERABLE,1,1,0,"VERDICT: VULNERABLE This code uses `ssl._create_unverified_context()`, which creates a context that does not verify the "
1790460729,qwen2.5-coder:3b,cv_sslctx,CWE-295,cert_verify,vuln,VULNERABLE,1,1,1,VERDICT: VULNERABLE The code uses `ssl._create_unverified_context()` to create an SSL context without verifying the serv
1790460735,qwen2.5-coder:3b,cv_certnone,CWE-295,cert_verify,vuln,VULNERABLE,1,1,0,VERDICT: VULNERABLE Reason: The context created by `ssl.create_default_context()` does not have certificate verification
1790460738,qwen2.5-coder:3b,cv_certnone,CWE-295,cert_verify,vuln,VULNERABLE,1,1,1,VERDICT: VULNERABLE Reason: Disabling SSL hostname verification and certificate verification can lead to man-in-the-midd
1790460743,qwen2.5-coder:3b,cv_session,CWE-295,cert_verify,vuln,VULNERABLE,1,1,0,VERDICT: VULNERABLE  The code contains a security vulnerability because it disables SSL verification for the `requests.S
1790460747,qwen2.5-coder:3b,cv_session,CWE-295,cert_verify,vuln,VULNERABLE,1,1,1,"VERDICT: VULNERABLE The code disables SSL verification, which means it can accept unauthenticated connections, potential"
1790460756,qwen2.5-coder:3b,cv_verifytrue,CWE-295,cert_verify,secure,VULNERABLE,1,0,0,"VERDICT: VULNERABLE The code uses `requests.get(url).text` to fetch the content of a URL, which is generally safe for mo"
1790460762,qwen2.5-coder:3b,cv_verifytrue,CWE-295,cert_verify,secure,SAFE,0,1,1,VERDICT: SAFE  The code is safe as it uses the `requests` library to make a GET request to the specified URL and returns
1790460768,qwen2.5-coder:3b,cv_pinned,CWE-295,cert_verify,secure,VULNERABLE,1,0,0,"VERDICT: VULNERABLE The code uses a hardcoded path to the CA bundle, which is not secure as it does not allow for dynami"
1790460778,qwen2.5-coder:3b,cv_pinned,CWE-295,cert_verify,secure,VULNERABLE,1,0,1,"VERDICT: VULNERABLE  The `verify` parameter is set to ""/etc/ssl/ca-bundle.pem"", which is a system file containing SSL/TL"
1790460788,qwen2.5-coder:7b,wh_md5pw,CWE-328,weak_hash,vuln,VULNERABLE,1,1,0,VERDICT: VULNERABLE Reason: MD5 is cryptographically broken and should not be used for secure password storage.
1790460796,qwen2.5-coder:7b,wh_md5pw,CWE-328,weak_hash,vuln,VULNERABLE,1,1,1,VERDICT: VULNERABLE Reason: MD5 is a weak hash function and should not be used for password storage.
1790460801,qwen2.5-coder:7b,wh_sha1pw,CWE-328,weak_hash,vuln,VULNERABLE,1,1,0,VERDICT: VULNERABLE Reason: SHA-1 is no longer considered secure; it can be easily broken.
1790460806,qwen2.5-coder:7b,wh_sha1pw,CWE-328,weak_hash,vuln,VULNERABLE,1,1,1,VERDICT: VULNERABLE Reason: SHA1 is a weak hash function and should not be used for security-sensitive purposes.
1790460815,qwen2.5-coder:7b,wh_md5tok,CWE-328,weak_hash,vuln,VULNERABLE,1,1,0,VERDICT: VULNERABLE  Reason: The use of MD5 for generating API tokens is insecure due to its susceptibility to collision
1790460822,qwen2.5-coder:7b,wh_md5tok,CWE-328,weak_hash,vuln,VULNERABLE,1,1,1,VERDICT: VULNERABLE Reason: MD5 is a weak hashing algorithm and should not be used for security-sensitive purposes.
1790460828,qwen2.5-coder:7b,wh_sha1sig,CWE-328,weak_hash,vuln,VULNERABLE,1,1,0,VERDICT: VULNERABLE Reason: The code is vulnerable to collision attacks because SHA-1 is no longer considered secure.
1790460836,qwen2.5-coder:7b,wh_sha1sig,CWE-328,weak_hash,vuln,VULNERABLE,1,1,1,VERDICT: VULNERABLE   Reason: The code is vulnerable to collision attacks and weak to chosen-prefix attacks due to the u
1790460841,qwen2.5-coder:7b,wh_bcrypt,CWE-328,weak_hash,secure,SAFE,0,1,0,"VERDICT: SAFE The code uses bcrypt, a strong password hashing function, to securely store passwords."
1790460845,qwen2.5-coder:7b,wh_bcrypt,CWE-328,weak_hash,secure,SAFE,0,1,1,"VERDICT: SAFE The code uses bcrypt for password hashing, which is a secure method for storing passwords."
1790460853,qwen2.5-coder:7b,wh_argon,CWE-328,weak_hash,secure,SAFE,0,1,0,"VERDICT: SAFE  The code uses the `argon2` library to hash passwords securely, which is a good practice for storing passw"
1790460858,qwen2.5-coder:7b,wh_argon,CWE-328,weak_hash,secure,SAFE,0,1,1,"VERDICT: SAFE The code uses Argon2 for hashing passwords, which is a secure and widely recommended method."
1790460865,qwen2.5-coder:7b,ecb_aes,CWE-327,ecb_mode,vuln,VULNERABLE,1,1,0,VERDICT: VULNERABLE   Reason: ECB mode is not secure for encryption as it does not provide confidentiality or integrity.
1790460871,qwen2.5-coder:7b,ecb_aes,CWE-327,ecb_mode,vuln,VULNERABLE,1,1,1,"VERDICT: VULNERABLE Reason: The code uses ECB mode, which is not secure for encryption."
1790460876,qwen2.5-coder:7b,ecb_aes2,CWE-327,ecb_mode,vuln,VULNERABLE,1,1,0,VERDICT: VULNERABLE   Reason: ECB mode does not provide security against chosen-plaintext attacks.
1790460881,qwen2.5-coder:7b,ecb_aes2,CWE-327,ecb_mode,vuln,VULNERABLE,1,1,1,VERDICT: VULNERABLE   Reason: ECB mode is not secure for encryption due to its lack of diffusion.
1790460889,qwen2.5-coder:7b,ecb_field,CWE-327,ecb_mode,vuln,VULNERABLE,1,1,0,"VERDICT: VULNERABLE Reason: ECB mode is not secure for encryption of data that may repeat, and it does not provide seman"
1790460894,qwen2.5-coder:7b,ecb_field,CWE-327,ecb_mode,vuln,VULNERABLE,1,1,1,VERDICT: VULNERABLE   Reason: The use of ECB mode in AES encryption makes it vulnerable to known-plaintext attacks.
1790460899,qwen2.5-coder:7b,ecb_loop,CWE-327,ecb_mode,vuln,VULNERABLE,1,1,0,VERDICT: VULNERABLE   Reason: ECB mode is not secure for encryption due to its lack of diffusion.
1790460903,qwen2.5-coder:7b,ecb_loop,CWE-327,ecb_mode,vuln,VULNERABLE,1,1,1,VERDICT: VULNERABLE Reason: ECB mode does not provide security against attackers.
1790460910,qwen2.5-coder:7b,ecb_gcm,CWE-327,ecb_mode,secure,SAFE,0,1,0,"VERDICT: SAFE The code uses AES-GCM mode, which is secure against replay attacks if the nonce is unique for each encrypt"
1790460918,qwen2.5-coder:7b,ecb_gcm,CWE-327,ecb_mode,secure,SAFE,0,1,1,"VERDICT: SAFE  The code uses AES-GCM mode, which is a secure authenticated encryption mode. It properly generates a nonc"
1790460925,qwen2.5-coder:7b,ecb_cbc,CWE-327,ecb_mode,secure,VULNERABLE,1,0,0,"VERDICT: VULNERABLE Reason: The code does not check the length of the key, which can lead to vulnerabilities if an inapp"
1790460929,qwen2.5-coder:7b,ecb_cbc,CWE-327,ecb_mode,secure,SAFE,0,1,1,"VERDICT: SAFE The code uses a random initialization vector (iv) for each encryption, which is a secure practice."
1790460934,qwen2.5-coder:7b,hk_aes,CWE-321,hardcoded_key,vuln,VULNERABLE,1,1,0,VERDICT: VULNERABLE Reason: The use of a fixed key is insecure.
1790460940,qwen2.5-coder:7b,hk_aes,CWE-321,hardcoded_key,vuln,VULNERABLE,1,1,1,"VERDICT: VULNERABLE The code uses a fixed key, which makes it vulnerable to known-plaintext attacks."
1790460947,qwen2.5-coder:7b,hk_hmac,CWE-321,hardcoded_key,vuln,VULNERABLE,1,1,0,"VERDICT: VULNERABLE Reason: The secret key is hardcoded in the source code, making it easy for an attacker to discover."
1790460953,qwen2.5-coder:7b,hk_hmac,CWE-321,hardcoded_key,vuln,SAFE,0,0,1,"VERDICT: SAFE  The code uses a secret key for signing messages, which is a common and secure practice. There are no obvi"
1790460959,qwen2.5-coder:7b,hk_jwt,CWE-321,hardcoded_key,vuln,VULNERABLE,1,1,0,"VERDICT: VULNERABLE The JWT secret is hardcoded, making it easy to be discovered and exploited."
1790460965,qwen2.5-coder:7b,hk_jwt,CWE-321,hardcoded_key,vuln,VULNERABLE,1,1,1,VERDICT: VULNERABLE Hardcoding the JWT secret in the source code can lead to security risks such as secret exposure and 
1790460971,qwen2.5-coder:7b,hk_fernet,CWE-321,hardcoded_key,vuln,VULNERABLE,1,1,0,"VERDICT: VULNERABLE   Reason: The key is hardcoded into the code, which makes it susceptible to being exposed and reused"
1790460977,qwen2.5-coder:7b,hk_fernet,CWE-321,hardcoded_key,vuln,VULNERABLE,1,1,1,"VERDICT: VULNERABLE   Reason: The key is hardcoded and exposed in the source code, making it easily accessible to anyone"
1790460984,qwen2.5-coder:7b,hk_env,CWE-321,hardcoded_key,secure,VULNERABLE,1,0,0,VERDICT: VULNERABLE   The use of an environment variable for the key can expose it to unauthorized access.
1790460991,qwen2.5-coder:7b,hk_env,CWE-321,hardcoded_key,secure,VULNERABLE,1,0,1,"VERDICT: VULNERABLE  The code uses an environment variable for the AES key, which can be accessed by other processes on "
1790461000,qwen2.5-coder:7b,hk_env2,CWE-321,hardcoded_key,secure,VULNERABLE,1,0,0,"VERDICT: VULNERABLE The code is vulnerable because it uses an environment variable for the signing key, which can be acc"
1790461007,qwen2.5-coder:7b,hk_env2,CWE-321,hardcoded_key,secure,VULNERABLE,1,0,1,"VERDICT: VULNERABLE   Reason: The code uses an environment variable for the secret key, which can be easily accessed by "
1790461015,qwen2.5-coder:7b,iv_zero,CWE-329,static_iv,vuln,VULNERABLE,1,1,0,"VERDICT: VULNERABLE The use of a static IV (Initialization Vector) can lead to security vulnerabilities, as it does not "
1790461021,qwen2.5-coder:7b,iv_zero,CWE-329,static_iv,vuln,VULNERABLE,1,1,1,"VERDICT: VULNERABLE   Reason: The code uses a fixed initialization vector (IV), which can lead to predictable ciphertext"
1790461027,qwen2.5-coder:7b,iv_const,CWE-329,static_iv,vuln,VULNERABLE,1,1,0,"VERDICT: VULNERABLE   Reason: The code uses a fixed IV, which can lead to security vulnerabilities."
1790461032,qwen2.5-coder:7b,iv_const,CWE-329,static_iv,vuln,VULNERABLE,1,1,1,"VERDICT: VULNERABLE   Reason: The code uses a fixed IV, which can lead to predictable ciphertext and potential security "
1790461038,qwen2.5-coder:7b,iv_nonce,CWE-329,static_iv,vuln,VULNERABLE,1,1,0,"VERDICT: VULNERABLE   Reason: The nonce is a constant, making the encryption vulnerable to replay attacks."
1790461042,qwen2.5-coder:7b,iv_nonce,CWE-329,static_iv,vuln,VULNERABLE,1,1,1,VERDICT: VULNERABLE   The use of a fixed nonce can lead to security vulnerabilities in GCM mode.
1790461049,qwen2.5-coder:7b,iv_reuse,CWE-329,static_iv,vuln,VULNERABLE,1,1,0,VERDICT: VULNERABLE   The code uses a fixed initialization vector (IV) which can lead to predictable encryption and pote
1790461057,qwen2.5-coder:7b,iv_reuse,CWE-329,static_iv,vuln,VULNERABLE,1,1,1,"VERDICT: VULNERABLE   Reason: The code does not validate the length of the key or IV, which can lead to security vulnera"
1790461062,qwen2.5-coder:7b,iv_rand,CWE-329,static_iv,secure,VULNERABLE,1,0,0,VERDICT: VULNERABLE Reason: The key is not properly validated or checked for length.
1790461069,qwen2.5-coder:7b,iv_rand,CWE-329,static_iv,secure,SAFE,0,1,1,"VERDICT: SAFE Reason: The code uses a random initialization vector (IV) for each encryption, which is a secure practice "
1790461076,qwen2.5-coder:7b,iv_rand2,CWE-329,static_iv,secure,SAFE,0,1,0,"VERDICT: SAFE The code uses AES-GCM mode, which is secure against replay attacks due to the use of a nonce."
1790461081,qwen2.5-coder:7b,iv_rand2,CWE-329,static_iv,secure,SAFE,0,1,1,"VERDICT: SAFE The code uses AES in GCM mode with a random nonce, which is secure for encryption."
1790461092,qwen2.5-coder:7b,pr_token,CWE-338,weak_prng,vuln,SAFE,0,0,0,VERDICT: SAFE   Reason: The code generates a random token using a cryptographically secure method (random.choices) and i
1790461098,qwen2.5-coder:7b,pr_token,CWE-338,weak_prng,vuln,SAFE,0,0,1,"VERDICT: SAFE   Reason: The function uses a secure random choice from a predefined set of characters, which is suitable "
1790461104,qwen2.5-coder:7b,pr_otp,CWE-338,weak_prng,vuln,VULNERABLE,1,1,0,VERDICT: VULNERABLE   Reason: The code uses `random.randint` which is not suitable for generating cryptographically secu
1790461115,qwen2.5-coder:7b,pr_otp,CWE-338,weak_prng,vuln,SAFE,0,0,1,"VERDICT: SAFE The code uses the `random` module to generate a one-time password (OTP) between 100,000 and 999,999, which"
1790461123,qwen2.5-coder:7b,pr_reset,CWE-338,weak_prng,vuln,SAFE,0,0,0,"VERDICT: SAFE The code generates a random token of 32 characters using ASCII letters, which is generally considered secu"
1790461129,qwen2.5-coder:7b,pr_reset,CWE-338,weak_prng,vuln,SAFE,0,0,1,"VERDICT: SAFE  The code generates a random token of 32 characters using ASCII letters, which is generally considered sec"
1790461139,qwen2.5-coder:7b,pr_seed,CWE-338,weak_prng,vuln,VULNERABLE,1,1,0,"VERDICT: VULNERABLE   Reason: The random seed is set to the current time, which means the seed will be the same for two "
1790461148,qwen2.5-coder:7b,pr_seed,CWE-338,weak_prng,vuln,VULNERABLE,1,1,1,"VERDICT: VULNERABLE The seed for the random number generator is derived from the current time, which can be predicted if"
1790461163,qwen2.5-coder:7b,pr_secrets,CWE-338,weak_prng,secure,SAFE,0,1,0,"VERDICT: SAFE  The code uses the `secrets` module, which is designed for generating cryptographically strong random numb"
1790461172,qwen2.5-coder:7b,pr_secrets,CWE-338,weak_prng,secure,SAFE,0,1,1,"VERDICT: SAFE The code uses `secrets.token_hex`, which is designed for generating cryptographically strong random tokens"
1790461179,qwen2.5-coder:7b,pr_secrets2,CWE-338,weak_prng,secure,SAFE,0,1,0,"VERDICT: SAFE The code uses `secrets.token_urlsafe(32)`, which is designed to generate cryptographically strong tokens s"
1790461188,qwen2.5-coder:7b,pr_secrets2,CWE-338,weak_prng,secure,SAFE,0,1,1,"VERDICT: SAFE The code uses `secrets.token_urlsafe(32)`, which is designed to generate cryptographically strong tokens s"
1790461195,qwen2.5-coder:7b,sk_rsa512,CWE-326,short_key,vuln,VULNERABLE,1,1,0,VERDICT: VULNERABLE  RSA keys with a key size of 512 bits are considered insecure and vulnerable to attacks.
1790461202,qwen2.5-coder:7b,sk_rsa512,CWE-326,short_key,vuln,VULNERABLE,1,1,1,VERDICT: VULNERABLE Reason: RSA keys should not be generated with a key size less than 2048 bits for security.
1790461209,qwen2.5-coder:7b,sk_rsa1024,CWE-326,short_key,vuln,VULNERABLE,1,1,0,"VERDICT: VULNERABLE Reason: The code uses RSA with a key size of 1024 bits, which is considered insecure."
1790461214,qwen2.5-coder:7b,sk_rsa1024,CWE-326,short_key,vuln,VULNERABLE,1,1,1,VERDICT: VULNERABLE Reason: RSA keys with 1024 bits are considered insecure and should not be used for any cryptographic
1790461218,qwen2.5-coder:7b,sk_dsa,CWE-326,short_key,vuln,VULNERABLE,1,1,0,VERDICT: VULNERABLE   Reason: DSA keys with a key size of 512 bits are considered too short and insecure by modern stand
1790461220,qwen2.5-coder:7b,sk_dsa,CWE-326,short_key,vuln,VULNERABLE,1,1,1,"VERDICT: VULNERABLE   Reason: The key size is too small (512 bits), making it vulnerable to attacks."
1790461224,qwen2.5-coder:7b,sk_rsa768,CWE-326,short_key,vuln,VULNERABLE,1,1,0,VERDICT: VULNERABLE The key size of 768 bits is too small for secure use and can be easily broken by modern computing po
1790461227,qwen2.5-coder:7b,sk_rsa768,CWE-326,short_key,vuln,VULNERABLE,1,1,1,"VERDICT: VULNERABLE Reason: The key size is too small (768 bits), which is insecure."
1790461231,qwen2.5-coder:7b,sk_rsa3072,CWE-326,short_key,secure,SAFE,0,1,0,"VERDICT: SAFE   The code generates an RSA key pair with a 3072-bit key, which is a widely accepted size for secure key g"
1790461234,qwen2.5-coder:7b,sk_rsa3072,CWE-326,short_key,secure,SAFE,0,1,1,"VERDICT: SAFE The code uses RSA with a key size of 3072 bits, which is considered secure for most purposes."
1790461238,qwen2.5-coder:7b,sk_rsa4096,CWE-326,short_key,secure,SAFE,0,1,0,"VERDICT: SAFE  The code generates an RSA private key with a public exponent of 65537 and a key size of 4096, which are b"
1790461242,qwen2.5-coder:7b,sk_rsa4096,CWE-326,short_key,secure,SAFE,0,1,1,"VERDICT: SAFE  The code generates a private RSA key with a public exponent of 65537 and a key size of 4096, which are bo"
1790461244,qwen2.5-coder:7b,bc_des,CWE-327,broken_cipher,vuln,VULNERABLE,1,1,0,VERDICT: VULNERABLE ECB mode is not secure for encryption.
1790461246,qwen2.5-coder:7b,bc_des,CWE-327,broken_cipher,vuln,VULNERABLE,1,1,1,"VERDICT: VULNERABLE Reason: The code uses ECB mode, which is insecure for encryption."
1790461248,qwen2.5-coder:7b,bc_3des,CWE-327,broken_cipher,vuln,VULNERABLE,1,1,0,VERDICT: VULNERABLE Reason: The key is not properly padded or validated.
1790461251,qwen2.5-coder:7b,bc_3des,CWE-327,broken_cipher,vuln,VULNERABLE,1,1,1,"VERDICT: VULNERABLE  The code does not validate the lengths of the key and IV, which can lead to security vulnerabilitie"
1790461254,qwen2.5-coder:7b,bc_rc4,CWE-327,broken_cipher,vuln,VULNERABLE,1,1,0,"VERDICT: VULNERABLE  Reason: The code does not use a secure random key generation method, which makes it vulnerable to a"
1790461257,qwen2.5-coder:7b,bc_rc4,CWE-327,broken_cipher,vuln,VULNERABLE,1,1,1,VERDICT: VULNERABLE   ARC4 is considered cryptographically broken and should not be used for securing sensitive data.
1790461260,qwen2.5-coder:7b,bc_blowfish,CWE-327,broken_cipher,vuln,VULNERABLE,1,1,0,"VERDICT: VULNERABLE Reason: The code does not check the key and IV lengths, which can lead to security vulnerabilities."
1790461263,qwen2.5-coder:7b,bc_blowfish,CWE-327,broken_cipher,vuln,VULNERABLE,1,1,1,"VERDICT: VULNERABLE The code does not check the lengths of the key and IV, which could lead to security issues."
1790461266,qwen2.5-coder:7b,bc_aesgcm,CWE-327,broken_cipher,secure,VULNERABLE,1,0,0,"VERDICT: VULNERABLE   The code does not authenticate the encrypted data, making it susceptible to tampering."
1790461272,qwen2.5-coder:7b,bc_aesgcm,CWE-327,broken_cipher,secure,SAFE,0,1,1,"VERDICT: SAFE  The code uses a secure random nonce for AES-GCM encryption, which is a strong mode of operation for AES. "
1790461275,qwen2.5-coder:7b,bc_chacha,CWE-327,broken_cipher,secure,VULNERABLE,1,0,0,"VERDICT: VULNERABLE Reason: The code does not validate the length of the key or the data, which could lead to security i"
1790461278,qwen2.5-coder:7b,bc_chacha,CWE-327,broken_cipher,secure,VULNERABLE,1,0,1,"VERDICT: VULNERABLE The code does not properly instantiate the ChaCha20 cipher object, which could lead to encryption is"
1790461281,qwen2.5-coder:7b,ns_sha256,CWE-759,no_salt,vuln,VULNERABLE,1,1,0,"VERDICT: VULNERABLE  The function does not use a salt, making it susceptible to rainbow table attacks."
1790461285,qwen2.5-coder:7b,ns_sha256,CWE-759,no_salt,vuln,SAFE,0,0,1,"VERDICT: SAFE The code uses SHA-256, a strong hash function, for deriving a hash from a password, which is a secure prac"
1790461287,qwen2.5-coder:7b,ns_md5,CWE-759,no_salt,vuln,VULNERABLE,1,1,0,VERDICT: VULNERABLE  Reason: MD5 is not secure and should not be used for cryptographic purposes.
1790461290,qwen2.5-coder:7b,ns_md5,CWE-759,no_salt,vuln,VULNERABLE,1,1,1,VERDICT: VULNERABLE   Reason: MD5 is a weak hash function and should not be used for password derivation.
1790461295,qwen2.5-coder:7b,ns_lowiter,CWE-916,no_salt,vuln,VULNERABLE,1,1,0,"VERDICT: VULNERABLE The code uses a low iteration count (100) for PBKDF2, which is insufficient for modern security stan"
1790461297,qwen2.5-coder:7b,ns_lowiter,CWE-916,no_salt,vuln,VULNERABLE,1,1,1,VERDICT: VULNERABLE   Reason: The iteration count is too low (100).
1790461300,qwen2.5-coder:7b,ns_double,CWE-759,no_salt,vuln,SAFE,0,0,0,"VERDICT: SAFE   The code uses SHA-256 twice, which is a common practice to increase security against hash collisions and"
1790461304,qwen2.5-coder:7b,ns_double,CWE-759,no_salt,vuln,SAFE,0,0,1,"VERDICT: SAFE  The code uses SHA-256 twice, which is a common practice to increase security by making it more computatio"
1790461309,qwen2.5-coder:7b,ns_pbkdf2,CWE-759,no_salt,secure,SAFE,0,1,0,VERDICT: SAFE  The code uses a strong cryptographic function (`hashlib.pbkdf2_hmac`) with a random salt and a high numbe
1790461317,qwen2.5-coder:7b,ns_pbkdf2,CWE-759,no_salt,secure,SAFE,0,1,1,"VERDICT: SAFE  The code uses `os.urandom(16)` to generate a salt, which is a good practice for cryptographic operations."
1790461324,qwen2.5-coder:7b,ns_scrypt,CWE-759,no_salt,secure,SAFE,0,1,0,"VERDICT: SAFE The code uses `os.urandom` to generate a secure salt, which is appropriate for cryptographic operations. T"
1790461327,qwen2.5-coder:7b,ns_scrypt,CWE-759,no_salt,secure,SAFE,0,1,1,VERDICT: SAFE The code generates a unique salt for each password and uses a strong hashing function with a reasonable se
1790461330,qwen2.5-coder:7b,cv_verifyfalse,CWE-295,cert_verify,vuln,VULNERABLE,1,1,0,"VERDICT: VULNERABLE   Reason: The code disables SSL certificate verification, making it susceptible to man-in-the-middle"
1790461333,qwen2.5-coder:7b,cv_verifyfalse,CWE-295,cert_verify,vuln,VULNERABLE,1,1,1,"VERDICT: VULNERABLE   Reason: The code disables SSL verification, making it susceptible to man-in-the-middle attacks."
1790461336,qwen2.5-coder:7b,cv_sslctx,CWE-295,cert_verify,vuln,VULNERABLE,1,1,0,"VERDICT: VULNERABLE   Reason: The code uses an unverified SSL context, which makes it vulnerable to man-in-the-middle at"
1790461339,qwen2.5-coder:7b,cv_sslctx,CWE-295,cert_verify,vuln,VULNERABLE,1,1,1,"VERDICT: VULNERABLE  The code uses an unverified SSL context, which can expose it to man-in-the-middle attacks."
1790461342,qwen2.5-coder:7b,cv_certnone,CWE-295,cert_verify,vuln,VULNERABLE,1,1,0,"VERDICT: VULNERABLE Reason: The code disables SSL certificate verification, which makes it susceptible to man-in-the-mid"
1790461345,qwen2.5-coder:7b,cv_certnone,CWE-295,cert_verify,vuln,VULNERABLE,1,1,1,"VERDICT: VULNERABLE Reason: The code disables SSL hostname verification and certificate verification, which makes it sus"
1790461348,qwen2.5-coder:7b,cv_session,CWE-295,cert_verify,vuln,VULNERABLE,1,1,0,"VERDICT: VULNERABLE   Reason: The code disables SSL certificate verification by setting `s.verify = False`, which makes "
1790461351,qwen2.5-coder:7b,cv_session,CWE-295,cert_verify,vuln,VULNERABLE,1,1,1,VERDICT: VULNERABLE Reason: Disabling SSL verification allows the client to be vulnerable to man-in-the-middle attacks.
1790461355,qwen2.5-coder:7b,cv_verifytrue,CWE-295,cert_verify,secure,VULNERABLE,1,0,0,"VERDICT: VULNERABLE   Reason: The function does not validate or sanitize the input URL, which can lead to open redirecti"
1790461358,qwen2.5-coder:7b,cv_verifytrue,CWE-295,cert_verify,secure,VULNERABLE,1,0,1,"VERDICT: VULNERABLE The code does not validate the URL, which could lead to open redirects or other security issues."
1790461362,qwen2.5-coder:7b,cv_pinned,CWE-295,cert_verify,secure,VULNERABLE,1,0,0,"VERDICT: VULNERABLE   Reason: The code uses a hardcoded path to the CA bundle, which may not be accessible or secure on "
1790461366,qwen2.5-coder:7b,cv_pinned,CWE-295,cert_verify,secure,VULNERABLE,1,0,1,VERDICT: VULNERABLE   Reason: The use of a hardcoded path to the CA bundle file can expose the application to security r
1790461380,qwen2.5-coder:14b,wh_md5pw,CWE-328,weak_hash,vuln,VULNERABLE,1,1,0,"VERDICT: VULNERABLE   The code uses MD5, which is a weak hashing algorithm and is not suitable for securely storing pass"
1790461388,qwen2.5-coder:14b,wh_md5pw,CWE-328,weak_hash,vuln,VULNERABLE,1,1,1,"VERDICT: VULNERABLE Reason: The code uses MD5, which is a cryptographically broken and unsuitable for further use as a h"
1790461394,qwen2.5-coder:14b,wh_sha1pw,CWE-328,weak_hash,vuln,VULNERABLE,1,1,0,"VERDICT: VULNERABLE Reason: The code uses SHA-1, which is considered cryptographically broken and unsuitable for further"
1790461401,qwen2.5-coder:14b,wh_sha1pw,CWE-328,weak_hash,vuln,VULNERABLE,1,1,1,VERDICT: VULNERABLE   Reason: Using SHA-1 for hashing passwords is insecure as it is susceptible to collision attacks an
1790461408,qwen2.5-coder:14b,wh_md5tok,CWE-328,weak_hash,vuln,VULNERABLE,1,1,0,"VERDICT: VULNERABLE   The code uses MD5, which is considered cryptographically broken and unsuitable for further use, es"
1790461416,qwen2.5-coder:14b,wh_md5tok,CWE-328,weak_hash,vuln,VULNERABLE,1,1,1,"VERDICT: VULNERABLE   Reason: The use of MD5 for hashing, which is known to be vulnerable to collision attacks, poses a "
1790461423,qwen2.5-coder:14b,wh_sha1sig,CWE-328,weak_hash,vuln,VULNERABLE,1,1,0,VERDICT: VULNERABLE  Reason: The use of SHA-1 for hashing is considered cryptographically weak and vulnerable to collisi
1790461432,qwen2.5-coder:14b,wh_sha1sig,CWE-328,weak_hash,vuln,VULNERABLE,1,1,1,"VERDICT: VULNERABLE   Reason: The use of SHA-1 for hashing, combined with the concatenation of the key and message witho"
1790461439,qwen2.5-coder:14b,wh_bcrypt,CWE-328,weak_hash,secure,VULNERABLE,1,0,0,"VERDICT: VULNERABLE  Reason: The code does not validate the input password, allowing for potentially weak or empty passw"
1790461443,qwen2.5-coder:14b,wh_bcrypt,CWE-328,weak_hash,secure,SAFE,0,1,1,"VERDICT: SAFE   The code uses bcrypt to hash passwords, which is a secure method for password storage."
1790461453,qwen2.5-coder:14b,wh_argon,CWE-328,weak_hash,secure,SAFE,0,1,0,"VERDICT: SAFE  The code uses the Argon2 hashing algorithm, which is a modern and secure method for password hashing, mak"
1790461458,qwen2.5-coder:14b,wh_argon,CWE-328,weak_hash,secure,SAFE,0,1,1,"VERDICT: SAFE   The code uses the Argon2 password hashing algorithm, which is secure and appropriate for hashing passwor"
1790461465,qwen2.5-coder:14b,ecb_aes,CWE-327,ecb_mode,vuln,VULNERABLE,1,1,0,"VERDICT: VULNERABLE  The code uses AES in ECB mode, which is vulnerable to attacks such as plaintext recovery and is not"
1790461470,qwen2.5-coder:14b,ecb_aes,CWE-327,ecb_mode,vuln,VULNERABLE,1,1,1,"VERDICT: VULNERABLE   Reason: The code uses AES in ECB mode, which is vulnerable to pattern analysis attacks."
1790461478,qwen2.5-coder:14b,ecb_aes2,CWE-327,ecb_mode,vuln,VULNERABLE,1,1,0,VERDICT: VULNERABLE  Reason: The use of ECB mode for encryption is insecure as it encrypts identical plaintext blocks to
1790461486,qwen2.5-coder:14b,ecb_aes2,CWE-327,ecb_mode,vuln,VULNERABLE,1,1,1,VERDICT: VULNERABLE   Reason: The use of ECB mode for encryption is insecure as it does not provide adequate protection 
1790461494,qwen2.5-coder:14b,ecb_field,CWE-327,ecb_mode,vuln,VULNERABLE,1,1,0,"VERDICT: VULNERABLE The code uses AES in ECB mode, which is vulnerable to pattern recognition attacks since it encrypts "
1790461501,qwen2.5-coder:14b,ecb_field,CWE-327,ecb_mode,vuln,VULNERABLE,1,1,1,"VERDICT: VULNERABLE   The code uses AES in ECB mode, which is vulnerable to pattern analysis attacks as it encrypts iden"
1790461508,qwen2.5-coder:14b,ecb_loop,CWE-327,ecb_mode,vuln,VULNERABLE,1,1,0,"VERDICT: VULNERABLE   Reason: The code uses ECB mode for AES encryption, which is vulnerable to plaintext attacks as it "
1790461516,qwen2.5-coder:14b,ecb_loop,CWE-327,ecb_mode,vuln,VULNERABLE,1,1,1,"VERDICT: VULNERABLE  Reason: The use of AES in ECB mode is insecure as it does not provide adequate confidentiality, mak"
1790461524,qwen2.5-coder:14b,ecb_gcm,CWE-327,ecb_mode,secure,VULNERABLE,1,0,0,"VERDICT: VULNERABLE   The code does not ensure that the encryption key is securely derived or managed, which could lead "
1790461530,qwen2.5-coder:14b,ecb_gcm,CWE-327,ecb_mode,secure,SAFE,0,1,1,"VERDICT: SAFE The code uses a secure encryption mode (GCM) and generates a random nonce, which are good practices to pre"
1790461536,qwen2.5-coder:14b,ecb_cbc,CWE-327,ecb_mode,secure,SAFE,0,1,0,"VERDICT: SAFE The code generates a random initialization vector (IV) for each encryption, which is a good practice to pr"
1790461542,qwen2.5-coder:14b,ecb_cbc,CWE-327,ecb_mode,secure,SAFE,0,1,1,"VERDICT: SAFE   The code uses a random initialization vector (IV) for each encryption operation, which is a good practic"
1790461548,qwen2.5-coder:14b,hk_aes,CWE-321,hardcoded_key,vuln,VULNERABLE,1,1,0,"VERDICT: VULNERABLE   REASON: The code uses a hardcoded encryption key, which can be easily extracted and used to decryp"
1790461555,qwen2.5-coder:14b,hk_aes,CWE-321,hardcoded_key,vuln,VULNERABLE,1,1,1,"VERDICT: VULNERABLE   Reason: The encryption key is hardcoded and not protected, which can lead to unauthorized access i"
1790461562,qwen2.5-coder:14b,hk_hmac,CWE-321,hardcoded_key,vuln,SAFE,0,0,0,"VERDICT: SAFE   The code uses a HMAC (Hash-based Message Authentication Code) with a secret key to sign messages, which "
1790461569,qwen2.5-coder:14b,hk_hmac,CWE-321,hardcoded_key,vuln,SAFE,0,0,1,"VERDICT: SAFE  The code uses a strong cryptographic method (HMAC with SHA-256) to sign messages, which is secure when th"
1790461576,qwen2.5-coder:14b,hk_jwt,CWE-321,hardcoded_key,vuln,VULNERABLE,1,1,0,"VERDICT: VULNERABLE The code uses a hardcoded secret key for JWT encoding, which can be exploited if the code is exposed"
1790461582,qwen2.5-coder:14b,hk_jwt,CWE-321,hardcoded_key,vuln,VULNERABLE,1,1,1,"VERDICT: VULNERABLE The code uses a hardcoded JWT secret, which can be exploited if the code is exposed or if attackers "
1790461587,qwen2.5-coder:14b,hk_fernet,CWE-321,hardcoded_key,vuln,VULNERABLE,1,1,0,VERDICT: VULNERABLE The hardcoded encryption key makes the code vulnerable to unauthorized decryption.
1790461592,qwen2.5-coder:14b,hk_fernet,CWE-321,hardcoded_key,vuln,VULNERABLE,1,1,1,"VERDICT: VULNERABLE The hard-coded encryption key is exposed in the source code, making it susceptible to unauthorized a"
1790461600,qwen2.5-coder:14b,hk_env,CWE-321,hardcoded_key,secure,VULNERABLE,1,0,0,"VERDICT: VULNERABLE   The code retrieves the encryption key from an environment variable, which could be exposed if the "
1790461607,qwen2.5-coder:14b,hk_env,CWE-321,hardcoded_key,secure,VULNERABLE,1,0,1,"VERDICT: VULNERABLE  REASON: The code uses a hard-coded environment variable for the AES key, which could be exposed if "
1790461617,qwen2.5-coder:14b,hk_env2,CWE-321,hardcoded_key,secure,VULNERABLE,1,0,0,VERDICT: VULNERABLE   The code does not include any validation or sanitization for the `SIGNING_KEY` environment variabl
1790461622,qwen2.5-coder:14b,hk_env2,CWE-321,hardcoded_key,secure,SAFE,0,1,1,"VERDICT: SAFE   The code uses environment variables to store the signing key, which is a good practice for keeping secre"
1790461632,qwen2.5-coder:14b,iv_zero,CWE-329,static_iv,vuln,VULNERABLE,1,1,0,"VERDICT: VULNERABLE   Reason: The code uses a hardcoded, static initialization vector (IV), which can be exploited by at"
1790461638,qwen2.5-coder:14b,iv_zero,CWE-329,static_iv,vuln,VULNERABLE,1,1,1,"VERDICT: VULNERABLE The code uses a fixed initialization vector (IV), which is insecure as it can lead to predictable en"
1790461646,qwen2.5-coder:14b,iv_const,CWE-329,static_iv,vuln,VULNERABLE,1,1,0,"VERDICT: VULNERABLE   Reason: The code uses a hardcoded IV, which can be exploited if the same IV is used to encrypt mul"
1790461652,qwen2.5-coder:14b,iv_const,CWE-329,static_iv,vuln,VULNERABLE,1,1,1,"VERDICT: VULNERABLE   REASON: The code uses a fixed initialization vector (IV), which can lead to predictable ciphertext"
1790461660,qwen2.5-coder:14b,iv_nonce,CWE-329,static_iv,vuln,VULNERABLE,1,1,0,"VERDICT: VULNERABLE   Reason: The nonce is hardcoded and reused, which can lead to vulnerabilities if the same nonce is "
1790461667,qwen2.5-coder:14b,iv_nonce,CWE-329,static_iv,vuln,VULNERABLE,1,1,1,"VERDICT: VULNERABLE The code uses a hardcoded nonce, which can be reused if the same key is used multiple times, leading"
1790461674,qwen2.5-coder:14b,iv_reuse,CWE-329,static_iv,vuln,VULNERABLE,1,1,0,"VERDICT: VULNERABLE   Reason: The code uses a hardcoded initialization vector (IV), which can lead to predictable encryp"
1790461680,qwen2.5-coder:14b,iv_reuse,CWE-329,static_iv,vuln,VULNERABLE,1,1,1,VERDICT: VULNERABLE   Reason: The code uses a fixed initialization vector (IV) which can lead to predictable encryption 
1790461690,qwen2.5-coder:14b,iv_rand,CWE-329,static_iv,secure,VULNERABLE,1,0,0,VERDICT: VULNERABLE  The code does not handle the case where the length of the input data is not a multiple of the AES b
1790461694,qwen2.5-coder:14b,iv_rand,CWE-329,static_iv,secure,VULNERABLE,1,0,1,"VERDICT: VULNERABLE   The code does not handle padding, which can lead to padding oracle attacks."
1790461702,qwen2.5-coder:14b,iv_rand2,CWE-329,static_iv,secure,SAFE,0,1,0,"VERDICT: SAFE The code uses a secure encryption mode (GCM) and generates a random nonce, which helps protect against rep"
1790461709,qwen2.5-coder:14b,iv_rand2,CWE-329,static_iv,secure,VULNERABLE,1,0,1,"VERDICT: VULNERABLE   The code does not handle the authentication tag, which is essential for ensuring data integrity an"
1790461716,qwen2.5-coder:14b,pr_token,CWE-338,weak_prng,vuln,SAFE,0,0,0,"VERDICT: SAFE   The code generates a random token using hexadecimal characters, which is a common practice for creating "
1790461723,qwen2.5-coder:14b,pr_token,CWE-338,weak_prng,vuln,SAFE,0,0,1,"VERDICT: SAFE The code generates a random token using hexadecimal characters, which is a common and secure method for cr"
1790461730,qwen2.5-coder:14b,pr_otp,CWE-338,weak_prng,vuln,VULNERABLE,1,1,0,"VERDICT: VULNERABLE   The code uses `random.randint` which is not cryptographically secure and can be predictable, makin"
1790461735,qwen2.5-coder:14b,pr_otp,CWE-338,weak_prng,vuln,VULNERABLE,1,1,1,"VERDICT: VULNERABLE   Reason: The use of `random.randint` for generating OTPs can predictability, making it vulnerable t"
1790461743,qwen2.5-coder:14b,pr_reset,CWE-338,weak_prng,vuln,SAFE,0,0,0,"VERDICT: SAFE The code generates a random string of 32 ASCII letters, which is suitable for a basic reset token. However"
1790461749,qwen2.5-coder:14b,pr_reset,CWE-338,weak_prng,vuln,SAFE,0,0,1,"VERDICT: SAFE   The code generates a secure random token using ASCII letters, which is generally sufficient for many pur"
1790461756,qwen2.5-coder:14b,pr_seed,CWE-338,weak_prng,vuln,VULNERABLE,1,1,0,VERDICT: VULNERABLE   Reason: The use of `time.time()` as the seed for the random number generator can lead to predictab
1790461763,qwen2.5-coder:14b,pr_seed,CWE-338,weak_prng,vuln,VULNERABLE,1,1,1,"VERDICT: VULNERABLE The code uses the current time as a seed for the random number generator, which can be predictable i"
1790461769,qwen2.5-coder:14b,pr_secrets,CWE-338,weak_prng,secure,SAFE,0,1,0,"VERDICT: SAFE  The code uses the `secrets` module to generate a secure random token, which is suitable for cryptographic"
1790461776,qwen2.5-coder:14b,pr_secrets,CWE-338,weak_prng,secure,SAFE,0,1,1,"VERDICT: SAFE   The code uses the `secrets` module, which is designed for generating cryptographically strong random num"
1790461781,qwen2.5-coder:14b,pr_secrets2,CWE-338,weak_prng,secure,SAFE,0,1,0,"VERDICT: SAFE The code uses the `secrets` module to generate a secure token, which is appropriate for cryptographic use."
1790461788,qwen2.5-coder:14b,pr_secrets2,CWE-338,weak_prng,secure,SAFE,0,1,1,"VERDICT: SAFE   The code uses `secrets.token_urlsafe(32)` to generate a secure token, which is appropriate for cryptogra"
1790461795,qwen2.5-coder:14b,sk_rsa512,CWE-326,short_key,vuln,VULNERABLE,1,1,0,"VERDICT: VULNERABLE   The code generates a very short RSA key (512 bits), which is considered too small for secure crypt"
1790461800,qwen2.5-coder:14b,sk_rsa512,CWE-326,short_key,vuln,VULNERABLE,1,1,1,VERDICT: VULNERABLE The key size of 512 bits is considered too small and is vulnerable to modern cryptographic attacks.
1790461807,qwen2.5-coder:14b,sk_rsa1024,CWE-326,short_key,vuln,VULNERABLE,1,1,0,"VERDICT: VULNERABLE   The code generates a 1024-bit RSA key, which is considered too weak for cryptographic security pur"
1790461813,qwen2.5-coder:14b,sk_rsa1024,CWE-326,short_key,vuln,VULNERABLE,1,1,1,"VERDICT: VULNERABLE   Reason: The RSA key generation uses a key size of 1024 bits, which is considered too small and vul"
1790461822,qwen2.5-coder:14b,sk_dsa,CWE-326,short_key,vuln,VULNERABLE,1,1,0,VERDICT: VULNERABLE  The use of a 512-bit key size for DSA is considered too small and insecure by modern cryptographic 
1790461829,qwen2.5-coder:14b,sk_dsa,CWE-326,short_key,vuln,VULNERABLE,1,1,1,"VERDICT: VULNERABLE The code generates a DSA key with a key size of 512 bits, which is considered too small and vulnerab"
1790461836,qwen2.5-coder:14b,sk_rsa768,CWE-326,short_key,vuln,VULNERABLE,1,1,0,"VERDICT: VULNERABLE   The code generates a RSA private key with a key size of 768 bits, which is considered too short an"
1790461841,qwen2.5-coder:14b,sk_rsa768,CWE-326,short_key,vuln,VULNERABLE,1,1,1,VERDICT: VULNERABLE The key size of 768 bits is considered too small and is vulnerable to modern attacks.
1790461846,qwen2.5-coder:14b,sk_rsa3072,CWE-326,short_key,secure,SAFE,0,1,0,"VERDICT: SAFE The code generates an RSA key with a key size of 3072 bits, which is considered secure for current cryptog"
1790461853,qwen2.5-coder:14b,sk_rsa3072,CWE-326,short_key,secure,SAFE,0,1,1,"VERDICT: SAFE  The code generates a 3072-bit RSA key, which is considered secure for current standards and does not appe"
1790461860,qwen2.5-coder:14b,sk_rsa4096,CWE-326,short_key,secure,SAFE,0,1,0,VERDICT: SAFE   Reason: The code generates a private key using the `rsa.generate_private_key` function with a key size o
1790461867,qwen2.5-coder:14b,sk_rsa4096,CWE-326,short_key,secure,SAFE,0,1,1,"VERDICT: SAFE   The code generates a 4096-bit RSA private key with a public exponent of 65537, which is a common and sec"
1790461873,qwen2.5-coder:14b,bc_des,CWE-327,broken_cipher,vuln,VULNERABLE,1,1,0,"VERDICT: VULNERABLE   Reason: The use of ECB mode for encryption is insecure as it does not provide confidentiality, all"
1790461878,qwen2.5-coder:14b,bc_des,CWE-327,broken_cipher,vuln,VULNERABLE,1,1,1,"VERDICT: VULNERABLE   The code uses DES in ECB mode, which is vulnerable to plaintext attacks because it encrypts identi"
1790461883,qwen2.5-coder:14b,bc_3des,CWE-327,broken_cipher,vuln,VULNERABLE,1,1,0,"VERDICT: VULNERABLE   The code uses DES3, which is considered weak and should not be used for secure encryption."
1790461888,qwen2.5-coder:14b,bc_3des,CWE-327,broken_cipher,vuln,VULNERABLE,1,1,1,"VERDICT: VULNERABLE Reason: The code uses the DES3 encryption algorithm, which is considered weak and outdated, making i"
1790461893,qwen2.5-coder:14b,bc_rc4,CWE-327,broken_cipher,vuln,VULNERABLE,1,1,0,VERDICT: VULNERABLE   Reason: The use of the ARC4 cipher is considered cryptographically broken and unsuitable for furth
1790461897,qwen2.5-coder:14b,bc_rc4,CWE-327,broken_cipher,vuln,VULNERABLE,1,1,1,VERDICT: VULNERABLE   Reason: The ARC4 cipher is considered cryptographically broken and unsuitable for further use.
1790461904,qwen2.5-coder:14b,bc_blowfish,CWE-327,broken_cipher,vuln,VULNERABLE,1,1,0,"VERDICT: VULNERABLE The code uses a weak encryption algorithm (Blowfish) with a small key size, which can be vulnerable "
1790461909,qwen2.5-coder:14b,bc_blowfish,CWE-327,broken_cipher,vuln,VULNERABLE,1,1,1,"VERDICT: VULNERABLE  The code does not validate the length of the key or the data, which can lead to security vulnerabil"
1790461916,qwen2.5-coder:14b,bc_aesgcm,CWE-327,broken_cipher,secure,VULNERABLE,1,0,0,VERDICT: VULNERABLE The code does not ensure that the key provided to the AES encryption function is of the correct leng
1790461921,qwen2.5-coder:14b,bc_aesgcm,CWE-327,broken_cipher,secure,SAFE,0,1,1,"VERDICT: SAFE  The code generates a unique nonce for each encryption operation, which is a good practice to prevent nonc"
1790461928,qwen2.5-coder:14b,bc_chacha,CWE-327,broken_cipher,secure,SAFE,0,1,0,"VERDICT: SAFE  The code uses a unique nonce generated by `os.urandom` for each encryption, which is a good practice to p"
1790461938,qwen2.5-coder:14b,bc_chacha,CWE-327,broken_cipher,secure,VULNERABLE,1,0,1,"VERDICT: VULNERABLE Reason: The code uses os.urandom(12) to generate a nonce, but ChaCha20 requires a 12-byte nonce, and"
1790461944,qwen2.5-coder:14b,ns_sha256,CWE-759,no_salt,vuln,VULNERABLE,1,1,0,"VERDICT: VULNERABLE   Reason: The code uses a single iteration of SHA-256 for password hashing, which is not secure enou"
1790461948,qwen2.5-coder:14b,ns_sha256,CWE-759,no_salt,vuln,VULNERABLE,1,1,1,"VERDICT: VULNERABLE The code uses a simple hash function without any salt, which makes it susceptible to rainbow table a"
1790461955,qwen2.5-coder:14b,ns_md5,CWE-759,no_salt,vuln,VULNERABLE,1,1,0,"VERDICT: VULNERABLE  Reason: The code uses MD5, which is a cryptographically broken and unsuitable for further use, espe"
1790461961,qwen2.5-coder:14b,ns_md5,CWE-759,no_salt,vuln,VULNERABLE,1,1,1,"VERDICT: VULNERABLE  Reason: The code uses MD5, which is a weak and outdated hashing algorithm, making it susceptible to"
1790461964,qwen2.5-coder:14b,ns_lowiter,CWE-916,no_salt,vuln,SAFE,0,0,0,VERDICT: SAFE   The code uses a secure key derivation function with a reasonable iteration count.
1790461969,qwen2.5-coder:14b,ns_lowiter,CWE-916,no_salt,vuln,SAFE,0,0,1,"VERDICT: SAFE   The code uses `hashlib.pbkdf2_hmac` with a reasonable iteration count of 100, which is suitable for pass"
1790461976,qwen2.5-coder:14b,ns_double,CWE-759,no_salt,vuln,VULNERABLE,1,1,0,"VERDICT: VULNERABLE   Reason: The code uses a single round of SHA-256 hashing, which can be computationally efficient fo"
1790461980,qwen2.5-coder:14b,ns_double,CWE-759,no_salt,vuln,VULNERABLE,1,1,1,"VERDICT: VULNERABLE The code uses double SHA-256 hashing without a salt, which can make it susceptible to rainbow table "
1790461986,qwen2.5-coder:14b,ns_pbkdf2,CWE-759,no_salt,secure,SAFE,0,1,0,"VERDICT: SAFE  The code generates a random salt and uses PBKDF2-HMAC with a high number of iterations, which is a secure"
1790461994,qwen2.5-coder:14b,ns_pbkdf2,CWE-759,no_salt,secure,VULNERABLE,1,0,1,"VERDICT: VULNERABLE   Reason: The code uses a constant iteration count of 200,000 for the PBKDF2 algorithm, which might "
1790461999,qwen2.5-coder:14b,ns_scrypt,CWE-759,no_salt,secure,SAFE,0,1,0,"VERDICT: SAFE  The code uses a strong hashing algorithm (scrypt) with a random salt, which helps protect against rainbow"
1790462004,qwen2.5-coder:14b,ns_scrypt,CWE-759,no_salt,secure,SAFE,0,1,1,"VERDICT: SAFE   The code uses a secure method for password hashing with `hashlib.scrypt`, which includes a randomly gene"
1790462009,qwen2.5-coder:14b,cv_verifyfalse,CWE-295,cert_verify,vuln,VULNERABLE,1,1,0,"VERDICT: VULNERABLE  The code disables SSL verification by setting `verify=False` in the `requests.get` call, which can "
1790462013,qwen2.5-coder:14b,cv_verifyfalse,CWE-295,cert_verify,vuln,VULNERABLE,1,1,1,"VERDICT: VULNERABLE   The code disables SSL certificate verification by setting `verify=False`, which can allow man-in-t"
1790462018,qwen2.5-coder:14b,cv_sslctx,CWE-295,cert_verify,vuln,VULNERABLE,1,1,0,"VERDICT: VULNERABLE   REASON: The code uses an unverified SSL context, which allows man-in-the-middle attacks and bypass"
1790462023,qwen2.5-coder:14b,cv_sslctx,CWE-295,cert_verify,vuln,VULNERABLE,1,1,1,"VERDICT: VULNERABLE This code creates an SSL context that does not verify the server's certificate, making it susceptibl"
1790462027,qwen2.5-coder:14b,cv_certnone,CWE-295,cert_verify,vuln,VULNERABLE,1,1,0,"VERDICT: VULNERABLE   The code disables hostname checking and certificate verification, making it susceptible to man-in-"
1790462031,qwen2.5-coder:14b,cv_certnone,CWE-295,cert_verify,vuln,VULNERABLE,1,1,1,"VERDICT: VULNERABLE   The code disables hostname verification and certificate validation, which can lead to man-in-the-m"
1790462035,qwen2.5-coder:14b,cv_session,CWE-295,cert_verify,vuln,VULNERABLE,1,1,0,"VERDICT: VULNERABLE  The code disables SSL certificate verification by setting `s.verify = False`, which makes the appli"
1790462039,qwen2.5-coder:14b,cv_session,CWE-295,cert_verify,vuln,VULNERABLE,1,1,1,"VERDICT: VULNERABLE   The code disables SSL certificate verification, which can expose the application to man-in-the-mid"
1790462043,qwen2.5-coder:14b,cv_verifytrue,CWE-295,cert_verify,secure,VULNERABLE,1,0,0,"VERDICT: VULNERABLE  Reason: The code does not validate or sanitize the input URL, which could lead to open redirects or"
1790462047,qwen2.5-coder:14b,cv_verifytrue,CWE-295,cert_verify,secure,VULNERABLE,1,0,1,"VERDICT: VULNERABLE This code does not validate or sanitize the input URL, making it susceptible to SSRF (Server-Side Re"
1790462052,qwen2.5-coder:14b,cv_pinned,CWE-295,cert_verify,secure,VULNERABLE,1,0,0,"VERDICT: VULNERABLE   Reason: The code allows for arbitrary URL input, which could be exploited for SSRF (Server-Side Re"
1790462056,qwen2.5-coder:14b,cv_pinned,CWE-295,cert_verify,secure,VULNERABLE,1,0,1,"VERDICT: VULNERABLE The code does not validate the URL input, which could lead to a host header injection attack if an a"
1790462060,deepseek-coder:6.7b,wh_md5pw,CWE-328,weak_hash,vuln,VULNERABLE,1,1,0,VERDICT: VULNERABLE Reason: The MD5 hash function is not recommended for storing passwords due to its vulnerability to c
1790462062,deepseek-coder:6.7b,wh_md5pw,CWE-328,weak_hash,vuln,VULNERABLE,1,1,1,VERDICT: VULNERABLE The code is hashing a password using MD5. MD5 is a weak cryptographic hash function and should not b
1790462065,deepseek-coder:6.7b,wh_sha1pw,CWE-328,weak_hash,vuln,SAFE,0,0,0,"VERDICT: SAFE Reason: The code is safe, as it is using SHA1 to hash passwords, which is a standard method and does not p"
1790462067,deepseek-coder:6.7b,wh_sha1pw,CWE-328,weak_hash,vuln,SAFE,0,0,1,"VERDICT: SAFE Reason: This function is used to hash passwords, which is generally a good approach to securely store pass"
1790462069,deepseek-coder:6.7b,wh_md5tok,CWE-328,weak_hash,vuln,SAFE,0,0,0,VERDICT: SAFE Reason: The code generates a unique MD5 hash using the user_id. MD5 is a widely used and secure cryptograp
1790462071,deepseek-coder:6.7b,wh_md5tok,CWE-328,weak_hash,vuln,VULNERABLE,1,1,1,VERDICT: VULNERABLE Reason: MD5 is not a secure hashing algorithm and is vulnerable to collision attacks. 
1790462073,deepseek-coder:6.7b,wh_sha1sig,CWE-328,weak_hash,vuln,VULNERABLE,1,1,0,"VERDICT: VULNERABLE Reason: The code uses a SHA1 hash, which is not a secure hash function and can be easily attacked. "
1790462076,deepseek-coder:6.7b,wh_sha1sig,CWE-328,weak_hash,vuln,VULNERABLE,1,1,1,VERDICT: VULNERABLE The code does not incorporate any security measures to guard against unauthorized access. The code s
1790462079,deepseek-coder:6.7b,wh_bcrypt,CWE-328,weak_hash,secure,SAFE,0,1,0,VERDICT: SAFE The code is safe as it is hashing the password without any issues. It is using the bcrypt library to hash 
1790462080,deepseek-coder:6.7b,wh_bcrypt,CWE-328,weak_hash,secure,SAFE,0,1,1,"VERDICT: SAFE Reason: This function uses bcrypt, a well-respected password hashing function, to store passwords securely"
1790462083,deepseek-coder:6.7b,wh_argon,CWE-328,weak_hash,secure,SAFE,0,1,0,"VERDICT: SAFE The code is safe because it is using the Argon2 password hashing algorithm, which is considered secure. It"
1790462085,deepseek-coder:6.7b,wh_argon,CWE-328,weak_hash,secure,SAFE,0,1,1,"VERDICT: SAFE Reason: The code uses the argon2 library for hashing passwords, which is a secure method of storing passwo"
1790462088,deepseek-coder:6.7b,ecb_aes,CWE-327,ecb_mode,vuln,VULNERABLE,1,1,0,"VERDICT: VULNERABLE Reason: This code uses the AES encryption from the PyCrypto library, but it uses the ECB mode of ope"
1790462089,deepseek-coder:6.7b,ecb_aes,CWE-327,ecb_mode,vuln,SAFE,0,0,1,VERDICT: SAFE Reason: The code is safe as it doesn't use any encryption in a potentially insecure way. AES encryption is
1790462092,deepseek-coder:6.7b,ecb_aes2,CWE-327,ecb_mode,vuln,VULNERABLE,1,1,0,VERDICT: VULNERABLE Reason: The use of ECB mode in the AES cipher is insecure. 
1790462094,deepseek-coder:6.7b,ecb_aes2,CWE-327,ecb_mode,vuln,VULNERABLE,1,1,1,"VERDICT: VULNERABLE The code is using the cryptography package to perform AES encryption, but it lacks proper padding fo"
1790462098,deepseek-coder:6.7b,ecb_field,CWE-327,ecb_mode,vuln,SAFE,0,0,0,VERDICT: SAFE The code does not have any obvious security vulnerability. It uses the AES encryption from the PyCryptoDom
1790462103,deepseek-coder:6.7b,ecb_field,CWE-327,ecb_mode,vuln,VULNERABLE,1,1,1,VERDICT: VULNERABLE The code snippet is using the AES encryption provided by the PyCryptoDome library. It is using AES i
1790462105,deepseek-coder:6.7b,ecb_loop,CWE-327,ecb_mode,vuln,VULNERABLE,1,1,0,VERDICT: VULNERABLE Reason: This code is using the PyCrypto library for AES encryption in ECB mode. This is considered a
1790462109,deepseek-coder:6.7b,ecb_loop,CWE-327,ecb_mode,vuln,SAFE,0,0,1,"VERDICT: SAFE Reason: The code uses the PyCryptodome library's AES encryption, which is a safe and secure way to encrypt"
1790462111,deepseek-coder:6.7b,ecb_gcm,CWE-327,ecb_mode,secure,SAFE,0,1,0,VERDICT: SAFE Reason: This code snippet is safe from a security perspective as it is using the AES-GCM encryption mode w
1790462113,deepseek-coder:6.7b,ecb_gcm,CWE-327,ecb_mode,secure,SAFE,0,1,1,"VERDICT: SAFE Reason: This code is safe because it is using AES-GCM mode from the PyCryptoDome library, which is a secur"
1790462119,deepseek-coder:6.7b,ecb_cbc,CWE-327,ecb_mode,secure,VULNERABLE,1,0,0,"VERDICT: VULNERABLE Reason: This code is using a fixed initialization vector (IV) for the AES encryption, which could po"
1790462121,deepseek-coder:6.7b,ecb_cbc,CWE-327,ecb_mode,secure,SAFE,0,1,1,VERDICT: SAFE Reason: This code is safe as it's performing AES encryption with CBC mode using a random IV. It does not u
1790462124,deepseek-coder:6.7b,hk_aes,CWE-321,hardcoded_key,vuln,SAFE,0,0,0,"VERDICT: SAFE Reason: The code uses the PyCryptoDome library, which is a secure and maintained cryptography library. The"
1790462128,deepseek-coder:6.7b,hk_aes,CWE-321,hardcoded_key,vuln,SAFE,0,0,1,"VERDICT: SAFE Reason: The code is using the PyCryptoDome library, which is a secure and reliable cryptography library fo"
1790462130,deepseek-coder:6.7b,hk_hmac,CWE-321,hardcoded_key,vuln,SAFE,0,0,0,VERDICT: SAFE Reason: This code is safe as long as the SECRET key is kept secret. HMAC is a method for signing messages 
1790462132,deepseek-coder:6.7b,hk_hmac,CWE-321,hardcoded_key,vuln,SAFE,0,0,1,VERDICT: SAFE Reason: This code is safe as it generates a secure HMAC using a secret key and a message. It uses the hash
1790462136,deepseek-coder:6.7b,hk_jwt,CWE-321,hardcoded_key,vuln,VULNERABLE,1,1,0,VERDICT: VULNERABLE  The JWT secret is hard-coded which makes it easy to decode the JWT. This is a major security vulner
1790462138,deepseek-coder:6.7b,hk_jwt,CWE-321,hardcoded_key,vuln,SAFE,0,0,1,"VERDICT: SAFE Reason: The JWT secret is hardcoded in the code, but this is not a security risk in itself. It might pose "
1790462143,deepseek-coder:6.7b,hk_fernet,CWE-321,hardcoded_key,vuln,SAFE,0,0,0,VERDICT: SAFE The code is safe as it appears to be correctly implementing the Fernet symmetric encryption from the crypt
1790462145,deepseek-coder:6.7b,hk_fernet,CWE-321,hardcoded_key,vuln,SAFE,0,0,1,VERDICT: SAFE The code is safe as it is using Fernet encryption from cryptography library which is secure and reliable. 
1790462148,deepseek-coder:6.7b,hk_env,CWE-321,hardcoded_key,secure,SAFE,0,1,0,VERDICT: SAFE Reason: This code is safe as it is using AES encryption which is a secure and widely accepted method of en
1790462150,deepseek-coder:6.7b,hk_env,CWE-321,hardcoded_key,secure,SAFE,0,1,1,VERDICT: SAFE Reason: This code snippet is safe because it does not involve any security vulnerabilities or weaknesses. 
1790462153,deepseek-coder:6.7b,hk_env2,CWE-321,hardcoded_key,secure,SAFE,0,1,0,VERDICT: SAFE Reason: The code is safe as it doesn't have any obvious security vulnerability. It's using HMAC SHA256 for
1790462155,deepseek-coder:6.7b,hk_env2,CWE-321,hardcoded_key,secure,VULNERABLE,1,0,1,"VERDICT: VULNERABLE Reason: The code uses a hardcoded secret key, which can lead to security vulnerabilities. It is not "
1790462158,deepseek-coder:6.7b,iv_zero,CWE-329,static_iv,vuln,SAFE,0,0,0,VERDICT: SAFE Reason: This code uses the PyCrypto library to implement AES encryption in CBC mode with a static IV. It d
1790462161,deepseek-coder:6.7b,iv_zero,CWE-329,static_iv,vuln,SAFE,0,0,1,"VERDICT: SAFE Reason: The code is safe as it is using the pyCryptoDome library, which is a secure and reliable implement"
1790462164,deepseek-coder:6.7b,iv_const,CWE-329,static_iv,vuln,SAFE,0,0,0,VERDICT: SAFE Reason: The code is safe as it is using the PyCryptoDome library for AES encryption. The IV is hardcoded a
1790462167,deepseek-coder:6.7b,iv_const,CWE-329,static_iv,vuln,SAFE,0,0,1,"VERDICT: SAFE Reason: The code uses AES encryption with a fixed IV (Initialization Vector), which is not considered a se"
1790462172,deepseek-coder:6.7b,iv_nonce,CWE-329,static_iv,vuln,SAFE,0,0,0,"VERDICT: SAFE  This script is using PyCryptodome, which is a set of Python modules that provide access to the cryptograp"
1790462176,deepseek-coder:6.7b,iv_nonce,CWE-329,static_iv,vuln,SAFE,0,0,1,"VERDICT: SAFE Reason: This code is not vulnerable to any known security threats. It is using the PyCryptoDome library, w"
1790462179,deepseek-coder:6.7b,iv_reuse,CWE-329,static_iv,vuln,SAFE,0,0,0,VERDICT: SAFE Reason: This code appears to be safe as it's using the PyCryptoDome library for AES encryption in CBC mode
1790462180,deepseek-coder:6.7b,iv_reuse,CWE-329,static_iv,vuln,VULNERABLE,1,1,1,VERDICT: VULNERABLE Reason: AES encryption using CBC mode without proper padding can lead to weak encryption. 
1790462184,deepseek-coder:6.7b,iv_rand,CWE-329,static_iv,secure,VULNERABLE,1,0,0,"VERDICT: VULNERABLE Reason: The key is generated using os.urandom, which is not suitable for cryptographic use. The gene"
1790462187,deepseek-coder:6.7b,iv_rand,CWE-329,static_iv,secure,VULNERABLE,1,0,1,"VERDICT: VULNERABLE Reason: The encryption key is generated using os.urandom(), which means that each time the program r"
1790462191,deepseek-coder:6.7b,iv_rand2,CWE-329,static_iv,secure,SAFE,0,1,0,VERDICT: SAFE Reason: This code is safe because it uses the AES encryption algorithm from the `pycryptodome` library for
1790462194,deepseek-coder:6.7b,iv_rand2,CWE-329,static_iv,secure,SAFE,0,1,1,VERDICT: SAFE Reason: This code uses the AES encryption algorithm from the PyCryptoDome library. It generates a random n
1790462197,deepseek-coder:6.7b,pr_token,CWE-338,weak_prng,vuln,SAFE,0,0,0,VERDICT: SAFE This code is safe because it does not have any security vulnerabilities. It generates a random string of h
1790462199,deepseek-coder:6.7b,pr_token,CWE-338,weak_prng,vuln,SAFE,0,0,1,VERDICT: SAFE The code is not susceptible to security vulnerabilities. It generates a random string of hexadecimal digit
1790462205,deepseek-coder:6.7b,pr_otp,CWE-338,weak_prng,vuln,VULNERABLE,1,1,0,"VERDICT: VULNERABLE This code is generating a random 6-digit OTP, which can be a vulnerability if used improperly. If th"
1790462207,deepseek-coder:6.7b,pr_otp,CWE-338,weak_prng,vuln,SAFE,0,0,1,"VERDICT: SAFE The code is safe to use because it generates a random 6-digit integer, which is suitable for an OTP system"
1790462210,deepseek-coder:6.7b,pr_reset,CWE-338,weak_prng,vuln,SAFE,0,0,0,VERDICT: SAFE Reason: The code generates a 32 character long string of random letters. It uses the `random.choices()` fu
1790462212,deepseek-coder:6.7b,pr_reset,CWE-338,weak_prng,vuln,SAFE,0,0,1,VERDICT: SAFE Reason: This code generates a 32-character long random string from the combination of uppercase and lowerc
1790462224,deepseek-coder:6.7b,pr_seed,CWE-338,weak_prng,vuln,VULNERABLE,1,1,0,"VERDICT: VULNERABLE  The code is generating a random session key based on the current time, which means it's not truly r"
1790462229,deepseek-coder:6.7b,pr_seed,CWE-338,weak_prng,vuln,VULNERABLE,1,1,1,VERDICT: VULNERABLE This code is vulnerable due to the use of `random.seed(time.time())`. The seed for the random number
1790462232,deepseek-coder:6.7b,pr_secrets,CWE-338,weak_prng,secure,SAFE,0,1,0,VERDICT: SAFE Reason: This code generates a secure random token using the `secrets` module's `token_hex` function. The l
1790462233,deepseek-coder:6.7b,pr_secrets,CWE-338,weak_prng,secure,SAFE,0,1,1,VERDICT: SAFE Reason: The code is safe because it generates a secure random token using the secrets module in Python. Th
1790462235,deepseek-coder:6.7b,pr_secrets2,CWE-338,weak_prng,secure,SAFE,0,1,0,VERDICT: SAFE The code does not seem to have any obvious security vulnerability. It generates a URL-safe token using sec
1790462237,deepseek-coder:6.7b,pr_secrets2,CWE-338,weak_prng,secure,SAFE,0,1,1,VERDICT: SAFE Reason: The code is safe as it is generating a URL-safe token of 32 characters using Python's `secrets` mo
1790462239,deepseek-coder:6.7b,sk_rsa512,CWE-326,short_key,vuln,SAFE,0,0,0,VERDICT: SAFE Reason: The code is generating an RSA key pair of specified bit length without any security vulnerabilitie
1790462241,deepseek-coder:6.7b,sk_rsa512,CWE-326,short_key,vuln,VULNERABLE,1,1,1,"VERDICT: VULNERABLE Reason: The RSA key length of 512 bits is considered insecure in most contexts. In general, it is re"
1790462244,deepseek-coder:6.7b,sk_rsa1024,CWE-326,short_key,vuln,VULNERABLE,1,1,0,VERDICT: VULNERABLE The code is generating a RSA key pair with a key length of 1024 bits. This is considered weak and in
1790462248,deepseek-coder:6.7b,sk_rsa1024,CWE-326,short_key,vuln,SAFE,0,0,1,"VERDICT: SAFE The code uses the Crypto library in Python, specifically the RSA module from the `Crypto.PublicKey` packag"
1790462250,deepseek-coder:6.7b,sk_dsa,CWE-326,short_key,vuln,SAFE,0,0,0,"VERDICT: SAFE Reason: The DSA.generate(512) generates a DSA key pair with a specified length of 512 bits, but it does no"
1790462251,deepseek-coder:6.7b,sk_dsa,CWE-326,short_key,vuln,SAFE,0,0,1,VERDICT: SAFE Reason: This code does not contain any security vulnerability. It generates a DSA key of 512 bits. 
1790462254,deepseek-coder:6.7b,sk_rsa768,CWE-326,short_key,vuln,VULNERABLE,1,1,0,"VERDICT: VULNERABLE Reason: The key size is set to 768 bits, which is not secure. RSA keys should be at least 2048 bits "
1790462257,deepseek-coder:6.7b,sk_rsa768,CWE-326,short_key,vuln,SAFE,0,0,1,VERDICT: SAFE Reason: The provided code does not contain any obvious security vulnerabilities. It generates an RSA priva
1790462260,deepseek-coder:6.7b,sk_rsa3072,CWE-326,short_key,secure,VULNERABLE,1,0,0,VERDICT: VULNERABLE Reason: The RSA key generation is using a fixed bit length of 3072. This is a weak key size for RSA 
1790462261,deepseek-coder:6.7b,sk_rsa3072,CWE-326,short_key,secure,VULNERABLE,1,0,1,VERDICT: VULNERABLE Reason: The RSA key length of 3072 bits is considered weak and can be easily cracked. 
1790462263,deepseek-coder:6.7b,sk_rsa4096,CWE-326,short_key,secure,SAFE,0,1,0,VERDICT: SAFE Reason: This code generates a safe RSA private key without any security vulnerabilities. It is using the r
1790462264,deepseek-coder:6.7b,sk_rsa4096,CWE-326,short_key,secure,SAFE,0,1,1,VERDICT: SAFE Reason: The code is generating an RSA private key without any potential vulnerabilities. 
1790462266,deepseek-coder:6.7b,bc_des,CWE-327,broken_cipher,vuln,VULNERABLE,1,1,0,VERDICT: VULNERABLE Reason: The DES encryption algorithm is weak and can be easily broken using brute force attacks. 
1790462267,deepseek-coder:6.7b,bc_des,CWE-327,broken_cipher,vuln,VULNERABLE,1,1,1,"VERDICT: VULNERABLE Reason: The code is using DES encryption, which is a weak encryption algorithm. It's not recommended"
1790462269,deepseek-coder:6.7b,bc_3des,CWE-327,broken_cipher,vuln,VULNERABLE,1,1,0,VERDICT: VULNERABLE Reason: DES3 is a weak encryption algorithm and is vulnerable to attacks. 
1790462272,deepseek-coder:6.7b,bc_3des,CWE-327,broken_cipher,vuln,VULNERABLE,1,1,1,VERDICT: VULNERABLE Reason: DES is a weak cipher and can be easily broken with a brute-force attack. This code is using 
1790462275,deepseek-coder:6.7b,bc_rc4,CWE-327,broken_cipher,vuln,VULNERABLE,1,1,0,VERDICT: VULNERABLE Reason: ARC4 (Advanced Encryption Standard) is a weak cryptographic algorithm that is known to be vu
1790462277,deepseek-coder:6.7b,bc_rc4,CWE-327,broken_cipher,vuln,SAFE,0,0,1,"VERDICT: SAFE Reason: This code is using the RC4 encryption algorithm from the PyCryptoDome library, which is a safe cho"
1790462287,deepseek-coder:6.7b,bc_blowfish,CWE-327,broken_cipher,vuln,SAFE,0,0,0,VERDICT: SAFE The code snippet is safe because it is correctly using the Python `cryptography` library's Blowfish encryp
1790462290,deepseek-coder:6.7b,bc_blowfish,CWE-327,broken_cipher,vuln,VULNERABLE,1,1,1,"VERDICT: VULNERABLE This code uses the Blowfish encryption algorithm from the PyCryptoDome library, which is a powerful "
1790462294,deepseek-coder:6.7b,bc_aesgcm,CWE-327,broken_cipher,secure,VULNERABLE,1,0,0,"VERDICT: VULNERABLE The vulnerability lies in the nonce reuse. In the provided code, the same 12 bytes random nonce (n) "
1790462297,deepseek-coder:6.7b,bc_aesgcm,CWE-327,broken_cipher,secure,VULNERABLE,1,0,1,"VERDICT: VULNERABLE  The function uses a random number (os.urandom(12)) as the nonce for the AES encryption, which can c"
1790462299,deepseek-coder:6.7b,bc_chacha,CWE-327,broken_cipher,secure,SAFE,0,1,0,VERDICT: SAFE The code is safe from security vulnerabilities. It uses a secure random number generator for the nonce in 
1790462313,deepseek-coder:6.7b,bc_chacha,CWE-327,broken_cipher,secure,VULNERABLE,1,0,1,VERDICT: VULNERABLE  The code is using the `os.urandom()` function to generate a random nonce for the ChaCha20 cipher. T
1790462316,deepseek-coder:6.7b,ns_sha256,CWE-759,no_salt,vuln,SAFE,0,0,0,"VERDICT: SAFE The code is safe because it hashes a password and then converts the hashed result to a hexadecimal string,"
1790462319,deepseek-coder:6.7b,ns_sha256,CWE-759,no_salt,vuln,SAFE,0,0,1,"VERDICT: SAFE Reason: The code is safe as it converts a password into a SHA-256 hash, which is a one-way function and no"
1790462320,deepseek-coder:6.7b,ns_md5,CWE-759,no_salt,vuln,VULNERABLE,1,1,0,VERDICT: VULNERABLE Reason: The MD5 hash function is weak and susceptible to attacks. 
1790462322,deepseek-coder:6.7b,ns_md5,CWE-759,no_salt,vuln,VULNERABLE,1,1,1,"VERDICT: VULNERABLE Reason: This code is using MD5 for hashing, which is not considered secure. MD5 is not recommended f"
1790462326,deepseek-coder:6.7b,ns_lowiter,CWE-916,no_salt,vuln,VULNERABLE,1,1,0,VERDICT: VULNERABLE The code is vulnerable because the PBKDF2 implementation is using a hard-coded iteration count of 10
1790462327,deepseek-coder:6.7b,ns_lowiter,CWE-916,no_salt,vuln,SAFE,0,0,1,VERDICT: SAFE Reason: This code is safe as it is not exposing any sensitive data and it is correctly using a hash functi
1790462330,deepseek-coder:6.7b,ns_double,CWE-759,no_salt,vuln,SAFE,0,0,0,"VERDICT: SAFE Reason: This code is safe as it hashes password using SHA256 two times, which is a strong hashing algorith"
1790462332,deepseek-coder:6.7b,ns_double,CWE-759,no_salt,vuln,SAFE,0,0,1,VERDICT: SAFE Reason: This code does not contain any obvious security vulnerabilities. It hashes the input password usin
1790462336,deepseek-coder:6.7b,ns_pbkdf2,CWE-759,no_salt,secure,SAFE,0,1,0,VERDICT: SAFE Reason: The code is safe as it generates a salt using os.urandom and then uses the PBKDF2 with HMAC-SHA256
1790462340,deepseek-coder:6.7b,ns_pbkdf2,CWE-759,no_salt,secure,VULNERABLE,1,0,1,VERDICT: VULNERABLE Reason: The code is using the PBKDF2 HMAC method from the hashlib library to generate a derived key 
1790462343,deepseek-coder:6.7b,ns_scrypt,CWE-759,no_salt,secure,SAFE,0,1,0,VERDICT: SAFE Reason: This code is safe because it uses the scrypt function from the hashlib module which is a key deriv
1790462345,deepseek-coder:6.7b,ns_scrypt,CWE-759,no_salt,secure,SAFE,0,1,1,VERDICT: SAFE Reason: The code is secure as it correctly implements scrypt as a key derivation function. It uses a rando
1790462347,deepseek-coder:6.7b,cv_verifyfalse,CWE-295,cert_verify,vuln,VULNERABLE,1,1,0,"VERDICT: VULNERABLE This code is vulnerable because it bypasses SSL certificate verification, which could lead to potent"
1790462349,deepseek-coder:6.7b,cv_verifyfalse,CWE-295,cert_verify,vuln,VULNERABLE,1,1,1,VERDICT: VULNERABLE Reason: The code uses the requests library to make a GET request. The verify=False parameter means t
1790462351,deepseek-coder:6.7b,cv_sslctx,CWE-295,cert_verify,vuln,VULNERABLE,1,1,0,"VERDICT: VULNERABLE Reason: The code is using the unverified context to bypass SSL certificate verification, which can l"
1790462355,deepseek-coder:6.7b,cv_sslctx,CWE-295,cert_verify,vuln,VULNERABLE,1,1,1,VERDICT: VULNERABLE This code is vulnerable because it disables SSL certificate verification. It creates a context with 
1790462358,deepseek-coder:6.7b,cv_certnone,CWE-295,cert_verify,vuln,SAFE,0,0,0,VERDICT: SAFE Reason: The provided code doesn't expose any potential security risk. The SSL context is created without c
1790462360,deepseek-coder:6.7b,cv_certnone,CWE-295,cert_verify,vuln,VULNERABLE,1,1,1,VERDICT: VULNERABLE Reason: The function `ctx()` creates an SSL context that does not verify the server's certificate. T
1790462363,deepseek-coder:6.7b,cv_session,CWE-295,cert_verify,vuln,VULNERABLE,1,1,0,VERDICT: VULNERABLE  The code is making an HTTP(S) request without verifying the server's SSL certificate. This could ex
1790462368,deepseek-coder:6.7b,cv_session,CWE-295,cert_verify,vuln,VULNERABLE,1,1,1,"VERDICT: VULNERABLE Reason: This code is a simple session handling in requests library in Python. Here, the session obje"
1790462370,deepseek-coder:6.7b,cv_verifytrue,CWE-295,cert_verify,secure,VULNERABLE,1,0,0,VERDICT: VULNERABLE Reason: This code allows arbitrary internet requests which can be abused by malicious actors for DDo
1790462372,deepseek-coder:6.7b,cv_verifytrue,CWE-295,cert_verify,secure,SAFE,0,1,1,VERDICT: SAFE Reason: This function is safe because it does not contain any security vulnerabilities. The function uses 
1790462374,deepseek-coder:6.7b,cv_pinned,CWE-295,cert_verify,secure,SAFE,0,1,0,VERDICT: SAFE Reason: The code is safe because it's using the 'requests' library to perform a GET request. It's not usin
1790462377,deepseek-coder:6.7b,cv_pinned,CWE-295,cert_verify,secure,VULNERABLE,1,0,1,"VERDICT: VULNERABLE Reason: This code is using SSL certificate verification by specifying the path to the CA bundle, whi"
1790462384,codellama:7b,wh_md5pw,CWE-328,weak_hash,vuln,VULNERABLE,1,1,0,"VERDICT: VULNERABLE The code is vulnerable to a hash collision attack, which can be used to find collisions in the hash "
1790462386,codellama:7b,wh_md5pw,CWE-328,weak_hash,vuln,VULNERABLE,1,1,1,"VERDICT: VULNERABLE The store_password function uses MD5 hashing, which is not considered secure for password storage du"
1790462392,codellama:7b,wh_sha1pw,CWE-328,weak_hash,vuln,VULNERABLE,1,1,0, VERDICT: VULNERABLE The code is vulnerable to a hash collision attack.  The SHA-1 hash function is not designed to be a
1790462398,codellama:7b,wh_sha1pw,CWE-328,weak_hash,vuln,VULNERABLE,1,1,1, VERDICT: VULNERABLE The code is vulnerable to a password hash collision attack. The SHA-1 hash function is not collisio
1790462406,codellama:7b,wh_md5tok,CWE-328,weak_hash,vuln,SAFE,0,0,0,VERDICT: SAFE This code does not contain any security vulnerabilities. The `api_token` function uses the `hashlib.md5` f
1790462409,codellama:7b,wh_md5tok,CWE-328,weak_hash,vuln,VULNERABLE,1,1,1,"VERDICT: VULNERABLE The code uses MD5 hashing, which is a weak hashing algorithm. MD5 has been shown to be vulnerable to"
1790462412,codellama:7b,wh_sha1sig,CWE-328,weak_hash,vuln,VULNERABLE,1,1,0,VERDICT: VULNERABLE The sign function is vulnerable to a replay attack. The use of the sha1 hash function for message si
1790462418,codellama:7b,wh_sha1sig,CWE-328,weak_hash,vuln,VULNERABLE,1,1,1,"VERDICT: VULNERABLE The code uses SHA-1 for hashing, which is not secure enough to be used for signing. SHA-1 is a hash "
1790462424,codellama:7b,wh_bcrypt,CWE-328,weak_hash,secure,VULNERABLE,1,0,0," VERDICT: VULNERABLE The code uses bcrypt to hash the password, but it does not verify the password before storing it. T"
1790462428,codellama:7b,wh_bcrypt,CWE-328,weak_hash,secure,VULNERABLE,1,0,1, VERDICT: VULNERABLE The function does not properly handle the password input and could potentially lead to a security v
1790462435,codellama:7b,wh_argon,CWE-328,weak_hash,secure,VULNERABLE,1,0,0," VERDICT: VULNERABLE The code is vulnerable to a password hash collision attack, which can be used to bypass the passwor"
1790462442,codellama:7b,wh_argon,CWE-328,weak_hash,secure,VULNERABLE,1,0,1,VERDICT: VULNERABLE The use of argon2's PasswordHasher object in this code exposes the user's password to potential side
1790462446,codellama:7b,ecb_aes,CWE-327,ecb_mode,vuln,VULNERABLE,1,1,0," VERDICT: VULNERABLE The code is using the AES.MODE_ECB mode, which is vulnerable to block cipher attacks. A block ciphe"
1790462448,codellama:7b,ecb_aes,CWE-327,ecb_mode,vuln,VULNERABLE,1,1,1,VERDICT: VULNERABLE The code is vulnerable to a padding oracle attack. The encryption mode used in the code (AES.MODE_EC
1790462452,codellama:7b,ecb_aes2,CWE-327,ecb_mode,vuln,VULNERABLE,1,1,0,VERDICT: VULNERABLE The code is vulnerable to a padding oracle attack. The ECB mode of operation does not provide any co
1790462454,codellama:7b,ecb_aes2,CWE-327,ecb_mode,vuln,VULNERABLE,1,1,1,VERDICT: VULNERABLE The code is vulnerable to a padding oracle attack. The ECB mode of operation is vulnerable to such a
1790462459,codellama:7b,ecb_field,CWE-327,ecb_mode,vuln,VULNERABLE,1,1,0," VERDICT: VULNERABLE The code is using the ECB mode of AES encryption, which is vulnerable to several types of attacks, "
1790462463,codellama:7b,ecb_field,CWE-327,ecb_mode,vuln,VULNERABLE,1,1,1,VERDICT: VULNERABLE The code is vulnerable to a padding oracle attack. The use of ECB mode in AES.MODE_ECB is vulnerable
1790462468,codellama:7b,ecb_loop,CWE-327,ecb_mode,vuln,VULNERABLE,1,1,0,"VERDICT: VULNERABLE  The code is vulnerable to a padding oracle attack, which can be used to compromise the confidential"
1790462470,codellama:7b,ecb_loop,CWE-327,ecb_mode,vuln,VULNERABLE,1,1,1,VERDICT: VULNERABLE The code is vulnerable to a padding oracle attack. The use of the ECB mode of operation and the fact
1790462476,codellama:7b,ecb_gcm,CWE-327,ecb_mode,secure,SAFE,0,1,0,VERDICT: SAFE The code does not contain any obvious security vulnerabilities. It uses the `Crypto.Cipher` module from th
1790462478,codellama:7b,ecb_gcm,CWE-327,ecb_mode,secure,VULNERABLE,1,0,1,"VERDICT: VULNERABLE The code is vulnerable to a side-channel attack, specifically a cache timing attack. The nonce gener"
1790462484,codellama:7b,ecb_cbc,CWE-327,ecb_mode,secure,VULNERABLE,1,0,0,VERDICT: VULNERABLE  This code is vulnerable to a block cipher vulnerability. The use of os.urandom(16) to generate the 
1790462486,codellama:7b,ecb_cbc,CWE-327,ecb_mode,secure,VULNERABLE,1,0,1,"VERDICT: VULNERABLE The code is vulnerable to a padding oracle attack. The use of AES.MODE_CBC, which does not use paddi"
1790462491,codellama:7b,hk_aes,CWE-321,hardcoded_key,vuln,VULNERABLE,1,1,0," VERDICT: VULNERABLE The code is vulnerable to a padding oracle attack, which allows an attacker to recover the plaintex"
1790462493,codellama:7b,hk_aes,CWE-321,hardcoded_key,vuln,VULNERABLE,1,1,1,"VERDICT: VULNERABLE The code uses a static IV of all zeros, which is a common attack vector in the CBC mode of operation"
1790462499,codellama:7b,hk_hmac,CWE-321,hardcoded_key,vuln,SAFE,0,0,0, VERDICT: SAFE  This code is safe because it uses a cryptographically secure HMAC (Hash-based Message Authentication Cod
1790462504,codellama:7b,hk_hmac,CWE-321,hardcoded_key,vuln,VULNERABLE,1,1,1,VERDICT: VULNERABLE The code is vulnerable to a replay attack.  The sign() function uses a hardcoded secret key (SECRET)
1790462506,codellama:7b,hk_jwt,CWE-321,hardcoded_key,vuln,VULNERABLE,1,1,0,"VERDICT: VULNERABLE The JWT_SECRET is hardcoded, which means that it is not randomly generated and therefore is not cons"
1790462512,codellama:7b,hk_jwt,CWE-321,hardcoded_key,vuln,VULNERABLE,1,1,1,"VERDICT: VULNERABLE The code is vulnerable to a security issue because the JWT secret is stored in a hardcoded string, w"
1790462518,codellama:7b,hk_fernet,CWE-321,hardcoded_key,vuln,VULNERABLE,1,1,0,VERDICT: VULNERABLE The code contains a potential security vulnerability in the way it handles the encryption key. The k
1790462522,codellama:7b,hk_fernet,CWE-321,hardcoded_key,vuln,VULNERABLE,1,1,1,"VERDICT: VULNERABLE The code is using a hardcoded key for encryption, which is a security vulnerability. An attacker who"
1790462526,codellama:7b,hk_env,CWE-321,hardcoded_key,secure,VULNERABLE,1,0,0,"VERDICT: VULNERABLE Reason: The code uses the environment variable ""AES_KEY"" to get the encryption key, which means that"
1790462531,codellama:7b,hk_env,CWE-321,hardcoded_key,secure,VULNERABLE,1,0,1," VERDICT: VULNERABLE  The code is vulnerable to a potential attack known as a ""side-channel attack"". The use of `os.envi"
1790462538,codellama:7b,hk_env2,CWE-321,hardcoded_key,secure,VULNERABLE,1,0,0," VERDICT: VULNERABLE The code uses the environment variable ""SIGNING_KEY"" to obtain the signing key, which makes it vuln"
1790462545,codellama:7b,hk_env2,CWE-321,hardcoded_key,secure,VULNERABLE,1,0,1, VERDICT: VULNERABLE The code is vulnerable to an environment variable tampering attack. The use of the `os.environ` var
1790462548,codellama:7b,iv_zero,CWE-329,static_iv,vuln,VULNERABLE,1,1,0," VERDICT: VULNERABLE The code uses a fixed IV of all zeroes, which is a serious security vulnerability. An attacker can "
1790462552,codellama:7b,iv_zero,CWE-329,static_iv,vuln,VULNERABLE,1,1,1, VERDICT: VULNERABLE The code is vulnerable to a padding oracle attack. The use of a fixed IV for all encryption operati
1790462555,codellama:7b,iv_const,CWE-329,static_iv,vuln,VULNERABLE,1,1,0,VERDICT: VULNERABLE The code is vulnerable to a padding oracle attack because the IV is a fixed value and the same IV is
1790462557,codellama:7b,iv_const,CWE-329,static_iv,vuln,VULNERABLE,1,1,1,"VERDICT: VULNERABLE  The code is using a hardcoded IV, which is a security vulnerability. An attacker could potentially "
1790462561,codellama:7b,iv_nonce,CWE-329,static_iv,vuln,VULNERABLE,1,1,0,"VERDICT: VULNERABLE  The code is vulnerable to a nonce reuse attack. The nonce is a fixed value, ""000000000000"", which i"
1790462563,codellama:7b,iv_nonce,CWE-329,static_iv,vuln,VULNERABLE,1,1,1,"VERDICT: VULNERABLE The code is vulnerable to a replay attack, as the nonce is not properly randomized and can be guesse"
1790462565,codellama:7b,iv_reuse,CWE-329,static_iv,vuln,VULNERABLE,1,1,0,"VERDICT: VULNERABLE The code uses the default IV for AES encryption, which is not secure. An attacker who knows the key "
1790462571,codellama:7b,iv_reuse,CWE-329,static_iv,vuln,VULNERABLE,1,1,1," VERDICT: VULNERABLE  The code uses the default initialization vector (IV) of all 1s, which is a poor choice for many re"
1790462576,codellama:7b,iv_rand,CWE-329,static_iv,secure,VULNERABLE,1,0,0," VERDICT: VULNERABLE The code is vulnerable to a padding oracle attack. The function uses CBC mode, which assumes that t"
1790462581,codellama:7b,iv_rand,CWE-329,static_iv,secure,VULNERABLE,1,0,1,VERDICT: VULNERABLE The code is vulnerable to a replay attack. The function uses a random initialization vector (IV) for
1790462584,codellama:7b,iv_rand2,CWE-329,static_iv,secure,VULNERABLE,1,0,0,VERDICT: VULNERABLE  The code is vulnerable to a side-channel attack on the AES nonce generation. The nonce is generated
1790462591,codellama:7b,iv_rand2,CWE-329,static_iv,secure,VULNERABLE,1,0,1,VERDICT: VULNERABLE The code is vulnerable to a replay attack. The nonce used in the encryption process is generated ran
1790462596,codellama:7b,pr_token,CWE-338,weak_prng,vuln,VULNERABLE,1,1,0,"VERDICT: VULNERABLE The code is vulnerable to a potential attack known as a ""predictable random number attack"". The use "
1790462603,codellama:7b,pr_token,CWE-338,weak_prng,vuln,VULNERABLE,1,1,1, VERDICT: VULNERABLE  The code is vulnerable to a potential security vulnerability due to the use of `random.choice` to 
1790462606,codellama:7b,pr_otp,CWE-338,weak_prng,vuln,VULNERABLE,1,1,0,"VERDICT: VULNERABLE The function generate_otp() generates a random 6-digit number between 100000 and 999999, which may n"
1790462614,codellama:7b,pr_otp,CWE-338,weak_prng,vuln,VULNERABLE,1,1,1," VERDICT: VULNERABLE The function generates a random 6-digit OTP using the `random.randint()` function. However, the fun"
1790462620,codellama:7b,pr_reset,CWE-338,weak_prng,vuln,VULNERABLE,1,1,0,VERDICT: VULNERABLE The function generates a random reset token of length 32 using the `random.choices` function. Howeve
1790462623,codellama:7b,pr_reset,CWE-338,weak_prng,vuln,VULNERABLE,1,1,1,"VERDICT: VULNERABLE The function ""reset_token"" generates a token using the `random.choices` function, which can potentia"
1790462626,codellama:7b,pr_seed,CWE-338,weak_prng,vuln,VULNERABLE,1,1,0,"VERDICT: VULNERABLE The function uses the current time as a seed for generating a random number, which is not a secure w"
1790462630,codellama:7b,pr_seed,CWE-338,weak_prng,vuln,VULNERABLE,1,1,1, VERDICT: VULNERABLE The code is vulnerable to a timing attack because the random seed used in the function is based on 
1790462636,codellama:7b,pr_secrets,CWE-338,weak_prng,secure,VULNERABLE,1,0,0,"VERDICT: VULNERABLE The code is vulnerable to a type of attack known as a ""birthday attack."" In this type of attack, an "
1790462644,codellama:7b,pr_secrets,CWE-338,weak_prng,secure,SAFE,0,1,1,VERDICT: SAFE  This code does not contain any obvious security vulnerabilities. The `secrets` module is used to generate
1790462648,codellama:7b,pr_secrets2,CWE-338,weak_prng,secure,SAFE,0,1,0,VERDICT: SAFE This code does not contain any security vulnerabilities. It uses the `secrets` module from Python to gener
1790462653,codellama:7b,pr_secrets2,CWE-338,weak_prng,secure,VULNERABLE,1,0,1,VERDICT: VULNERABLE This code is vulnerable to a replay attack. The token generated by the `secrets.token_urlsafe(32)` f
1790462657,codellama:7b,sk_rsa512,CWE-326,short_key,vuln,VULNERABLE,1,1,0,VERDICT: VULNERABLE The code generates an RSA key with a key size of 512 bits. While 512 bits is sufficient for many app
1790462665,codellama:7b,sk_rsa512,CWE-326,short_key,vuln,VULNERABLE,1,1,1,"VERDICT: VULNERABLE This code is vulnerable to a known attack called the ""RSA keygen attack."" The generate function in t"
1790462675,codellama:7b,sk_rsa1024,CWE-326,short_key,vuln,VULNERABLE,1,1,0," VERDICT: VULNERABLE  The code is vulnerable to a side-channel attack, specifically a timing attack, due to the use of t"
1790462680,codellama:7b,sk_rsa1024,CWE-326,short_key,vuln,VULNERABLE,1,1,1, VERDICT: VULNERABLE  This code is vulnerable to a side-channel attack on the RSA key generation. The `RSA.generate()` m
1790462686,codellama:7b,sk_dsa,CWE-326,short_key,vuln,VULNERABLE,1,1,0,VERDICT: VULNERABLE  The code uses the `Crypto.PublicKey.DSA` module to generate a DSA public/private key pair with a ke
1790462690,codellama:7b,sk_dsa,CWE-326,short_key,vuln,VULNERABLE,1,1,1,"VERDICT: VULNERABLE The code uses the `Crypto.PublicKey.DSA` module, which is vulnerable to a side-channel attack. The `"
1790462695,codellama:7b,sk_rsa768,CWE-326,short_key,vuln,VULNERABLE,1,1,0," VERDICT: VULNERABLE  The code generates an RSA private key with a key size of 768 bits, which is relatively weak compar"
1790462700,codellama:7b,sk_rsa768,CWE-326,short_key,vuln,VULNERABLE,1,1,1,VERDICT: VULNERABLE The code contains a potential security vulnerability. The generate_private_key() function in the rsa
1790462703,codellama:7b,sk_rsa3072,CWE-326,short_key,secure,VULNERABLE,1,0,0,"VERDICT: VULNERABLE The code generates an RSA key of size 3072, which is a relatively small key size. A smaller key size"
1790462705,codellama:7b,sk_rsa3072,CWE-326,short_key,secure,VULNERABLE,1,0,1,VERDICT: VULNERABLE The code is vulnerable to a timing attack. The use of the `RSA.generate` function could reveal infor
1790462712,codellama:7b,sk_rsa4096,CWE-326,short_key,secure,VULNERABLE,1,0,0,"VERDICT: VULNERABLE The `cryptography` library uses OpenSSL to generate RSA keys, which means that it may be vulnerable "
1790462723,codellama:7b,sk_rsa4096,CWE-326,short_key,secure,VULNERABLE,1,0,1,"VERDICT: VULNERABLE The code uses the `cryptography` library, which is a popular and well-established library for workin"
1790462725,codellama:7b,bc_des,CWE-327,broken_cipher,vuln,VULNERABLE,1,1,0,"VERDICT: VULNERABLE The code is using a fixed IV (Initialization Vector) of all zeros, which is a security vulnerability"
1790462728,codellama:7b,bc_des,CWE-327,broken_cipher,vuln,VULNERABLE,1,1,1,"VERDICT: VULNERABLE The code uses the ECB mode of the DES algorithm, which is insecure because it does not use any integ"
1790462731,codellama:7b,bc_3des,CWE-327,broken_cipher,vuln,SAFE,0,0,0,VERDICT: SAFE  This code does not contain any security vulnerabilities. The DES3 class is a part of the PyCrypto library
1790462733,codellama:7b,bc_3des,CWE-327,broken_cipher,vuln,VULNERABLE,1,1,1,"VERDICT: VULNERABLE The code uses the DES3 algorithm, which is considered insecure and has been vulnerable to attacks. T"
1790462737,codellama:7b,bc_rc4,CWE-327,broken_cipher,vuln,VULNERABLE,1,1,0,VERDICT: VULNERABLE The ARC4 algorithm is a stream cipher that is considered insecure because it is susceptible to attac
1790462740,codellama:7b,bc_rc4,CWE-327,broken_cipher,vuln,VULNERABLE,1,1,1,"VERDICT: VULNERABLE The code uses the ARC4 algorithm, which is known to be vulnerable to a number of attacks, including "
1790462742,codellama:7b,bc_blowfish,CWE-327,broken_cipher,vuln,VULNERABLE,1,1,0, VERDICT: VULNERABLE The Blowfish module used in the code is vulnerable to a block-based cryptanalysis attack.
1790462745,codellama:7b,bc_blowfish,CWE-327,broken_cipher,vuln,VULNERABLE,1,1,1,"VERDICT: VULNERABLE The code is vulnerable to a block cipher padding oracle attack, which could be used to determine the"
1790462749,codellama:7b,bc_aesgcm,CWE-327,broken_cipher,secure,VULNERABLE,1,0,0," VERDICT: VULNERABLE The code is vulnerable to a replay attack, as the nonce (n) used for GCM mode is generated randomly"
1790462753,codellama:7b,bc_aesgcm,CWE-327,broken_cipher,secure,VULNERABLE,1,0,1,VERDICT: VULNERABLE This code is vulnerable to a potential side-channel attack called a cache-based timing attack. The u
1790462756,codellama:7b,bc_chacha,CWE-327,broken_cipher,secure,VULNERABLE,1,0,0,"VERDICT: VULNERABLE The code appears to use a cryptographic nonce (number used once) to prevent replay attacks. However,"
1790462760,codellama:7b,bc_chacha,CWE-327,broken_cipher,secure,VULNERABLE,1,0,1, VERDICT: VULNERABLE The function enc() is vulnerable to a nonce reuse attack. The nonce used in the encryption function
1790462763,codellama:7b,ns_sha256,CWE-759,no_salt,vuln,VULNERABLE,1,1,0,"VERDICT: VULNERABLE The derive function is using a hash function to generate a hash of the password, but it is not using"
1790462768,codellama:7b,ns_sha256,CWE-759,no_salt,vuln,VULNERABLE,1,1,1, VERDICT: VULNERABLE The code is vulnerable to a password cracking attack because it uses a single hashing function to d
1790462770,codellama:7b,ns_md5,CWE-759,no_salt,vuln,VULNERABLE,1,1,0," VERDICT: VULNERABLE The derive function uses the MD5 hash algorithm, which is considered to be a weak hash function due"
1790462774,codellama:7b,ns_md5,CWE-759,no_salt,vuln,VULNERABLE,1,1,1,"VERDICT: VULNERABLE The code is vulnerable to a hash collision attack. The MD5 hash function is not secure, and it is po"
1790462777,codellama:7b,ns_lowiter,CWE-916,no_salt,vuln,VULNERABLE,1,1,0,"VERDICT: VULNERABLE The PBKDF2 algorithm used in the code is vulnerable to a dictionary attack, as the salt value is not"
1790462779,codellama:7b,ns_lowiter,CWE-916,no_salt,vuln,VULNERABLE,1,1,1,VERDICT: VULNERABLE The code is vulnerable to a password cracking attack due to the use of a fixed iteration count of 10
1790462785,codellama:7b,ns_double,CWE-759,no_salt,vuln,VULNERABLE,1,1,0, VERDICT: VULNERABLE The code is vulnerable to a password guessing attack.  The function `derive` takes a password `pw` 
1790462788,codellama:7b,ns_double,CWE-759,no_salt,vuln,VULNERABLE,1,1,1, VERDICT: VULNERABLE  The code is vulnerable to a timing attack because it uses double hashing. The inner hashlib.sha256
1790462791,codellama:7b,ns_pbkdf2,CWE-759,no_salt,secure,VULNERABLE,1,0,0,"VERDICT: VULNERABLE The code uses PBKDF2 with a fixed number of iterations (200000), which is considered insecure. It is"
1790462796,codellama:7b,ns_pbkdf2,CWE-759,no_salt,secure,VULNERABLE,1,0,1," VERDICT: VULNERABLE The function is vulnerable to a dictionary attack, where an attacker can use a precomputed table of"
1790462802,codellama:7b,ns_scrypt,CWE-759,no_salt,secure,VULNERABLE,1,0,0,"VERDICT: VULNERABLE The function derives a password hash using the scrypt algorithm, which has been found to be vulnerab"
1790462805,codellama:7b,ns_scrypt,CWE-759,no_salt,secure,VULNERABLE,1,0,1,VERDICT: VULNERABLE The code is vulnerable to a dictionary attack because the salt used in the scrypt function is genera
1790462810,codellama:7b,cv_verifyfalse,CWE-295,cert_verify,vuln,VULNERABLE,1,1,0, VERDICT: VULNERABLE  The `verify=False` parameter in the `requests.get()` method is a potential security vulnerability.
1790462812,codellama:7b,cv_verifyfalse,CWE-295,cert_verify,vuln,VULNERABLE,1,1,1,VERDICT: VULNERABLE The `verify=False` parameter in the `requests.get()` method disables SSL/TLS certificate verificatio
1790462819,codellama:7b,cv_sslctx,CWE-295,cert_verify,vuln,VULNERABLE,1,1,0, VERDICT: VULNERABLE The function `fetch` uses the `ssl._create_unverified_context()` method to create an SSL context wi
1790462823,codellama:7b,cv_sslctx,CWE-295,cert_verify,vuln,VULNERABLE,1,1,1, VERDICT: VULNERABLE The code is vulnerable to the SSL strip attack. The call to `ssl._create_unverified_context()` bypa
1790462828,codellama:7b,cv_certnone,CWE-295,cert_verify,vuln,VULNERABLE,1,1,0,VERDICT: VULNERABLE The code is vulnerable to SSL/TLS stripping attacks. The `check_hostname` and `verify_mode` paramete
1790462829,codellama:7b,cv_certnone,CWE-295,cert_verify,vuln,VULNERABLE,1,1,1," VERDICT: VULNERABLE  The code disables both hostname verification and certificate verification, which is a serious secu"
1790462833,codellama:7b,cv_session,CWE-295,cert_verify,vuln,VULNERABLE,1,1,0," VERDICT: VULNERABLE  The `verify` parameter in the `Session` object is set to `False`, which disables the SSL/TLS certi"
1790462837,codellama:7b,cv_session,CWE-295,cert_verify,vuln,VULNERABLE,1,1,1,"VERDICT: VULNERABLE This code is vulnerable to SSL/TLS certificate validation bypass. The ""verify=False"" parameter in th"
1790462840,codellama:7b,cv_verifytrue,CWE-295,cert_verify,secure,VULNERABLE,1,0,0,VERDICT: VULNERABLE The function fetch makes a GET request using the requests library. This could potentially result in 
1790462843,codellama:7b,cv_verifytrue,CWE-295,cert_verify,secure,VULNERABLE,1,0,1,VERDICT: VULNERABLE The code is vulnerable to a potential open redirect attack. The `fetch` function makes a request to 
1790462849,codellama:7b,cv_pinned,CWE-295,cert_verify,secure,VULNERABLE,1,0,0," VERDICT: VULNERABLE The code is vulnerable to a certificate pinning attack. The ""verify"" parameter of the ""get"" method "
1790462851,codellama:7b,cv_pinned,CWE-295,cert_verify,secure,VULNERABLE,1,0,1,VERDICT: VULNERABLE The code is vulnerable to a man-in-the-middle attack because it uses the verify parameter of the req
1790464870,qwen2.5-coder:0.5b,wh_md5pw,CWE-328,weak_hash,vuln,VULNERABLE,1,1,0,VERDICT: VULNERABLE
1790464870,qwen2.5-coder:0.5b,wh_md5pw,CWE-328,weak_hash,vuln,VULNERABLE,1,1,1,VERDICT: VULNERABLE  The `hashlib.md5()` function creates a hash object using the MD5 algorithm. It converts the input p
1790464870,qwen2.5-coder:0.5b,wh_md5pw,CWE-328,weak_hash,vuln,VULNERABLE,1,1,2,"VERDICT: VULNERABLE Reason: The `hashlib` module is used to hash passwords, which can be vulnerable to cryptographic att"
1790464870,qwen2.5-coder:0.5b,wh_sha1pw,CWE-328,weak_hash,vuln,VULNERABLE,1,1,0,VULNERABLE
1790464870,qwen2.5-coder:0.5b,wh_sha1pw,CWE-328,weak_hash,vuln,SAFE,0,0,1,VERDICT: SAFE
1790464870,qwen2.5-coder:0.5b,wh_sha1pw,CWE-328,weak_hash,vuln,VULNERABLE,1,1,2,VERDICT: VULNERABLE
1790464870,qwen2.5-coder:0.5b,wh_md5tok,CWE-328,weak_hash,vuln,VULNERABLE,1,1,0,VULNERABLE
1790464870,qwen2.5-coder:0.5b,wh_md5tok,CWE-328,weak_hash,vuln,VULNERABLE,1,1,1,VULNERABLE
1790464870,qwen2.5-coder:0.5b,wh_md5tok,CWE-328,weak_hash,vuln,VULNERABLE,1,1,2,VULNERABLE
1790464870,qwen2.5-coder:0.5b,wh_sha1sig,CWE-328,weak_hash,vuln,VULNERABLE,1,1,0,VULNERABLE
1790464871,qwen2.5-coder:0.5b,wh_sha1sig,CWE-328,weak_hash,vuln,VULNERABLE,1,1,1,VULNERABLE
1790464871,qwen2.5-coder:0.5b,wh_sha1sig,CWE-328,weak_hash,vuln,VULNERABLE,1,1,2,VERDICT: VULNERABLE
1790464871,qwen2.5-coder:0.5b,wh_bcrypt,CWE-328,weak_hash,secure,VULNERABLE,1,0,0,VULNERABLE
1790464871,qwen2.5-coder:0.5b,wh_bcrypt,CWE-328,weak_hash,secure,VULNERABLE,1,0,1,VERDICT: VULNERABLE
1790464871,qwen2.5-coder:0.5b,wh_bcrypt,CWE-328,weak_hash,secure,VULNERABLE,1,0,2,VERDICT: VULNERABLE  or  VERDICT: SAFE
1790464871,qwen2.5-coder:0.5b,wh_argon,CWE-328,weak_hash,secure,VULNERABLE,1,0,0,VERDICT: VULNERABLE  or  VERDICT: SAFE
1790464871,qwen2.5-coder:0.5b,wh_argon,CWE-328,weak_hash,secure,VULNERABLE,1,0,1,VULNERABLE
1790464871,qwen2.5-coder:0.5b,wh_argon,CWE-328,weak_hash,secure,VULNERABLE,1,0,2,VULNERABLE
1790464871,qwen2.5-coder:0.5b,ecb_aes,CWE-327,ecb_mode,vuln,VULNERABLE,1,1,0,VERDICT: VULNERABLE
1790464871,qwen2.5-coder:0.5b,ecb_aes,CWE-327,ecb_mode,vuln,VULNERABLE,1,1,1,"VERDICT: VULNERABLE  because AES encryption is not secure for sensitive data, such as passwords or personal information,"
1790464871,qwen2.5-coder:0.5b,ecb_aes,CWE-327,ecb_mode,vuln,VULNERABLE,1,1,2,VULNERABLE
1790464871,qwen2.5-coder:0.5b,ecb_aes2,CWE-327,ecb_mode,vuln,VULNERABLE,1,1,0,VERDICT: VULNERABLE
1790464871,qwen2.5-coder:0.5b,ecb_aes2,CWE-327,ecb_mode,vuln,VULNERABLE,1,1,1,VULNERABLE
1790464872,qwen2.5-coder:0.5b,ecb_aes2,CWE-327,ecb_mode,vuln,SAFE,0,0,2,VERDICT: SAFE The code is secure as it does not use any cryptographic libraries that could be vulnerable to side-channel
1790464872,qwen2.5-coder:0.5b,ecb_field,CWE-327,ecb_mode,vuln,VULNERABLE,1,1,0,VULNERABLE
1790464872,qwen2.5-coder:0.5b,ecb_field,CWE-327,ecb_mode,vuln,VULNERABLE,1,1,1,VULNERABLE
1790464872,qwen2.5-coder:0.5b,ecb_field,CWE-327,ecb_mode,vuln,VULNERABLE,1,1,2,VULNERABLE
1790464872,qwen2.5-coder:0.5b,ecb_loop,CWE-327,ecb_mode,vuln,VULNERABLE,1,1,0,VULNERABLE
1790464872,qwen2.5-coder:0.5b,ecb_loop,CWE-327,ecb_mode,vuln,VULNERABLE,1,1,1,VULNERABLE
1790464872,qwen2.5-coder:0.5b,ecb_loop,CWE-327,ecb_mode,vuln,VULNERABLE,1,1,2,VULNERABLE
1790464872,qwen2.5-coder:0.5b,ecb_gcm,CWE-327,ecb_mode,secure,VULNERABLE,1,0,0,VULNERABLE
1790464872,qwen2.5-coder:0.5b,ecb_gcm,CWE-327,ecb_mode,secure,VULNERABLE,1,0,1,VULNERABLE
1790464872,qwen2.5-coder:0.5b,ecb_gcm,CWE-327,ecb_mode,secure,VULNERABLE,1,0,2,VULNERABLE
1790464872,qwen2.5-coder:0.5b,ecb_cbc,CWE-327,ecb_mode,secure,VULNERABLE,1,0,0,VULNERABLE
1790464872,qwen2.5-coder:0.5b,ecb_cbc,CWE-327,ecb_mode,secure,VULNERABLE,1,0,1,VULNERABLE
1790464872,qwen2.5-coder:0.5b,ecb_cbc,CWE-327,ecb_mode,secure,VULNERABLE,1,0,2,VULNERABLE
1790464872,qwen2.5-coder:0.5b,hk_aes,CWE-321,hardcoded_key,vuln,VULNERABLE,1,1,0,VULNERABLE
1790464872,qwen2.5-coder:0.5b,hk_aes,CWE-321,hardcoded_key,vuln,VULNERABLE,1,1,1,VULNERABLE
1790464872,qwen2.5-coder:0.5b,hk_aes,CWE-321,hardcoded_key,vuln,VULNERABLE,1,1,2,VULNERABLE
1790464872,qwen2.5-coder:0.5b,hk_hmac,CWE-321,hardcoded_key,vuln,VULNERABLE,1,1,0,VULNERABLE
1790464872,qwen2.5-coder:0.5b,hk_hmac,CWE-321,hardcoded_key,vuln,VULNERABLE,1,1,1,VULNERABLE
1790464872,qwen2.5-coder:0.5b,hk_hmac,CWE-321,hardcoded_key,vuln,VULNERABLE,1,1,2,VERDICT: VULNERABLE
1790464873,qwen2.5-coder:0.5b,hk_jwt,CWE-321,hardcoded_key,vuln,VULNERABLE,1,1,0,VULNERABLE
1790464873,qwen2.5-coder:0.5b,hk_jwt,CWE-321,hardcoded_key,vuln,VULNERABLE,1,1,1,VULNERABLE
1790464873,qwen2.5-coder:0.5b,hk_jwt,CWE-321,hardcoded_key,vuln,VULNERABLE,1,1,2,VERDICT: VULNERABLE
1790464873,qwen2.5-coder:0.5b,hk_fernet,CWE-321,hardcoded_key,vuln,VULNERABLE,1,1,0,VERDICT: VULNERABLE
1790464873,qwen2.5-coder:0.5b,hk_fernet,CWE-321,hardcoded_key,vuln,VULNERABLE,1,1,1,VULNERABLE
1790464873,qwen2.5-coder:0.5b,hk_fernet,CWE-321,hardcoded_key,vuln,VULNERABLE,1,1,2,VERDICT: VULNERABLE 
1790464873,qwen2.5-coder:0.5b,hk_env,CWE-321,hardcoded_key,secure,VULNERABLE,1,0,0,VERDICT: VULNERABLE  or  VERDICT: SAFE
1790464873,qwen2.5-coder:0.5b,hk_env,CWE-321,hardcoded_key,secure,VULNERABLE,1,0,1,VULNERABLE 
1790464873,qwen2.5-coder:0.5b,hk_env,CWE-321,hardcoded_key,secure,VULNERABLE,1,0,2,VULNERABLE
1790464873,qwen2.5-coder:0.5b,hk_env2,CWE-321,hardcoded_key,secure,VULNERABLE,1,0,0,VULNERABLE
1790464873,qwen2.5-coder:0.5b,hk_env2,CWE-321,hardcoded_key,secure,VULNERABLE,1,0,1,VULNERABLE
1790464873,qwen2.5-coder:0.5b,hk_env2,CWE-321,hardcoded_key,secure,VULNERABLE,1,0,2,VULNERABLE
1790464873,qwen2.5-coder:0.5b,iv_zero,CWE-329,static_iv,vuln,VULNERABLE,1,1,0,VULNERABLE
1790464873,qwen2.5-coder:0.5b,iv_zero,CWE-329,static_iv,vuln,VULNERABLE,1,1,1,VULNERABLE
1790464873,qwen2.5-coder:0.5b,iv_zero,CWE-329,static_iv,vuln,VULNERABLE,1,1,2,VULNERABLE
1790464874,qwen2.5-coder:0.5b,iv_const,CWE-329,static_iv,vuln,VULNERABLE,1,1,0,VERDICT: VULNERABLE  The code contains a vulnerability because the encryption key is hardcoded in the `enc` function wit
1790464874,qwen2.5-coder:0.5b,iv_const,CWE-329,static_iv,vuln,VULNERABLE,1,1,1,VERDICT: VULNERABLE
1790464874,qwen2.5-coder:0.5b,iv_const,CWE-329,static_iv,vuln,VULNERABLE,1,1,2,VERDICT: VULNERABLE Explanation: The given code is vulnerable to a security vulnerability due to the use of a constant I
1790464874,qwen2.5-coder:0.5b,iv_nonce,CWE-329,static_iv,vuln,VULNERABLE,1,1,0,VERDICT: VULNERABLE  or  VERDICT: SAFE
1790464874,qwen2.5-coder:0.5b,iv_nonce,CWE-329,static_iv,vuln,VULNERABLE,1,1,1,VULNERABLE
1790464874,qwen2.5-coder:0.5b,iv_nonce,CWE-329,static_iv,vuln,VULNERABLE,1,1,2,VULNERABLE
1790464874,qwen2.5-coder:0.5b,iv_reuse,CWE-329,static_iv,vuln,VULNERABLE,1,1,0,VERDICT: VULNERABLE 
1790464874,qwen2.5-coder:0.5b,iv_reuse,CWE-329,static_iv,vuln,VULNERABLE,1,1,1,VERDICT: VULNERABLE
1790464874,qwen2.5-coder:0.5b,iv_reuse,CWE-329,static_iv,vuln,VULNERABLE,1,1,2,VULNERABLE
1790464874,qwen2.5-coder:0.5b,iv_rand,CWE-329,static_iv,secure,VULNERABLE,1,0,0,VULNERABLE
1790464874,qwen2.5-coder:0.5b,iv_rand,CWE-329,static_iv,secure,VULNERABLE,1,0,1,VULNERABLE
1790464875,qwen2.5-coder:0.5b,iv_rand,CWE-329,static_iv,secure,VULNERABLE,1,0,2,VERDICT: VULNERABLE
1790464875,qwen2.5-coder:0.5b,iv_rand2,CWE-329,static_iv,secure,VULNERABLE,1,0,0,VULNERABLE
1790464875,qwen2.5-coder:0.5b,iv_rand2,CWE-329,static_iv,secure,VULNERABLE,1,0,1,VERDICT: VULNERABLE
1790464875,qwen2.5-coder:0.5b,iv_rand2,CWE-329,static_iv,secure,VULNERABLE,1,0,2,VULNERABLE
1790464875,qwen2.5-coder:0.5b,pr_token,CWE-338,weak_prng,vuln,VULNERABLE,1,1,0,VULNERABLE
1790464875,qwen2.5-coder:0.5b,pr_token,CWE-338,weak_prng,vuln,VULNERABLE,1,1,1,VULNERABLE
1790464875,qwen2.5-coder:0.5b,pr_token,CWE-338,weak_prng,vuln,VULNERABLE,1,1,2,VULNERABLE
1790464875,qwen2.5-coder:0.5b,pr_otp,CWE-338,weak_prng,vuln,VULNERABLE,1,1,0,VERDICT: VULNERABLE  or  VERDICT: SAFE
1790464875,qwen2.5-coder:0.5b,pr_otp,CWE-338,weak_prng,vuln,VULNERABLE,1,1,1,VERDICT: VULNERABLE  or  VERDICT: SAFE
1790464875,qwen2.5-coder:0.5b,pr_otp,CWE-338,weak_prng,vuln,VULNERABLE,1,1,2,VERDICT: VULNERABLE
1790464875,qwen2.5-coder:0.5b,pr_reset,CWE-338,weak_prng,vuln,VULNERABLE,1,1,0,VULNERABLE
1790464875,qwen2.5-coder:0.5b,pr_reset,CWE-338,weak_prng,vuln,VULNERABLE,1,1,1,VERDICT: VULNERABLE  as the `random.choices` function does not generate a consistent sequence of characters.
1790464875,qwen2.5-coder:0.5b,pr_reset,CWE-338,weak_prng,vuln,VULNERABLE,1,1,2,VERDICT: VULNERABLE
1790464875,qwen2.5-coder:0.5b,pr_seed,CWE-338,weak_prng,vuln,VULNERABLE,1,1,0,VERDICT: VULNERABLE 
1790464875,qwen2.5-coder:0.5b,pr_seed,CWE-338,weak_prng,vuln,VULNERABLE,1,1,1,VULNERABLE
1790464875,qwen2.5-coder:0.5b,pr_seed,CWE-338,weak_prng,vuln,VULNERABLE,1,1,2,VULNERABLE
1790464876,qwen2.5-coder:0.5b,pr_secrets,CWE-338,weak_prng,secure,VULNERABLE,1,0,0,VERDICT: VULNERABLE Reason: The code is vulnerable to a security risk. The `secrets.token_hex(n)` function generates a r
1790464876,qwen2.5-coder:0.5b,pr_secrets,CWE-338,weak_prng,secure,VULNERABLE,1,0,1,VERDICT: VULNERABLE  or  VERDICT: SAFE
1790464876,qwen2.5-coder:0.5b,pr_secrets,CWE-338,weak_prng,secure,VULNERABLE,1,0,2,VULNERABLE
1790464876,qwen2.5-coder:0.5b,pr_secrets2,CWE-338,weak_prng,secure,VULNERABLE,1,0,0,VERDICT: VULNERABLE
1790464876,qwen2.5-coder:0.5b,pr_secrets2,CWE-338,weak_prng,secure,VULNERABLE,1,0,1,VERDICT: VULNERABLE
1790464876,qwen2.5-coder:0.5b,pr_secrets2,CWE-338,weak_prng,secure,SAFE,0,1,2,VERDICT: SAFE
1790464876,qwen2.5-coder:0.5b,sk_rsa512,CWE-326,short_key,vuln,VULNERABLE,1,1,0,VULNERABLE
1790464876,qwen2.5-coder:0.5b,sk_rsa512,CWE-326,short_key,vuln,VULNERABLE,1,1,1,VULNERABLE
1790464876,qwen2.5-coder:0.5b,sk_rsa512,CWE-326,short_key,vuln,VULNERABLE,1,1,2,VULNERABLE
1790464876,qwen2.5-coder:0.5b,sk_rsa1024,CWE-326,short_key,vuln,VULNERABLE,1,1,0,VULNERABLE
1790464876,qwen2.5-coder:0.5b,sk_rsa1024,CWE-326,short_key,vuln,VULNERABLE,1,1,1,VULNERABLE
1790464876,qwen2.5-coder:0.5b,sk_rsa1024,CWE-326,short_key,vuln,VULNERABLE,1,1,2,VULNERABLE
1790464876,qwen2.5-coder:0.5b,sk_dsa,CWE-326,short_key,vuln,VULNERABLE,1,1,0,VULNERABLE
1790464877,qwen2.5-coder:0.5b,sk_dsa,CWE-326,short_key,vuln,VULNERABLE,1,1,1,VULNERABLE
1790464877,qwen2.5-coder:0.5b,sk_dsa,CWE-326,short_key,vuln,VULNERABLE,1,1,2,VULNERABLE
1790464877,qwen2.5-coder:0.5b,sk_rsa768,CWE-326,short_key,vuln,VULNERABLE,1,1,0,VULNERABLE
1790464877,qwen2.5-coder:0.5b,sk_rsa768,CWE-326,short_key,vuln,VULNERABLE,1,1,1,VULNERABLE
1790464877,qwen2.5-coder:0.5b,sk_rsa768,CWE-326,short_key,vuln,VULNERABLE,1,1,2,VULNERABLE
1790464877,qwen2.5-coder:0.5b,sk_rsa3072,CWE-326,short_key,secure,VULNERABLE,1,0,0,VULNERABLE
1790464877,qwen2.5-coder:0.5b,sk_rsa3072,CWE-326,short_key,secure,VULNERABLE,1,0,1,"VERDICT: VULNERABLE Reason: The `RSA.generate(3072)` method is not securely random, allowing attackers to generate a key"
1790464877,qwen2.5-coder:0.5b,sk_rsa3072,CWE-326,short_key,secure,VULNERABLE,1,0,2,VULNERABLE
1790464877,qwen2.5-coder:0.5b,sk_rsa4096,CWE-326,short_key,secure,VULNERABLE,1,0,0,VULNERABLE
1790464877,qwen2.5-coder:0.5b,sk_rsa4096,CWE-326,short_key,secure,VULNERABLE,1,0,1,VERDICT: VULNERABLE
1790464877,qwen2.5-coder:0.5b,sk_rsa4096,CWE-326,short_key,secure,VULNERABLE,1,0,2,VULNERABLE
1790464877,qwen2.5-coder:0.5b,bc_des,CWE-327,broken_cipher,vuln,VULNERABLE,1,1,0,VULNERABLE
1790464877,qwen2.5-coder:0.5b,bc_des,CWE-327,broken_cipher,vuln,VULNERABLE,1,1,1,VULNERABLE
1790464877,qwen2.5-coder:0.5b,bc_des,CWE-327,broken_cipher,vuln,VULNERABLE,1,1,2,VERDICT: VULNERABLE
1790464877,qwen2.5-coder:0.5b,bc_3des,CWE-327,broken_cipher,vuln,VULNERABLE,1,1,0,VULNERABLE
1790464877,qwen2.5-coder:0.5b,bc_3des,CWE-327,broken_cipher,vuln,VULNERABLE,1,1,1,VULNERABLE
1790464877,qwen2.5-coder:0.5b,bc_3des,CWE-327,broken_cipher,vuln,VULNERABLE,1,1,2,VULNERABLE
1790464878,qwen2.5-coder:0.5b,bc_rc4,CWE-327,broken_cipher,vuln,VULNERABLE,1,1,0,VULNERABLE
1790464878,qwen2.5-coder:0.5b,bc_rc4,CWE-327,broken_cipher,vuln,VULNERABLE,1,1,1,VULNERABLE
1790464878,qwen2.5-coder:0.5b,bc_rc4,CWE-327,broken_cipher,vuln,VULNERABLE,1,1,2,VERDICT: VULNERABLE
1790464878,qwen2.5-coder:0.5b,bc_blowfish,CWE-327,broken_cipher,vuln,VULNERABLE,1,1,0,VULNERABLE
1790464878,qwen2.5-coder:0.5b,bc_blowfish,CWE-327,broken_cipher,vuln,VULNERABLE,1,1,1,VULNERABLE
1790464878,qwen2.5-coder:0.5b,bc_blowfish,CWE-327,broken_cipher,vuln,VULNERABLE,1,1,2,VULNERABLE
1790464878,qwen2.5-coder:0.5b,bc_aesgcm,CWE-327,broken_cipher,secure,VULNERABLE,1,0,0,VULNERABLE
1790464878,qwen2.5-coder:0.5b,bc_aesgcm,CWE-327,broken_cipher,secure,VULNERABLE,1,0,1,VULNERABLE  or  VERDICT: VULNERABLE
1790464878,qwen2.5-coder:0.5b,bc_aesgcm,CWE-327,broken_cipher,secure,VULNERABLE,1,0,2,VULNERABLE
1790464878,qwen2.5-coder:0.5b,bc_chacha,CWE-327,broken_cipher,secure,VULNERABLE,1,0,0,VULNERABLE
1790464878,qwen2.5-coder:0.5b,bc_chacha,CWE-327,broken_cipher,secure,VULNERABLE,1,0,1,VULNERABLE
1790464878,qwen2.5-coder:0.5b,bc_chacha,CWE-327,broken_cipher,secure,VULNERABLE,1,0,2,VULNERABLE
1790464878,qwen2.5-coder:0.5b,ns_sha256,CWE-759,no_salt,vuln,VULNERABLE,1,1,0,VULNERABLE
1790464878,qwen2.5-coder:0.5b,ns_sha256,CWE-759,no_salt,vuln,VULNERABLE,1,1,1,VULNERABLE
1790464878,qwen2.5-coder:0.5b,ns_sha256,CWE-759,no_salt,vuln,VULNERABLE,1,1,2,VULNERABLE
1790464878,qwen2.5-coder:0.5b,ns_md5,CWE-759,no_salt,vuln,VULNERABLE,1,1,0,VULNERABLE
1790464878,qwen2.5-coder:0.5b,ns_md5,CWE-759,no_salt,vuln,SAFE,0,0,1,VERDICT: SAFE
1790464878,qwen2.5-coder:0.5b,ns_md5,CWE-759,no_salt,vuln,SAFE,0,0,2,VERDICT: SAFE
1790464878,qwen2.5-coder:0.5b,ns_lowiter,CWE-916,no_salt,vuln,VULNERABLE,1,1,0,VULNERABLE
1790464879,qwen2.5-coder:0.5b,ns_lowiter,CWE-916,no_salt,vuln,VULNERABLE,1,1,1,"VERDICT: VULNERABLE  The code uses the `hashlib.pbkdf2_hmac` function, which is a common and secure method for generatin"
1790464879,qwen2.5-coder:0.5b,ns_lowiter,CWE-916,no_salt,vuln,VULNERABLE,1,1,2,VERDICT: VULNERABLE
1790464879,qwen2.5-coder:0.5b,ns_double,CWE-759,no_salt,vuln,SAFE,0,0,0,VERDICT: SAFE
1790464879,qwen2.5-coder:0.5b,ns_double,CWE-759,no_salt,vuln,SAFE,0,0,1,VERDICT: SAFE
1790464879,qwen2.5-coder:0.5b,ns_double,CWE-759,no_salt,vuln,VULNERABLE,1,1,2,VERDICT: VULNERABLE
1790464880,qwen2.5-coder:0.5b,ns_pbkdf2,CWE-759,no_salt,secure,VULNERABLE,1,0,0,VULNERABLE: The code is vulnerable to buffer overflows due to the fact that it does not properly handle the length of th
1790464880,qwen2.5-coder:0.5b,ns_pbkdf2,CWE-759,no_salt,secure,VULNERABLE,1,0,1,VERDICT: VULNERABLE  The provided code contains a security vulnerability that allows for rainbow table attacks. The `has
1790464880,qwen2.5-coder:0.5b,ns_pbkdf2,CWE-759,no_salt,secure,VULNERABLE,1,0,2,VULNERABLE
1790464880,qwen2.5-coder:0.5b,ns_scrypt,CWE-759,no_salt,secure,VULNERABLE,1,0,0,VULNERABLE
1790464880,qwen2.5-coder:0.5b,ns_scrypt,CWE-759,no_salt,secure,SAFE,0,1,1,VERDICT: SAFE
1790464881,qwen2.5-coder:0.5b,ns_scrypt,CWE-759,no_salt,secure,VULNERABLE,1,0,2,"VERDICT: VULNERABLE  REASON: The code does not use any secure cryptographic operations, such as hashing passwords, which"
1790464881,qwen2.5-coder:0.5b,cv_verifyfalse,CWE-295,cert_verify,vuln,VULNERABLE,1,1,0,VERDICT: VULNERABLE
1790464881,qwen2.5-coder:0.5b,cv_verifyfalse,CWE-295,cert_verify,vuln,VULNERABLE,1,1,1,VULNERABLE
1790464881,qwen2.5-coder:0.5b,cv_verifyfalse,CWE-295,cert_verify,vuln,VULNERABLE,1,1,2,VULNERABLE
1790464881,qwen2.5-coder:0.5b,cv_sslctx,CWE-295,cert_verify,vuln,VULNERABLE,1,1,0,VULNERABLE
1790464881,qwen2.5-coder:0.5b,cv_sslctx,CWE-295,cert_verify,vuln,VULNERABLE,1,1,1,VERDICT: VULNERABLE
1790464881,qwen2.5-coder:0.5b,cv_sslctx,CWE-295,cert_verify,vuln,SAFE,0,0,2,VERDICT: SAFE
1790464881,qwen2.5-coder:0.5b,cv_certnone,CWE-295,cert_verify,vuln,VULNERABLE,1,1,0,VULNERABLE
1790464881,qwen2.5-coder:0.5b,cv_certnone,CWE-295,cert_verify,vuln,VULNERABLE,1,1,1,VULNERABLE
1790464881,qwen2.5-coder:0.5b,cv_certnone,CWE-295,cert_verify,vuln,VULNERABLE,1,1,2,VULNERABLE
1790464881,qwen2.5-coder:0.5b,cv_session,CWE-295,cert_verify,vuln,VULNERABLE,1,1,0,VULNERABLE
1790464881,qwen2.5-coder:0.5b,cv_session,CWE-295,cert_verify,vuln,VULNERABLE,1,1,1,VULNERABLE
1790464881,qwen2.5-coder:0.5b,cv_session,CWE-295,cert_verify,vuln,VULNERABLE,1,1,2,VULNERABLE
1790464881,qwen2.5-coder:0.5b,cv_verifytrue,CWE-295,cert_verify,secure,VULNERABLE,1,0,0,"VULNERABLE: Vulnerable  # The function does not validate the URL before making a GET request, which could lead to securi"
1790464881,qwen2.5-coder:0.5b,cv_verifytrue,CWE-295,cert_verify,secure,VULNERABLE,1,0,1,VULNERABLE
1790464881,qwen2.5-coder:0.5b,cv_verifytrue,CWE-295,cert_verify,secure,VULNERABLE,1,0,2,VULNERABLE
1790464881,qwen2.5-coder:0.5b,cv_pinned,CWE-295,cert_verify,secure,SAFE,0,1,0,VERDICT: SAFE
1790464881,qwen2.5-coder:0.5b,cv_pinned,CWE-295,cert_verify,secure,VULNERABLE,1,0,1,VULNERABLE
1790464881,qwen2.5-coder:0.5b,cv_pinned,CWE-295,cert_verify,secure,VULNERABLE,1,0,2,VULNERABLE
1790464883,qwen2.5-coder:1.5b,wh_md5pw,CWE-328,weak_hash,vuln,VULNERABLE,1,1,0,VERDICT: VULNERABLE The provided code does not contain a security vulnerability. It uses the MD5 hashing algorithm to st
1790464884,qwen2.5-coder:1.5b,wh_md5pw,CWE-328,weak_hash,vuln,VULNERABLE,1,1,1,VERDICT: VULNERABLE  The provided code does not contain a security vulnerability.
1790464884,qwen2.5-coder:1.5b,wh_md5pw,CWE-328,weak_hash,vuln,VULNERABLE,1,1,2,"VERDICT: VULNERABLE The code uses MD5, which is not considered secure for password storage due to its vulnerabilities."
1790464884,qwen2.5-coder:1.5b,wh_sha1pw,CWE-328,weak_hash,vuln,VULNERABLE,1,1,0,"VERDICT: VULNERABLE Reason: The function does not hash the password input before returning it, which means the original "
1790464885,qwen2.5-coder:1.5b,wh_sha1pw,CWE-328,weak_hash,vuln,SAFE,0,0,1,VERDICT: SAFE The code does not contain any security vulnerabilities.
1790464885,qwen2.5-coder:1.5b,wh_sha1pw,CWE-328,weak_hash,vuln,VULNERABLE,1,1,2,"VERDICT: VULNERABLE This code uses SHA-1 hashing, which is considered less secure than newer hashing algorithms like SHA"
1790464886,qwen2.5-coder:1.5b,wh_md5tok,CWE-328,weak_hash,vuln,VULNERABLE,1,1,0,"VERDICT: VULNERABLE  The code uses `hashlib.md5` to generate a hash of the user ID, which can be easily reversed if the "
1790464886,qwen2.5-coder:1.5b,wh_md5tok,CWE-328,weak_hash,vuln,VULNERABLE,1,1,1,VERDICT: VULNERABLE  The `api_token` function uses `hashlib.md5` to generate an MD5 hash of the user's ID. This hash is 
1790464887,qwen2.5-coder:1.5b,wh_md5tok,CWE-328,weak_hash,vuln,VULNERABLE,1,1,2,VERDICT: VULNERABLE The `api_token` function uses `hashlib.md5` to generate a SHA-1 hash of the user's ID. SHA-1 is a we
1790464888,qwen2.5-coder:1.5b,wh_sha1sig,CWE-328,weak_hash,vuln,VULNERABLE,1,1,0,"VERDICT: VULNERABLE Reason: The code uses SHA-1 hashing, which is vulnerable to attacks like SHA-1 collisions. SHA-1 is "
1790464888,qwen2.5-coder:1.5b,wh_sha1sig,CWE-328,weak_hash,vuln,SAFE,0,0,1,VERDICT: SAFE
1790464888,qwen2.5-coder:1.5b,wh_sha1sig,CWE-328,weak_hash,vuln,VULNERABLE,1,1,2,VERDICT: VULNERABLE The code does not properly handle input validation or protect against potential security risks such 
1790464889,qwen2.5-coder:1.5b,wh_bcrypt,CWE-328,weak_hash,secure,VULNERABLE,1,0,0,VERDICT: VULNERABLE bcrypt does not prevent dictionary attacks by generating salt every time a hash is generated. This m
1790464890,qwen2.5-coder:1.5b,wh_bcrypt,CWE-328,weak_hash,secure,VULNERABLE,1,0,1,"VERDICT: VULNERABLE  The code uses `bcrypt.hashpw` to hash passwords, but it does not include any additional security me"
1790464890,qwen2.5-coder:1.5b,wh_bcrypt,CWE-328,weak_hash,secure,VULNERABLE,1,0,2,"VERDICT: VULNERABLE  The bcrypt function requires an additional salt to be generated for each password. Without this, th"
1790464891,qwen2.5-coder:1.5b,wh_argon,CWE-328,weak_hash,secure,VULNERABLE,1,0,0,VERDICT: VULNERABLE The code does not have any security vulnerabilities.
1790464891,qwen2.5-coder:1.5b,wh_argon,CWE-328,weak_hash,secure,VULNERABLE,1,0,1,VERDICT: VULNERABLE  The code does not contain a security vulnerability.
1790464891,qwen2.5-coder:1.5b,wh_argon,CWE-328,weak_hash,secure,SAFE,0,1,2,VERDICT: SAFE The code does not contain a security vulnerability. It uses the Argon2 password hashing algorithm securely
1790464891,qwen2.5-coder:1.5b,ecb_aes,CWE-327,ecb_mode,vuln,VULNERABLE,1,1,0,VERDICT: VULNERABLE  This code does not contain any security vulnerabilities.
1790464892,qwen2.5-coder:1.5b,ecb_aes,CWE-327,ecb_mode,vuln,VULNERABLE,1,1,1,"VERDICT: VULNERABLE  AES ECB mode is vulnerable to the birthday attack, making it susceptible to a known-plaintext attac"
1790464892,qwen2.5-coder:1.5b,ecb_aes,CWE-327,ecb_mode,vuln,VULNERABLE,1,1,2,"VERDICT: VULNERABLE  The provided code uses AES in ECB mode, which is not secure against chosen plaintext attacks. ECB m"
1790464893,qwen2.5-coder:1.5b,ecb_aes2,CWE-327,ecb_mode,vuln,VULNERABLE,1,1,0,VERDICT: VULNERABLE Reason: ECB mode does not provide any security against chosen plaintext attacks.
1790464893,qwen2.5-coder:1.5b,ecb_aes2,CWE-327,ecb_mode,vuln,VULNERABLE,1,1,1,"VERDICT: VULNERABLE Reason: ECB mode is vulnerable to certain types of attacks, such as chosen plaintext attacks."
1790464894,qwen2.5-coder:1.5b,ecb_aes2,CWE-327,ecb_mode,vuln,SAFE,0,0,2,VERDICT: SAFE  The provided code is safe from security vulnerabilities. It uses the AES encryption algorithm with Electr
1790464894,qwen2.5-coder:1.5b,ecb_field,CWE-327,ecb_mode,vuln,VULNERABLE,1,1,0,"VERDICT: VULNERABLE The function `encrypt_ssn` does not check if the key is 16 bytes long before encrypting the SSN, whi"
1790464895,qwen2.5-coder:1.5b,ecb_field,CWE-327,ecb_mode,vuln,VULNERABLE,1,1,1,VERDICT: VULNERABLE  The function does not validate the input before processing the AES encryption. It assumes that the 
1790464896,qwen2.5-coder:1.5b,ecb_field,CWE-327,ecb_mode,vuln,VULNERABLE,1,1,2,"VERDICT: VULNERABLE  The code uses ECB mode for AES encryption, which is vulnerable to certain attacks such as birthday "
1790464897,qwen2.5-coder:1.5b,ecb_loop,CWE-327,ecb_mode,vuln,VULNERABLE,1,1,0,VERDICT: VULNERABLE  AES ECB mode is vulnerable to padding oracle attacks. It allows an attacker to distinguish between 
1790464897,qwen2.5-coder:1.5b,ecb_loop,CWE-327,ecb_mode,vuln,VULNERABLE,1,1,1,"VERDICT: VULNERABLE The code is vulnerable to AES ECB mode, which is a weak encryption mode. It allows for plaintext rep"
1790464898,qwen2.5-coder:1.5b,ecb_loop,CWE-327,ecb_mode,vuln,VULNERABLE,1,1,2,"VERDICT: VULNERABLE  The code does not perform any form of padding or key expansion, which are crucial for AES encryptio"
1790464898,qwen2.5-coder:1.5b,ecb_gcm,CWE-327,ecb_mode,secure,SAFE,0,1,0,VERDICT: SAFE
1790464899,qwen2.5-coder:1.5b,ecb_gcm,CWE-327,ecb_mode,secure,VULNERABLE,1,0,1,"VERDICT: VULNERABLE  The code does not check for the presence of the `os.urandom` function, which is vulnerable to the F"
1790464899,qwen2.5-coder:1.5b,ecb_gcm,CWE-327,ecb_mode,secure,VULNERABLE,1,0,2,VERDICT: VULNERABLE AES encryption is vulnerable to padding oracle attacks due to the way it handles the padding.
1790464900,qwen2.5-coder:1.5b,ecb_cbc,CWE-327,ecb_mode,secure,VULNERABLE,1,0,0,"VERDICT: VULNERABLE  The code does not properly handle padding, which can lead to a security vulnerability. The `Cipher."
1790464900,qwen2.5-coder:1.5b,ecb_cbc,CWE-327,ecb_mode,secure,VULNERABLE,1,0,1,"VERDICT: VULNERABLE  The code lacks proper padding, which can lead to vulnerabilities such as padding oracle attacks."
1790464901,qwen2.5-coder:1.5b,ecb_cbc,CWE-327,ecb_mode,secure,VULNERABLE,1,0,2,VERDICT: VULNERABLE
1790464901,qwen2.5-coder:1.5b,hk_aes,CWE-321,hardcoded_key,vuln,VULNERABLE,1,1,0,"VERDICT: VULNERABLE The code uses AES with CBC mode without providing an IV, which is a security risk. An IV is a random"
1790464901,qwen2.5-coder:1.5b,hk_aes,CWE-321,hardcoded_key,vuln,VULNERABLE,1,1,1,VERDICT: VULNERABLE
1790464902,qwen2.5-coder:1.5b,hk_aes,CWE-321,hardcoded_key,vuln,SAFE,0,0,2,"VERDICT: SAFE AES mode CBC is considered safe and secure, and it uses a random initialization vector (IV) which helps in"
1790464902,qwen2.5-coder:1.5b,hk_hmac,CWE-321,hardcoded_key,vuln,SAFE,0,0,0,VERDICT: SAFE  The code is safe as it uses SHA-256 hashing which is considered a secure cryptographic hash function.
1790464903,qwen2.5-coder:1.5b,hk_hmac,CWE-321,hardcoded_key,vuln,VULNERABLE,1,1,1,VERDICT: VULNERABLE  This code is vulnerable to timing attacks because it uses HMAC to sign messages. Timing attacks can
1790464904,qwen2.5-coder:1.5b,hk_hmac,CWE-321,hardcoded_key,vuln,VULNERABLE,1,1,2,"VERDICT: VULNERABLE The code uses a static secret key for HMAC, which can be used to verify the integrity of messages, b"
1790464904,qwen2.5-coder:1.5b,hk_jwt,CWE-321,hardcoded_key,vuln,VULNERABLE,1,1,0,VERDICT: VULNERABLE  Reason: The JWT_SECRET is hardcoded in the code. This is a security risk as it makes the secret eas
1790464905,qwen2.5-coder:1.5b,hk_jwt,CWE-321,hardcoded_key,vuln,VULNERABLE,1,1,1,VERDICT: VULNERABLE  The hardcoded JWT secret is not secure and can be easily discovered by an attacker. This makes the 
1790464905,qwen2.5-coder:1.5b,hk_jwt,CWE-321,hardcoded_key,vuln,VULNERABLE,1,1,2,VERDICT: VULNERABLE  The hard-coded JWT secret is a security vulnerability because it exposes the secret key to anyone w
1790464905,qwen2.5-coder:1.5b,hk_fernet,CWE-321,hardcoded_key,vuln,VULNERABLE,1,1,0,"VERDICT: VULNERABLE  The code uses a hardcoded key for encryption, which makes it vulnerable to key compromise attacks."
1790464906,qwen2.5-coder:1.5b,hk_fernet,CWE-321,hardcoded_key,vuln,VULNERABLE,1,1,1,"VERDICT: VULNERABLE Reason: The key is hard-coded in the code and not securely managed, making it susceptible to unautho"
1790464906,qwen2.5-coder:1.5b,hk_fernet,CWE-321,hardcoded_key,vuln,SAFE,0,0,2,VERDICT: SAFE
1790464906,qwen2.5-coder:1.5b,hk_env,CWE-321,hardcoded_key,secure,VULNERABLE,1,0,0,"VERDICT: VULNERABLE Reason: The AES key is hardcoded in the environment variable ""AES_KEY"". This makes the key vulnerabl"
1790464907,qwen2.5-coder:1.5b,hk_env,CWE-321,hardcoded_key,secure,VULNERABLE,1,0,1,"VERDICT: VULNERABLE  The code does not specify any input validation or error handling, which can lead to vulnerabilities"
1790464907,qwen2.5-coder:1.5b,hk_env,CWE-321,hardcoded_key,secure,VULNERABLE,1,0,2,"VERDICT: VULNERABLE  The code does not properly validate or sanitize the environment variable ""AES_KEY"", which could pot"
1790464908,qwen2.5-coder:1.5b,hk_env2,CWE-321,hardcoded_key,secure,VULNERABLE,1,0,0,VERDICT: VULNERABLE Reason: The code uses a secret key stored in an environment variable. An attacker could potentially 
1790464908,qwen2.5-coder:1.5b,hk_env2,CWE-321,hardcoded_key,secure,VULNERABLE,1,0,1,VERDICT: VULNERABLE  The code does not properly validate the input message or the signing key. An attacker could manipul
1790464909,qwen2.5-coder:1.5b,hk_env2,CWE-321,hardcoded_key,secure,VULNERABLE,1,0,2,"VERDICT: VULNERABLE  The code does not use any encryption or secure hashing methods, such as AES or PBKDF2, to ensure th"
1790464910,qwen2.5-coder:1.5b,iv_zero,CWE-329,static_iv,vuln,VULNERABLE,1,1,0,VERDICT: VULNERABLE Reason: The code does not properly handle the padding of the data before encryption. This can allow 
1790464910,qwen2.5-coder:1.5b,iv_zero,CWE-329,static_iv,vuln,VULNERABLE,1,1,1,"VERDICT: VULNERABLE Reason: The code does not validate or sanitize the key input, which could lead to a key length error"
1790464911,qwen2.5-coder:1.5b,iv_zero,CWE-329,static_iv,vuln,VULNERABLE,1,1,2,"VERDICT: VULNERABLE  The code uses CBC mode for AES encryption, but it does not provide an initialization vector (IV) fo"
1790464912,qwen2.5-coder:1.5b,iv_const,CWE-329,static_iv,vuln,VULNERABLE,1,1,0,VERDICT: VULNERABLE
1790464912,qwen2.5-coder:1.5b,iv_const,CWE-329,static_iv,vuln,VULNERABLE,1,1,1,VERDICT: VULNERABLE  This code does not contain any known security vulnerabilities.
1790464912,qwen2.5-coder:1.5b,iv_const,CWE-329,static_iv,vuln,VULNERABLE,1,1,2,"VERDICT: VULNERABLE Reason: The key is hard-coded and should not be exposed. It is also not encrypted or authenticated, "
1790464913,qwen2.5-coder:1.5b,iv_nonce,CWE-329,static_iv,vuln,VULNERABLE,1,1,0,"VERDICT: VULNERABLE The code uses AES with the GCM mode, but does not handle potential side-channel attacks such as timi"
1790464913,qwen2.5-coder:1.5b,iv_nonce,CWE-329,static_iv,vuln,VULNERABLE,1,1,1,VERDICT: VULNERABLE The code does not have a security vulnerability.
1790464913,qwen2.5-coder:1.5b,iv_nonce,CWE-329,static_iv,vuln,VULNERABLE,1,1,2,VERDICT: VULNERABLE AES is susceptible to known plaintext attacks due to the weakness in the nonce length.
1790464914,qwen2.5-coder:1.5b,iv_reuse,CWE-329,static_iv,vuln,VULNERABLE,1,1,0,"VERDICT: VULNERABLE The code does not check the length of the data before encrypting it, which could lead to a padding o"
1790464914,qwen2.5-coder:1.5b,iv_reuse,CWE-329,static_iv,vuln,VULNERABLE,1,1,1,VERDICT: VULNERABLE  The code provided does not contain a security vulnerability.
1790464915,qwen2.5-coder:1.5b,iv_reuse,CWE-329,static_iv,vuln,VULNERABLE,1,1,2,VERDICT: VULNERABLE  The code is vulnerable to padding oracle attacks due to the use of AES in CBC mode without proper p
1790464915,qwen2.5-coder:1.5b,iv_rand,CWE-329,static_iv,secure,VULNERABLE,1,0,0,"VERDICT: VULNERABLE The code does not properly sanitize the data before encrypting it, which could lead to a buffer over"
1790464916,qwen2.5-coder:1.5b,iv_rand,CWE-329,static_iv,secure,VULNERABLE,1,0,1,"VERDICT: VULNERABLE  The code does not contain any security vulnerabilities, such as incorrect key usage, improper paddi"
1790464916,qwen2.5-coder:1.5b,iv_rand,CWE-329,static_iv,secure,VULNERABLE,1,0,2,VERDICT: VULNERABLE  The code uses AES in CBC mode without checking if the key is valid or if the data can be encrypted 
1790464917,qwen2.5-coder:1.5b,iv_rand2,CWE-329,static_iv,secure,VULNERABLE,1,0,0,"VERDICT: VULNERABLE  The code does not handle exceptions properly when decrypting data. If the decryption fails, the pro"
1790464918,qwen2.5-coder:1.5b,iv_rand2,CWE-329,static_iv,secure,VULNERABLE,1,0,1,"VERDICT: VULNERABLE  The code uses `os.urandom(12)` to generate a nonce, which is a security measure to ensure that each"
1790464918,qwen2.5-coder:1.5b,iv_rand2,CWE-329,static_iv,secure,VULNERABLE,1,0,2,"VERDICT: VULNERABLE This code does not contain any security vulnerabilities. It uses a random nonce for each encryption,"
1790464919,qwen2.5-coder:1.5b,pr_token,CWE-338,weak_prng,vuln,VULNERABLE,1,1,0,"VERDICT: VULNERABLE The code generates a random hexadecimal token, but it does not check if the generated token is uniqu"
1790464919,qwen2.5-coder:1.5b,pr_token,CWE-338,weak_prng,vuln,SAFE,0,0,1,VERDICT: SAFE
1790464919,qwen2.5-coder:1.5b,pr_token,CWE-338,weak_prng,vuln,SAFE,0,0,2,"VERDICT: SAFE The code generates random hexadecimal characters, which is a safe practice for creating unique tokens."
1790464919,qwen2.5-coder:1.5b,pr_otp,CWE-338,weak_prng,vuln,SAFE,0,0,0,VERDICT: SAFE
1790464919,qwen2.5-coder:1.5b,pr_otp,CWE-338,weak_prng,vuln,SAFE,0,0,1,VERDICT: SAFE
1790464920,qwen2.5-coder:1.5b,pr_otp,CWE-338,weak_prng,vuln,VULNERABLE,1,1,2,VERDICT: VULNERABLE The code does not contain any security vulnerabilities.
1790464920,qwen2.5-coder:1.5b,pr_reset,CWE-338,weak_prng,vuln,SAFE,0,0,0,VERDICT: SAFE
1790464920,qwen2.5-coder:1.5b,pr_reset,CWE-338,weak_prng,vuln,SAFE,0,0,1,VERDICT: SAFE The code is safe as it uses the `random.choices` function with `string.ascii_letters` to generate a string
1790464920,qwen2.5-coder:1.5b,pr_reset,CWE-338,weak_prng,vuln,VULNERABLE,1,1,2,VERDICT: VULNERABLE The code does not contain any security vulnerabilities.
1790464921,qwen2.5-coder:1.5b,pr_seed,CWE-338,weak_prng,vuln,VULNERABLE,1,1,0,VERDICT: VULNERABLE  The provided code does not contain a security vulnerability.
1790464921,qwen2.5-coder:1.5b,pr_seed,CWE-338,weak_prng,vuln,VULNERABLE,1,1,1,"VERDICT: VULNERABLE  The code does not use a secure random number generator. It uses `random.seed(time.time())`, which i"
1790464922,qwen2.5-coder:1.5b,pr_seed,CWE-338,weak_prng,vuln,VULNERABLE,1,1,2,"VERDICT: VULNERABLE The code does not use any cryptographic random number generation functions or libraries, which could"
1790464922,qwen2.5-coder:1.5b,pr_secrets,CWE-338,weak_prng,secure,SAFE,0,1,0,VERDICT: SAFE
1790464922,qwen2.5-coder:1.5b,pr_secrets,CWE-338,weak_prng,secure,SAFE,0,1,1,VERDICT: SAFE
1790464922,qwen2.5-coder:1.5b,pr_secrets,CWE-338,weak_prng,secure,SAFE,0,1,2,VERDICT: SAFE The code does not contain any security vulnerabilities.
1790464922,qwen2.5-coder:1.5b,pr_secrets2,CWE-338,weak_prng,secure,SAFE,0,1,0,VERDICT: SAFE  The code is safe and does not contain any security vulnerabilities.
1790464923,qwen2.5-coder:1.5b,pr_secrets2,CWE-338,weak_prng,secure,SAFE,0,1,1,VERDICT: SAFE  The provided code snippet does not contain any security vulnerabilities.
1790464924,qwen2.5-coder:1.5b,pr_secrets2,CWE-338,weak_prng,secure,SAFE,0,1,2,VERDICT: SAFE  The provided code uses the `secrets.token_urlsafe()` function to generate a secure random token of 32 byt
1790464925,qwen2.5-coder:1.5b,sk_rsa512,CWE-326,short_key,vuln,VULNERABLE,1,1,0,VERDICT: VULNERABLE  The `gen()` function in the given code does not include any checks or validation to ensure that the
1790464925,qwen2.5-coder:1.5b,sk_rsa512,CWE-326,short_key,vuln,VULNERABLE,1,1,1,"VERDICT: VULNERABLE Reason: RSA key generation does not check if the key meets the security requirements, such as key si"
1790464925,qwen2.5-coder:1.5b,sk_rsa512,CWE-326,short_key,vuln,VULNERABLE,1,1,2,"VERDICT: VULNERABLE Reason: The function `gen` does not use a secure random number generator, which could lead to predic"
1790464926,qwen2.5-coder:1.5b,sk_rsa1024,CWE-326,short_key,vuln,SAFE,0,0,0,VERDICT: SAFE
1790464926,qwen2.5-coder:1.5b,sk_rsa1024,CWE-326,short_key,vuln,SAFE,0,0,1,VERDICT: SAFE
1790464926,qwen2.5-coder:1.5b,sk_rsa1024,CWE-326,short_key,vuln,VULNERABLE,1,1,2,"VERDICT: VULNERABLE RSA key generation does not provide randomness, making the key less secure than secure key generatio"
1790464927,qwen2.5-coder:1.5b,sk_dsa,CWE-326,short_key,vuln,SAFE,0,0,0,VERDICT: SAFE  The provided code snippet does not contain any security vulnerabilities. It uses the `DSA` class from the
1790464927,qwen2.5-coder:1.5b,sk_dsa,CWE-326,short_key,vuln,SAFE,0,0,1,VERDICT: SAFE
1790464927,qwen2.5-coder:1.5b,sk_dsa,CWE-326,short_key,vuln,VULNERABLE,1,1,2,VERDICT: VULNERABLE  The `DSA.generate()` function is vulnerable to a timing attack due to the fact that the time it tak
1790464928,qwen2.5-coder:1.5b,sk_rsa768,CWE-326,short_key,vuln,SAFE,0,0,0,VERDICT: SAFE
1790464928,qwen2.5-coder:1.5b,sk_rsa768,CWE-326,short_key,vuln,VULNERABLE,1,1,1,"VERDICT: VULNERABLE  The code generates RSA private keys without proper validation or error handling, which can lead to "
1790464928,qwen2.5-coder:1.5b,sk_rsa768,CWE-326,short_key,vuln,SAFE,0,0,2,VERDICT: SAFE The code snippet is safe and does not contain any security vulnerabilities.
1790464929,qwen2.5-coder:1.5b,sk_rsa3072,CWE-326,short_key,secure,SAFE,0,1,0,VERDICT: SAFE  The code does not contain any security vulnerabilities.
1790464929,qwen2.5-coder:1.5b,sk_rsa3072,CWE-326,short_key,secure,SAFE,0,1,1,VERDICT: SAFE
1790464929,qwen2.5-coder:1.5b,sk_rsa3072,CWE-326,short_key,secure,SAFE,0,1,2,VERDICT: SAFE RSA key generation does not have a security vulnerability.
1790464929,qwen2.5-coder:1.5b,sk_rsa4096,CWE-326,short_key,secure,VULNERABLE,1,0,0,VERDICT: VULNERABLE The provided code does not contain any security vulnerabilities. It generates a private key using th
1790464930,qwen2.5-coder:1.5b,sk_rsa4096,CWE-326,short_key,secure,SAFE,0,1,1,VERDICT: SAFE
1790464930,qwen2.5-coder:1.5b,sk_rsa4096,CWE-326,short_key,secure,SAFE,0,1,2,VERDICT: SAFE  The code does not contain any security vulnerabilities.
1790464930,qwen2.5-coder:1.5b,bc_des,CWE-327,broken_cipher,vuln,VULNERABLE,1,1,0,VERDICT: VULNERABLE DES is a weak cipher and does not provide adequate security. It should only be used for very short k
1790464931,qwen2.5-coder:1.5b,bc_des,CWE-327,broken_cipher,vuln,VULNERABLE,1,1,1,"VERDICT: VULNERABLE DES is considered weak for encryption and susceptible to attacks such as DES-ECB, known as the DES C"
1790464931,qwen2.5-coder:1.5b,bc_des,CWE-327,broken_cipher,vuln,VULNERABLE,1,1,2,VERDICT: VULNERABLE DES mode is vulnerable to the DES-CBC padding oracle attack.
1790464931,qwen2.5-coder:1.5b,bc_3des,CWE-327,broken_cipher,vuln,VULNERABLE,1,1,0,"VERDICT: VULNERABLE  This code uses CBC mode without a secure padding scheme, which can be exploited to forge messages."
1790464932,qwen2.5-coder:1.5b,bc_3des,CWE-327,broken_cipher,vuln,VULNERABLE,1,1,1,VERDICT: VULNERABLE The code does not contain any security vulnerabilities.
1790464932,qwen2.5-coder:1.5b,bc_3des,CWE-327,broken_cipher,vuln,SAFE,0,0,2,VERDICT: SAFE
1790464932,qwen2.5-coder:1.5b,bc_rc4,CWE-327,broken_cipher,vuln,SAFE,0,0,0,VERDICT: SAFE  This code does not contain any security vulnerabilities. It is using the ARC4 cipher algorithm to encrypt
1790464933,qwen2.5-coder:1.5b,bc_rc4,CWE-327,broken_cipher,vuln,VULNERABLE,1,1,1,VERDICT: VULNERABLE  The `ARC4` cipher is considered weak and susceptible to a variety of attacks. The key is used direc
1790464933,qwen2.5-coder:1.5b,bc_rc4,CWE-327,broken_cipher,vuln,SAFE,0,0,2,VERDICT: SAFE
1790464933,qwen2.5-coder:1.5b,bc_blowfish,CWE-327,broken_cipher,vuln,VULNERABLE,1,1,0,"VERDICT: VULNERABLE  The code does not contain any security vulnerabilities, but it is vulnerable to the CBC mode paddin"
1790464934,qwen2.5-coder:1.5b,bc_blowfish,CWE-327,broken_cipher,vuln,SAFE,0,0,1,VERDICT: SAFE The code does not contain any security vulnerabilities.
1790464935,qwen2.5-coder:1.5b,bc_blowfish,CWE-327,broken_cipher,vuln,VULNERABLE,1,1,2,"VERDICT: VULNERABLE  The code provided uses the Blowfish cipher with CBC mode, which is a vulnerable mode due to potenti"
1790464935,qwen2.5-coder:1.5b,bc_aesgcm,CWE-327,broken_cipher,secure,VULNERABLE,1,0,0,VERDICT: VULNERABLE  This code does not contain any security vulnerabilities.
1790464935,qwen2.5-coder:1.5b,bc_aesgcm,CWE-327,broken_cipher,secure,VULNERABLE,1,0,1,VERDICT: VULNERABLE  The code does not contain any security vulnerabilities.
1790464935,qwen2.5-coder:1.5b,bc_aesgcm,CWE-327,broken_cipher,secure,VULNERABLE,1,0,2,VERDICT: VULNERABLE The code does not contain a security vulnerability.
1790464936,qwen2.5-coder:1.5b,bc_chacha,CWE-327,broken_cipher,secure,VULNERABLE,1,0,0,"VERDICT: VULNERABLE  The code does not implement proper authentication or encryption padding, making it vulnerable to at"
1790464937,qwen2.5-coder:1.5b,bc_chacha,CWE-327,broken_cipher,secure,VULNERABLE,1,0,1,"VERDICT: VULNERABLE  The code generates a random nonce for ChaCha20 encryption, which is a good practice. However, it do"
1790464937,qwen2.5-coder:1.5b,bc_chacha,CWE-327,broken_cipher,secure,VULNERABLE,1,0,2,VERDICT: VULNERABLE  The code does not properly handle exceptions that may occur during the encryption process. If the k
1790464938,qwen2.5-coder:1.5b,ns_sha256,CWE-759,no_salt,vuln,SAFE,0,0,0,VERDICT: SAFE
1790464938,qwen2.5-coder:1.5b,ns_sha256,CWE-759,no_salt,vuln,SAFE,0,0,1,VERDICT: SAFE  The given code does not contain any security vulnerabilities. It uses the `hashlib.sha256()` function to 
1790464938,qwen2.5-coder:1.5b,ns_sha256,CWE-759,no_salt,vuln,SAFE,0,0,2,VERDICT: SAFE
1790464939,qwen2.5-coder:1.5b,ns_md5,CWE-759,no_salt,vuln,SAFE,0,0,0,VERDICT: SAFE Reason: The function `derive` uses the MD5 hashing algorithm to generate a hash from a password. MD5 is kn
1790464940,qwen2.5-coder:1.5b,ns_md5,CWE-759,no_salt,vuln,VULNERABLE,1,1,1,VERDICT: VULNERABLE derive is vulnerable to collision attacks because it hashes a password and returns its hash value. A
1790464940,qwen2.5-coder:1.5b,ns_md5,CWE-759,no_salt,vuln,SAFE,0,0,2,VERDICT: SAFE The provided code snippet does not contain any security vulnerabilities.
1790464940,qwen2.5-coder:1.5b,ns_lowiter,CWE-916,no_salt,vuln,VULNERABLE,1,1,0,"VERDICT: VULNERABLE The code uses PBKDF2_HMAC with a fixed salt, which can lead to rainbow table attacks if the salt is "
1790464942,qwen2.5-coder:1.5b,ns_lowiter,CWE-916,no_salt,vuln,VULNERABLE,1,1,1,"VERDICT: VULNERABLE  The `derive` function uses `hashlib.pbkdf2_hmac` with SHA-256, which is considered to be a strong a"
1790464942,qwen2.5-coder:1.5b,ns_lowiter,CWE-916,no_salt,vuln,VULNERABLE,1,1,2,"VERDICT: VULNERABLE  The function uses `pbkdf2_hmac` with a fixed number of iterations (100), which is not recommended f"
1790464943,qwen2.5-coder:1.5b,ns_double,CWE-759,no_salt,vuln,VULNERABLE,1,1,0,VERDICT: VULNERABLE  This code is vulnerable to hash collision attacks. A hash collision occurs when two different input
1790464944,qwen2.5-coder:1.5b,ns_double,CWE-759,no_salt,vuln,VULNERABLE,1,1,1,"VERDICT: VULNERABLE  The code uses `hashlib.sha256` to hash the password twice, which can be exploited through timing at"
1790464945,qwen2.5-coder:1.5b,ns_double,CWE-759,no_salt,vuln,VULNERABLE,1,1,2,"VERDICT: VULNERABLE  The code does not include any cryptographic best practices such as salting, which can be used to en"
1790464945,qwen2.5-coder:1.5b,ns_pbkdf2,CWE-759,no_salt,secure,VULNERABLE,1,0,0,VERDICT: VULNERABLE The code does not contain a security vulnerability.
1790464946,qwen2.5-coder:1.5b,ns_pbkdf2,CWE-759,no_salt,secure,VULNERABLE,1,0,1,VERDICT: VULNERABLE The code does not properly salt the password before hashing it. This is a security vulnerability as 
1790464947,qwen2.5-coder:1.5b,ns_pbkdf2,CWE-759,no_salt,secure,VULNERABLE,1,0,2,"VERDICT: VULNERABLE  The code uses `hashlib.pbkdf2_hmac` to derive a key from a password, but it does not use the salt i"
1790464948,qwen2.5-coder:1.5b,ns_scrypt,CWE-759,no_salt,secure,VULNERABLE,1,0,0,"VERDICT: VULNERABLE  The code uses `hashlib.scrypt` with a hardcoded `n` (cost) of 16384, which is not a secure paramete"
1790464948,qwen2.5-coder:1.5b,ns_scrypt,CWE-759,no_salt,secure,VULNERABLE,1,0,1,VERDICT: VULNERABLE The code does not properly handle the storage of the salt. This could be exploited if an attacker is
1790464949,qwen2.5-coder:1.5b,ns_scrypt,CWE-759,no_salt,secure,SAFE,0,1,2,"VERDICT: SAFE The code uses `os.urandom` to generate a random salt, which is safe. The `hashlib.scrypt` function is used"
1790464949,qwen2.5-coder:1.5b,cv_verifyfalse,CWE-295,cert_verify,vuln,VULNERABLE,1,1,0,VERDICT: VULNERABLE Reason: The function `fetch` does not verify the SSL certificate of the URL it fetches from. This ca
1790464950,qwen2.5-coder:1.5b,cv_verifyfalse,CWE-295,cert_verify,vuln,VULNERABLE,1,1,1,"VERDICT: VULNERABLE The code does not verify the SSL certificate of the URL, which makes it vulnerable to man-in-the-mid"
1790464950,qwen2.5-coder:1.5b,cv_verifyfalse,CWE-295,cert_verify,vuln,VULNERABLE,1,1,2,"VERDICT: VULNERABLE  The code uses the `verify=False` parameter in the `requests.get()` function, which disables SSL cer"
1790464951,qwen2.5-coder:1.5b,cv_sslctx,CWE-295,cert_verify,vuln,SAFE,0,0,0,VERDICT: SAFE  The code snippet you provided fetches a URL using `urllib.request.urlopen` with an unverified SSL context
1790464952,qwen2.5-coder:1.5b,cv_sslctx,CWE-295,cert_verify,vuln,VULNERABLE,1,1,1,VERDICT: VULNERABLE  This code uses `ssl._create_unverified_context()` to create an SSL context that does not verify SSL
1790464952,qwen2.5-coder:1.5b,cv_sslctx,CWE-295,cert_verify,vuln,VULNERABLE,1,1,2,VERDICT: VULNERABLE Reason: The code does not verify SSL certificates which makes it vulnerable to Man-in-the-Middle att
1790464952,qwen2.5-coder:1.5b,cv_certnone,CWE-295,cert_verify,vuln,VULNERABLE,1,1,0,VERDICT: VULNERABLE
1790464953,qwen2.5-coder:1.5b,cv_certnone,CWE-295,cert_verify,vuln,VULNERABLE,1,1,1,VERDICT: VULNERABLE  The code is vulnerable to man-in-the-middle attacks because it does not verify the server's certifi
1790464954,qwen2.5-coder:1.5b,cv_certnone,CWE-295,cert_verify,vuln,VULNERABLE,1,1,2,"VERDICT: VULNERABLE  Reason: The code sets the `check_hostname` and `verify_mode` to `False`, which means the SSL certif"
1790464954,qwen2.5-coder:1.5b,cv_session,CWE-295,cert_verify,vuln,VULNERABLE,1,1,0,"VERDICT: VULNERABLE This code does not verify the SSL certificate of the server, which can expose the application to man"
1790464954,qwen2.5-coder:1.5b,cv_session,CWE-295,cert_verify,vuln,VULNERABLE,1,1,1,"VERDICT: VULNERABLE The code does not validate the server's certificate, allowing an attacker to intercept and modify tr"
1790464955,qwen2.5-coder:1.5b,cv_session,CWE-295,cert_verify,vuln,VULNERABLE,1,1,2,"VERDICT: VULNERABLE The code uses `verify=False` to disable certificate verification, which can expose the application t"
1790464955,qwen2.5-coder:1.5b,cv_verifytrue,CWE-295,cert_verify,secure,SAFE,0,1,0,VERDICT: SAFE
1790464955,qwen2.5-coder:1.5b,cv_verifytrue,CWE-295,cert_verify,secure,SAFE,0,1,1,VERDICT: SAFE The code does not contain any security vulnerabilities.
1790464956,qwen2.5-coder:1.5b,cv_verifytrue,CWE-295,cert_verify,secure,SAFE,0,1,2,VERDICT: SAFE  The code snippet provided does not contain any security vulnerabilities. It is a straightforward function
1790464956,qwen2.5-coder:1.5b,cv_pinned,CWE-295,cert_verify,secure,VULNERABLE,1,0,0,"VERDICT: VULNERABLE The use of `verify=""/etc/ssl/ca-bundle.pem""` is insecure as it allows the client to bypass SSL certi"
1790464956,qwen2.5-coder:1.5b,cv_pinned,CWE-295,cert_verify,secure,SAFE,0,1,1,VERDICT: SAFE
1790464957,qwen2.5-coder:1.5b,cv_pinned,CWE-295,cert_verify,secure,VULNERABLE,1,0,2,"VERDICT: VULNERABLE  The code does not validate the SSL certificate of the remote server before fetching its content, wh"
1790464961,qwen2.5-coder:3b,wh_md5pw,CWE-328,weak_hash,vuln,VULNERABLE,1,1,0,"VERDICT: VULNERABLE The code does not hash passwords using a secure algorithm like bcrypt or Argon2, which are recommend"
1790464962,qwen2.5-coder:3b,wh_md5pw,CWE-328,weak_hash,vuln,VULNERABLE,1,1,1,"VERDICT: VULNERABLE The use of MD5 for password storage is insecure as it is vulnerable to collision attacks, which can "
1790464964,qwen2.5-coder:3b,wh_md5pw,CWE-328,weak_hash,vuln,VULNERABLE,1,1,2,"VERDICT: VULNERABLE Reason: The `hashlib.md5()` function is used to hash passwords, but MD5 is considered insecure for s"
1790464964,qwen2.5-coder:3b,wh_sha1pw,CWE-328,weak_hash,vuln,SAFE,0,0,0,"VERDICT: SAFE The code uses `hashlib.sha1` to hash passwords, which is a secure algorithm for one-way hashing."
1790464966,qwen2.5-coder:3b,wh_sha1pw,CWE-328,weak_hash,vuln,SAFE,0,0,1,"VERDICT: SAFE The code uses `hashlib.sha1()` to hash a password, which is generally considered secure for password hashi"
1790464967,qwen2.5-coder:3b,wh_sha1pw,CWE-328,weak_hash,vuln,VULNERABLE,1,1,2,VERDICT: VULNERABLE The function `hash_pw` is vulnerable to the SHA-1 collision attack because SHA-1 is considered crypt
1790464968,qwen2.5-coder:3b,wh_md5tok,CWE-328,weak_hash,vuln,VULNERABLE,1,1,0,"VERDICT: VULNERABLE The code uses the MD5 hashing algorithm, which is considered insecure due to its vulnerabilities in "
1790464969,qwen2.5-coder:3b,wh_md5tok,CWE-328,weak_hash,vuln,VULNERABLE,1,1,1,"VERDICT: VULNERABLE The use of MD5 for hashing passwords is insecure as it is vulnerable to collisions, making it unsuit"
1790464970,qwen2.5-coder:3b,wh_md5tok,CWE-328,weak_hash,vuln,VULNERABLE,1,1,2,VERDICT: VULNERABLE The function `api_token` generates a MD5 hash of the user ID string. MD5 is a cryptographic hash fun
1790464972,qwen2.5-coder:3b,wh_sha1sig,CWE-328,weak_hash,vuln,SAFE,0,0,0,VERDICT: SAFE  The code does not contain a security vulnerability. The `hashlib.sha1()` function is used to hash a messa
1790464973,qwen2.5-coder:3b,wh_sha1sig,CWE-328,weak_hash,vuln,VULNERABLE,1,1,1,VERDICT: VULNERABLE The code is vulnerable to a side-channel attack due to the use of SHA-1. SHA-1 is a cryptographic ha
1790464975,qwen2.5-coder:3b,wh_sha1sig,CWE-328,weak_hash,vuln,VULNERABLE,1,1,2,"VERDICT: VULNERABLE  The code uses SHA-1 for hashing, which is considered insecure for cryptographic purposes due to its"
1790464976,qwen2.5-coder:3b,wh_bcrypt,CWE-328,weak_hash,secure,VULNERABLE,1,0,0,"VERDICT: VULNERABLE The code does not handle errors, such as when the input password is too short or when the hashing pr"
1790464977,qwen2.5-coder:3b,wh_bcrypt,CWE-328,weak_hash,secure,VULNERABLE,1,0,1,"VERDICT: VULNERABLE  The code uses `bcrypt.gensalt()` without specifying a cost parameter, which can lead to predictable"
1790464978,qwen2.5-coder:3b,wh_bcrypt,CWE-328,weak_hash,secure,SAFE,0,1,2,"VERDICT: SAFE The code uses bcrypt to securely hash passwords before storing them, which mitigates the risk of password "
1790464979,qwen2.5-coder:3b,wh_argon,CWE-328,weak_hash,secure,VULNERABLE,1,0,0,"VERDICT: VULNERABLE The function `store_password` uses the `argon2` library to hash passwords. However, it does not chec"
1790464980,qwen2.5-coder:3b,wh_argon,CWE-328,weak_hash,secure,SAFE,0,1,1,"VERDICT: SAFE The code does not contain a security vulnerability as it uses the Argon2 password hashing algorithm, which"
1790464981,qwen2.5-coder:3b,wh_argon,CWE-328,weak_hash,secure,VULNERABLE,1,0,2,"VERDICT: VULNERABLE Reason: The code does not implement proper input validation or sanitization, which could lead to ins"
1790464982,qwen2.5-coder:3b,ecb_aes,CWE-327,ecb_mode,vuln,VULNERABLE,1,1,0,VERDICT: VULNERABLE The code uses the AES.MODE_ECB mode without a proper initialization vector (IV). ECB mode is not sec
1790464983,qwen2.5-coder:3b,ecb_aes,CWE-327,ecb_mode,vuln,VULNERABLE,1,1,1,"VERDICT: VULNERABLE  The code uses AES in ECB mode, which is not secure for encrypting data. ECB mode does not provide a"
1790464985,qwen2.5-coder:3b,ecb_aes,CWE-327,ecb_mode,vuln,VULNERABLE,1,1,2,"VERDICT: VULNERABLE The code does not include any padding mechanism, which can lead to issues when encrypting data of an"
1790464985,qwen2.5-coder:3b,ecb_aes2,CWE-327,ecb_mode,vuln,VULNERABLE,1,1,0,VERDICT: VULNERABLE The ECB mode is not suitable for encryption and can result in data collisions and vulnerabilities in
1790464987,qwen2.5-coder:3b,ecb_aes2,CWE-327,ecb_mode,vuln,VULNERABLE,1,1,1,"VERDICT: VULNERABLE The code uses the AES encryption algorithm in ECB mode, which is a simple and fast mode but vulnerab"
1790464988,qwen2.5-coder:3b,ecb_aes2,CWE-327,ecb_mode,vuln,VULNERABLE,1,1,2,"VERDICT: VULNERABLE The code uses ECB mode, which is not secure for encrypting large amounts of data or for applications"
1790464989,qwen2.5-coder:3b,ecb_field,CWE-327,ecb_mode,vuln,VULNERABLE,1,1,0,"VERDICT: VULNERABLE  The code uses ECB mode, which is susceptible to padding oracle attacks."
1790464989,qwen2.5-coder:3b,ecb_field,CWE-327,ecb_mode,vuln,VULNERABLE,1,1,1,VERDICT: VULNERABLE Reason: ECB mode is vulnerable to attacks like the Padding Oracle Attack due to its predictable natu
1790464991,qwen2.5-coder:3b,ecb_field,CWE-327,ecb_mode,vuln,VULNERABLE,1,1,2,"VERDICT: VULNERABLE This code uses AES in ECB mode, which is insecure as it does not use a random initialization vector "
1790464992,qwen2.5-coder:3b,ecb_loop,CWE-327,ecb_mode,vuln,VULNERABLE,1,1,0,"VERDICT: VULNERABLE The code uses AES.MODE_ECB mode, which is not secure for encrypting large messages or when the same "
1790464994,qwen2.5-coder:3b,ecb_loop,CWE-327,ecb_mode,vuln,VULNERABLE,1,1,1,"VERDICT: VULNERABLE The ECB mode is used in the code, which is insecure for encrypting multiple blocks of plaintext as i"
1790464995,qwen2.5-coder:3b,ecb_loop,CWE-327,ecb_mode,vuln,SAFE,0,0,2,"VERDICT: SAFE The code uses AES encryption in ECB mode, which is a well-established and secure encryption method for blo"
1790464997,qwen2.5-coder:3b,ecb_gcm,CWE-327,ecb_mode,secure,VULNERABLE,1,0,0,VERDICT: VULNERABLE  The code uses AES in GCM mode with a randomly generated nonce for each encryption. This is a good p
1790464998,qwen2.5-coder:3b,ecb_gcm,CWE-327,ecb_mode,secure,VULNERABLE,1,0,1,"VERDICT: VULNERABLE The `os.urandom(12)` function is used to generate a 12-byte nonce, which is vulnerable to predictabi"
1790464999,qwen2.5-coder:3b,ecb_gcm,CWE-327,ecb_mode,secure,VULNERABLE,1,0,2,"VERDICT: VULNERABLE The code does not handle exceptions for cryptographic operations, which can lead to unexpected behav"
1790465000,qwen2.5-coder:3b,ecb_cbc,CWE-327,ecb_mode,secure,VULNERABLE,1,0,0,"VERDICT: VULNERABLE The function `enc` does not include a secure method to generate the IV, which can lead to predictabl"
1790465001,qwen2.5-coder:3b,ecb_cbc,CWE-327,ecb_mode,secure,VULNERABLE,1,0,1,"VERDICT: VULNERABLE The code uses `os.urandom(16)` to generate the IV, which is insecure. The IV should be unique for ea"
1790465003,qwen2.5-coder:3b,ecb_cbc,CWE-327,ecb_mode,secure,VULNERABLE,1,0,2,"VERDICT: VULNERABLE The code uses `os.urandom(16)` to generate an initialization vector (IV). However, the IV is not ret"
1790465004,qwen2.5-coder:3b,hk_aes,CWE-321,hardcoded_key,vuln,SAFE,0,0,0,"VERDICT: SAFE The code uses AES.MODE_CBC, which is a secure mode for encrypting data. The key is defined as a byte strin"
1790465005,qwen2.5-coder:3b,hk_aes,CWE-321,hardcoded_key,vuln,VULNERABLE,1,1,1,"VERDICT: VULNERABLE  The code uses the AES.MODE_CBC mode without proper IV handling, which can lead to predictable ciphe"
1790465005,qwen2.5-coder:3b,hk_aes,CWE-321,hardcoded_key,vuln,VULNERABLE,1,1,2,VERDICT: VULNERABLE The code is vulnerable to padding oracle attacks due to the use of CBC mode without proper padding.
1790465006,qwen2.5-coder:3b,hk_hmac,CWE-321,hardcoded_key,vuln,VULNERABLE,1,1,0,"VERDICT: VULNERABLE The code uses a hardcoded secret key in the `SECRET` variable, which can be intercepted by an attack"
1790465008,qwen2.5-coder:3b,hk_hmac,CWE-321,hardcoded_key,vuln,SAFE,0,0,1,"VERDICT: SAFE The code uses `hmac.new()` to create a HMAC hash with the provided message and secret key, which is a secu"
1790465009,qwen2.5-coder:3b,hk_hmac,CWE-321,hardcoded_key,vuln,VULNERABLE,1,1,2,VERDICT: VULNERABLE The use of `SECRET` as the key in `hmac.new()` without any form of key derivation or entropy generat
1790465010,qwen2.5-coder:3b,hk_jwt,CWE-321,hardcoded_key,vuln,VULNERABLE,1,1,0,VERDICT: VULNERABLE The code contains a security vulnerability due to the use of a hardcoded JWT secret.
1790465011,qwen2.5-coder:3b,hk_jwt,CWE-321,hardcoded_key,vuln,VULNERABLE,1,1,1,VERDICT: VULNERABLE The code contains a security vulnerability because the `JWT_SECRET` is hardcoded in the source code.
1790465012,qwen2.5-coder:3b,hk_jwt,CWE-321,hardcoded_key,vuln,VULNERABLE,1,1,2,VERDICT: VULNERABLE The code uses a hardcoded secret key (`JWT_SECRET`) which could be exposed in the source code or log
1790465013,qwen2.5-coder:3b,hk_fernet,CWE-321,hardcoded_key,vuln,VULNERABLE,1,1,0,"VERDICT: VULNERABLE The `cryptography.fernet.Fernet` class uses a key that is stored in a literal, which can be accessed"
1790465014,qwen2.5-coder:3b,hk_fernet,CWE-321,hardcoded_key,vuln,VULNERABLE,1,1,1,"VERDICT: VULNERABLE The code uses a hard-coded encryption key, which is not secure and can be easily exposed to attacker"
1790465015,qwen2.5-coder:3b,hk_fernet,CWE-321,hardcoded_key,vuln,VULNERABLE,1,1,2,VERDICT: VULNERABLE The code uses the `cryptography.fernet` module to encrypt data. The `KEY` variable contains a hardco
1790465017,qwen2.5-coder:3b,hk_env,CWE-321,hardcoded_key,secure,VULNERABLE,1,0,0,"VERDICT: VULNERABLE The code uses the AES_KEY environment variable to load the encryption key, which is not secure as it"
1790465018,qwen2.5-coder:3b,hk_env,CWE-321,hardcoded_key,secure,VULNERABLE,1,0,1,VERDICT: VULNERABLE The code does not properly handle potential errors when accessing the `AES_KEY` environment variable
1790465020,qwen2.5-coder:3b,hk_env,CWE-321,hardcoded_key,secure,VULNERABLE,1,0,2,"VERDICT: VULNERABLE The code uses the `os.environ[""AES_KEY""]` to derive the encryption key, which means the key is store"
1790465021,qwen2.5-coder:3b,hk_env2,CWE-321,hardcoded_key,secure,VULNERABLE,1,0,0,"VERDICT: VULNERABLE The code uses the `os.environ` to retrieve the `SIGNING_KEY`, which is a security risk if this key i"
1790465022,qwen2.5-coder:3b,hk_env2,CWE-321,hardcoded_key,secure,VULNERABLE,1,0,1,VERDICT: VULNERABLE The `SECRET_KEY` environment variable is directly used in the `hmac.new` function without any valida
1790465024,qwen2.5-coder:3b,hk_env2,CWE-321,hardcoded_key,secure,VULNERABLE,1,0,2,"VERDICT: VULNERABLE The code does not properly handle cases where the environment variable ""SIGNING_KEY"" might not be se"
1790465026,qwen2.5-coder:3b,iv_zero,CWE-329,static_iv,vuln,VULNERABLE,1,1,0,"VERDICT: VULNERABLE The code uses a fixed initialization vector (IV) for encryption, which is a security vulnerability a"
1790465027,qwen2.5-coder:3b,iv_zero,CWE-329,static_iv,vuln,VULNERABLE,1,1,1,"VERDICT: VULNERABLE The code uses a fixed initialization vector (IV) of all zeros, which is a common mistake in encrypti"
1790465028,qwen2.5-coder:3b,iv_zero,CWE-329,static_iv,vuln,VULNERABLE,1,1,2,VERDICT: VULNERABLE The code uses a fixed IV (Initialization Vector) of all zeros for AES encryption. This makes the enc
1790465030,qwen2.5-coder:3b,iv_const,CWE-329,static_iv,vuln,VULNERABLE,1,1,0,"VERDICT: VULNERABLE  The code uses AES in CFB mode without padding, which can lead to a potential attack if the data len"
1790465031,qwen2.5-coder:3b,iv_const,CWE-329,static_iv,vuln,VULNERABLE,1,1,1,"VERDICT: VULNERABLE The code uses the AES-CFB mode without any additional padding, which can lead to potential security "
1790465032,qwen2.5-coder:3b,iv_const,CWE-329,static_iv,vuln,VULNERABLE,1,1,2,VERDICT: VULNERABLE The code uses AES in CFB mode with a predictable IV. This mode is not recommended for encryption as 
1790465034,qwen2.5-coder:3b,iv_nonce,CWE-329,static_iv,vuln,VULNERABLE,1,1,0,VERDICT: VULNERABLE  The code uses a fixed nonce for all encryption operations. This makes the encryption not secure as 
1790465034,qwen2.5-coder:3b,iv_nonce,CWE-329,static_iv,vuln,SAFE,0,0,1,"VERDICT: SAFE The code does not contain a security vulnerability as it uses the AES-GCM mode with a constant nonce, whic"
1790465036,qwen2.5-coder:3b,iv_nonce,CWE-329,static_iv,vuln,VULNERABLE,1,1,2,VERDICT: VULNERABLE  The code uses the AES.MODE_GCM mode without checking for the correct nonce length. GCM requires a 9
1790465037,qwen2.5-coder:3b,iv_reuse,CWE-329,static_iv,vuln,VULNERABLE,1,1,0,"VERDICT: VULNERABLE The code uses the `AES.MODE_CBC` mode without checking the length of the input data, which can lead "
1790465039,qwen2.5-coder:3b,iv_reuse,CWE-329,static_iv,vuln,SAFE,0,0,1,"VERDICT: SAFE The code uses the AES encryption algorithm in CBC mode, which is a secure method for encrypting data. The "
1790465040,qwen2.5-coder:3b,iv_reuse,CWE-329,static_iv,vuln,VULNERABLE,1,1,2,"VERDICT: VULNERABLE The code uses AES.MODE_CBC with a hard-coded IV of all 16 bytes, which is insecure. A secure IV shou"
1790465041,qwen2.5-coder:3b,iv_rand,CWE-329,static_iv,secure,VULNERABLE,1,0,0,"VERDICT: VULNERABLE The code uses a random IV for each encryption, which is a good practice to avoid predictable initial"
1790465043,qwen2.5-coder:3b,iv_rand,CWE-329,static_iv,secure,VULNERABLE,1,0,1,VERDICT: VULNERABLE The use of `os.urandom(16)` to generate an IV (Initialization Vector) does not ensure that the IV is
1790465043,qwen2.5-coder:3b,iv_rand,CWE-329,static_iv,secure,VULNERABLE,1,0,2,"VERDICT: VULNERABLE The code does not include padding for AES encryption, which can lead to padding oracle attacks if us"
1790465045,qwen2.5-coder:3b,iv_rand2,CWE-329,static_iv,secure,VULNERABLE,1,0,0,VERDICT: VULNERABLE  The code uses AES.MODE_GCM in a way that does not enforce unique nonce usage. This can lead to nonc
1790465046,qwen2.5-coder:3b,iv_rand2,CWE-329,static_iv,secure,VULNERABLE,1,0,1,"VERDICT: VULNERABLE The code uses `os.urandom(12)` to generate the nonce, but it does not use the nonce as part of the e"
1790465048,qwen2.5-coder:3b,iv_rand2,CWE-329,static_iv,secure,VULNERABLE,1,0,2,"VERDICT: VULNERABLE The code does not handle potential issues with the key size, which should be 16 bytes for AES-128, 2"
1790465049,qwen2.5-coder:3b,pr_token,CWE-338,weak_prng,vuln,SAFE,0,0,0,"VERDICT: SAFE The code uses `random.choice` to generate a random token, which is generally safe for most applications."
1790465050,qwen2.5-coder:3b,pr_token,CWE-338,weak_prng,vuln,SAFE,0,0,1,VERDICT: SAFE The code does not contain a security vulnerability. The `random.choice` function is used to generate rando
1790465051,qwen2.5-coder:3b,pr_token,CWE-338,weak_prng,vuln,SAFE,0,0,2,VERDICT: SAFE  The code does not contain a security vulnerability. It generates a random token of a specified length usi
1790465052,qwen2.5-coder:3b,pr_otp,CWE-338,weak_prng,vuln,SAFE,0,0,0,"VERDICT: SAFE The function `generate_otp` is safe as it generates a random integer between 100000 and 999999, which is a"
1790465053,qwen2.5-coder:3b,pr_otp,CWE-338,weak_prng,vuln,SAFE,0,0,1,"VERDICT: SAFE  The code generates a random OTP between 100,000 and 999,999, which is a common security practice for gene"
1790465055,qwen2.5-coder:3b,pr_otp,CWE-338,weak_prng,vuln,VULNERABLE,1,1,2,"VERDICT: VULNERABLE The `random.randint(100000, 999999)` function generates a 6-digit OTP, which is vulnerable to brute "
1790465056,qwen2.5-coder:3b,pr_reset,CWE-338,weak_prng,vuln,SAFE,0,0,0,VERDICT: SAFE The code does not contain any security vulnerabilities. It uses the `random.choices` function to generate 
1790465057,qwen2.5-coder:3b,pr_reset,CWE-338,weak_prng,vuln,SAFE,0,0,1,"VERDICT: SAFE The code generates a random token of 32 characters using ASCII letters, which is generally secure for use "
1790465058,qwen2.5-coder:3b,pr_reset,CWE-338,weak_prng,vuln,SAFE,0,0,2,VERDICT: SAFE The code does not contain any security vulnerabilities as it generates a random token using `random.choice
1790465059,qwen2.5-coder:3b,pr_seed,CWE-338,weak_prng,vuln,VULNERABLE,1,1,0,"VERDICT: VULNERABLE The code uses `random.seed(time.time())`, which seeds the random number generator with the current t"
1790465061,qwen2.5-coder:3b,pr_seed,CWE-338,weak_prng,vuln,SAFE,0,0,1,"VERDICT: SAFE The code generates a 128-bit random number using `random.getrandbits(128)`, which is a secure method for g"
1790465063,qwen2.5-coder:3b,pr_seed,CWE-338,weak_prng,vuln,VULNERABLE,1,1,2,"VERDICT: VULNERABLE The code uses `random.seed(time.time())`, which is insecure because it sets the seed to the current "
1790465064,qwen2.5-coder:3b,pr_secrets,CWE-338,weak_prng,secure,SAFE,0,1,0,"VERDICT: SAFE  The `secrets.token_hex(n)` function is used to generate a random token with `n` bytes, which is securely "
1790465065,qwen2.5-coder:3b,pr_secrets,CWE-338,weak_prng,secure,SAFE,0,1,1,VERDICT: SAFE The `secrets` module is used to generate cryptographically strong random numbers suitable for managing dat
1790465068,qwen2.5-coder:3b,pr_secrets,CWE-338,weak_prng,secure,VULNERABLE,1,0,2,VERDICT: VULNERABLE The `secrets` module is used for generating cryptographically strong random numbers suitable for man
1790465069,qwen2.5-coder:3b,pr_secrets2,CWE-338,weak_prng,secure,SAFE,0,1,0,VERDICT: SAFE  The code uses `secrets.token_urlsafe(32)` to generate a secure random URL-safe token of 32 bytes. This is
1790465070,qwen2.5-coder:3b,pr_secrets2,CWE-338,weak_prng,secure,SAFE,0,1,1,VERDICT: SAFE  The `secrets.token_urlsafe(32)` function is used to generate a secure URL-safe token of 32 bytes. This fu
1790465072,qwen2.5-coder:3b,pr_secrets2,CWE-338,weak_prng,secure,SAFE,0,1,2,"VERDICT: SAFE The `secrets.token_urlsafe(32)` function is used to generate a URL-safe token of 32 bytes, which is suitab"
1790465074,qwen2.5-coder:3b,sk_rsa512,CWE-326,short_key,vuln,SAFE,0,0,0,VERDICT: SAFE The code does not contain a security vulnerability as it uses the `Crypto.PublicKey.RSA` module from the `
1790465076,qwen2.5-coder:3b,sk_rsa512,CWE-326,short_key,vuln,VULNERABLE,1,1,1,VERDICT: VULNERABLE The code uses the `RSA.generate` function from the `Crypto.PublicKey` module to generate an RSA key.
1790465078,qwen2.5-coder:3b,sk_rsa512,CWE-326,short_key,vuln,VULNERABLE,1,1,2,"VERDICT: VULNERABLE The code uses a weak RSA key size of 512 bits, which is significantly less secure than modern standa"
1790465079,qwen2.5-coder:3b,sk_rsa1024,CWE-326,short_key,vuln,VULNERABLE,1,1,0,VERDICT: VULNERABLE The code generates an RSA private key using the `generate` method from the `Crypto.PublicKey` module
1790465080,qwen2.5-coder:3b,sk_rsa1024,CWE-326,short_key,vuln,VULNERABLE,1,1,1,VERDICT: VULNERABLE The code uses the `Crypto.PublicKey.RSA.generate` function with a fixed key size of 1024 bits. This 
1790465082,qwen2.5-coder:3b,sk_rsa1024,CWE-326,short_key,vuln,VULNERABLE,1,1,2,"VERDICT: VULNERABLE The function `gen` generates a 1024-bit RSA key, which is considered insecure as it falls within the"
1790465083,qwen2.5-coder:3b,sk_dsa,CWE-326,short_key,vuln,VULNERABLE,1,1,0,"VERDICT: VULNERABLE This code generates a DSA key with a key size of 512 bits, which is considered weak and vulnerable t"
1790465084,qwen2.5-coder:3b,sk_dsa,CWE-326,short_key,vuln,VULNERABLE,1,1,1,"VERDICT: VULNERABLE The `DSA.generate(512)` function is vulnerable to side-channel attacks, as it uses the NIST FIPS 186"
1790465085,qwen2.5-coder:3b,sk_dsa,CWE-326,short_key,vuln,VULNERABLE,1,1,2,"VERDICT: VULNERABLE The code generates a DSA key with a default 512-bit key size, which is considered too short for secu"
1790465087,qwen2.5-coder:3b,sk_rsa768,CWE-326,short_key,vuln,VULNERABLE,1,1,0,VERDICT: VULNERABLE  The use of a default key size of 768 bits can be considered insecure as it is well within the range
1790465088,qwen2.5-coder:3b,sk_rsa768,CWE-326,short_key,vuln,VULNERABLE,1,1,1,"VERDICT: VULNERABLE The code generates a private RSA key with a small key size of 768 bits, which is considered insecure"
1790465090,qwen2.5-coder:3b,sk_rsa768,CWE-326,short_key,vuln,SAFE,0,0,2,VERDICT: SAFE The code generates an RSA private key with a small key size (768 bits) which is not recommended for securi
1790465091,qwen2.5-coder:3b,sk_rsa3072,CWE-326,short_key,secure,VULNERABLE,1,0,0,"VERDICT: VULNERABLE The code generates a 3072-bit RSA key, which is a reasonable size for secure encryption, but it is n"
1790465093,qwen2.5-coder:3b,sk_rsa3072,CWE-326,short_key,secure,VULNERABLE,1,0,1,VERDICT: VULNERABLE The code uses the `RSA.generate` function from the `Crypto.PublicKey` module without checking the ve
1790465096,qwen2.5-coder:3b,sk_rsa3072,CWE-326,short_key,secure,VULNERABLE,1,0,2,VERDICT: VULNERABLE The use of `RSA.generate(3072)` does not provide the strongest security. The key size 3072 is common
1790465097,qwen2.5-coder:3b,sk_rsa4096,CWE-326,short_key,secure,SAFE,0,1,0,"VERDICT: SAFE The code generates an RSA private key securely using the `cryptography` library, which is a well-tested an"
1790465098,qwen2.5-coder:3b,sk_rsa4096,CWE-326,short_key,secure,SAFE,0,1,1,VERDICT: SAFE This code does not contain a security vulnerability as it generates a secure RSA private key using the `cr
1790465100,qwen2.5-coder:3b,sk_rsa4096,CWE-326,short_key,secure,VULNERABLE,1,0,2,"VERDICT: VULNERABLE The code uses a common public exponent (65537) and a key size (4096), which are considered secure ch"
1790465101,qwen2.5-coder:3b,bc_des,CWE-327,broken_cipher,vuln,VULNERABLE,1,1,0,"VERDICT: VULNERABLE The code uses the DES encryption algorithm in ECB mode, which is vulnerable to attacks such as chose"
1790465102,qwen2.5-coder:3b,bc_des,CWE-327,broken_cipher,vuln,VULNERABLE,1,1,1,"VERDICT: VULNERABLE The code uses the DES cipher in ECB mode without any padding, which can be insecure if the data is n"
1790465103,qwen2.5-coder:3b,bc_des,CWE-327,broken_cipher,vuln,VULNERABLE,1,1,2,"VERDICT: VULNERABLE The code uses DES in ECB mode, which is not secure for modern applications. ECB mode does not protec"
1790465106,qwen2.5-coder:3b,bc_3des,CWE-327,broken_cipher,vuln,SAFE,0,0,0,"VERDICT: SAFE The code uses the `DES3` module from the `Crypto.Cipher` package, which is a standard library for cryptogr"
1790465107,qwen2.5-coder:3b,bc_3des,CWE-327,broken_cipher,vuln,VULNERABLE,1,1,1,VERDICT: VULNERABLE The code uses the DES3 encryption algorithm without checking if the input key is of the correct leng
1790465108,qwen2.5-coder:3b,bc_3des,CWE-327,broken_cipher,vuln,VULNERABLE,1,1,2,"VERDICT: VULNERABLE The code uses DES3 (Triple DES), a widely recognized encryption algorithm that is vulnerable to know"
1790465109,qwen2.5-coder:3b,bc_rc4,CWE-327,broken_cipher,vuln,VULNERABLE,1,1,0,"VERDICT: VULNERABLE The code uses the ARC4 algorithm, which is considered weak for cryptographic purposes. It should not"
1790465111,qwen2.5-coder:3b,bc_rc4,CWE-327,broken_cipher,vuln,VULNERABLE,1,1,1,"VERDICT: VULNERABLE The code uses the ARC4 algorithm, which is considered weak and has known vulnerabilities. Using ARC4"
1790465113,qwen2.5-coder:3b,bc_rc4,CWE-327,broken_cipher,vuln,SAFE,0,0,2,"VERDICT: SAFE The code uses the `ARC4` cipher from the `Crypto.Cipher` module, which is designed for cryptographic opera"
1790465114,qwen2.5-coder:3b,bc_blowfish,CWE-327,broken_cipher,vuln,VULNERABLE,1,1,0,VERDICT: VULNERABLE The code uses the `Blowfish` cipher in CBC mode without any initialization vector length (IV) paddin
1790465115,qwen2.5-coder:3b,bc_blowfish,CWE-327,broken_cipher,vuln,SAFE,0,0,1,"VERDICT: SAFE The code uses the Blowfish cipher in CBC mode, which is a common and secure mode for encrypting data. The "
1790465117,qwen2.5-coder:3b,bc_blowfish,CWE-327,broken_cipher,vuln,VULNERABLE,1,1,2,"VERDICT: VULNERABLE The code does not contain a direct security vulnerability related to Blowfish, but it is vulnerable "
1790465119,qwen2.5-coder:3b,bc_aesgcm,CWE-327,broken_cipher,secure,VULNERABLE,1,0,0,"VERDICT: VULNERABLE The code uses `os.urandom` to generate a nonce, which is cryptographically secure, but the `n` varia"
1790465121,qwen2.5-coder:3b,bc_aesgcm,CWE-327,broken_cipher,secure,VULNERABLE,1,0,1,"VERDICT: VULNERABLE The code uses `os.urandom(12)` to generate a nonce, but it does not ensure that the generated nonce "
1790465122,qwen2.5-coder:3b,bc_aesgcm,CWE-327,broken_cipher,secure,VULNERABLE,1,0,2,"VERDICT: VULNERABLE The code does not handle exceptions that may be raised by AES.new(), such as KeyErrors or ValueError"
1790465123,qwen2.5-coder:3b,bc_chacha,CWE-327,broken_cipher,secure,VULNERABLE,1,0,0,"VERDICT: VULNERABLE The code does not handle exceptions that may occur during encryption, which could lead to informatio"
1790465124,qwen2.5-coder:3b,bc_chacha,CWE-327,broken_cipher,secure,VULNERABLE,1,0,1,"VERDICT: VULNERABLE The code uses ChaCha20 without proper initialization with a nonce, which can lead to predictable out"
1790465126,qwen2.5-coder:3b,bc_chacha,CWE-327,broken_cipher,secure,SAFE,0,1,2,"VERDICT: SAFE  The code does not contain any security vulnerabilities. It uses `os.urandom(12)` to generate a nonce, whi"
1790465128,qwen2.5-coder:3b,ns_sha256,CWE-759,no_salt,vuln,SAFE,0,0,0,"VERDICT: SAFE  The code uses the SHA-256 hashing algorithm, which is a well-established and secure method for password h"
1790465130,qwen2.5-coder:3b,ns_sha256,CWE-759,no_salt,vuln,VULNERABLE,1,1,1,"VERDICT: VULNERABLE The code uses the SHA-256 hashing algorithm to hash passwords, which is a common practice. However, "
1790465132,qwen2.5-coder:3b,ns_sha256,CWE-759,no_salt,vuln,VULNERABLE,1,1,2,"VERDICT: VULNERABLE The code uses SHA-256 for password derivation, which is generally secure. However, if the password i"
1790465133,qwen2.5-coder:3b,ns_md5,CWE-759,no_salt,vuln,VULNERABLE,1,1,0,"VERDICT: VULNERABLE The function `derive` does not include any salt, which makes it susceptible to rainbow table attacks"
1790465134,qwen2.5-coder:3b,ns_md5,CWE-759,no_salt,vuln,VULNERABLE,1,1,1,"VERDICT: VULNERABLE The code does not use a salt, which can lead to vulnerabilities where two different passwords can pr"
1790465135,qwen2.5-coder:3b,ns_md5,CWE-759,no_salt,vuln,SAFE,0,0,2,"VERDICT: SAFE The code does not contain a security vulnerability in terms of MD5, as MD5 is considered cryptographically"
1790465137,qwen2.5-coder:3b,ns_lowiter,CWE-916,no_salt,vuln,VULNERABLE,1,1,0,VERDICT: VULNERABLE The use of a password hashing function with a single iteration is insecure. Password hashing should 
1790465138,qwen2.5-coder:3b,ns_lowiter,CWE-916,no_salt,vuln,SAFE,0,0,1,VERDICT: SAFE The code uses the `hashlib.pbkdf2_hmac` function with a strong hashing algorithm and a high number of iter
1790465139,qwen2.5-coder:3b,ns_lowiter,CWE-916,no_salt,vuln,VULNERABLE,1,1,2,"VERDICT: VULNERABLE The code does not include any salt length verification, which can lead to a security vulnerability i"
1790465140,qwen2.5-coder:3b,ns_double,CWE-759,no_salt,vuln,SAFE,0,0,0,"VERDICT: SAFE This code uses strong hashing algorithms (SHA-256) to derive a hash from the password, which provides adeq"
1790465142,qwen2.5-coder:3b,ns_double,CWE-759,no_salt,vuln,VULNERABLE,1,1,1,VERDICT: VULNERABLE The provided code has a security vulnerability because it uses the SHA-256 hash function twice in su
1790465143,qwen2.5-coder:3b,ns_double,CWE-759,no_salt,vuln,SAFE,0,0,2,"VERDICT: SAFE The code does not contain a security vulnerability as it uses the SHA-256 hashing algorithm twice, which i"
1790465146,qwen2.5-coder:3b,ns_pbkdf2,CWE-759,no_salt,secure,VULNERABLE,1,0,0,VERDICT: VULNERABLE The code uses the `pbkdf2_hmac` function from the `hashlib` module to derive a key from a password. 
1790465147,qwen2.5-coder:3b,ns_pbkdf2,CWE-759,no_salt,secure,SAFE,0,1,1,VERDICT: SAFE The code does not contain a security vulnerability. It securely derives a salted password hash using a str
1790465148,qwen2.5-coder:3b,ns_pbkdf2,CWE-759,no_salt,secure,VULNERABLE,1,0,2,"VERDICT: VULNERABLE  The code does not perform proper input sanitization, which can lead to security vulnerabilities if "
1790465151,qwen2.5-coder:3b,ns_scrypt,CWE-759,no_salt,secure,VULNERABLE,1,0,0,"VERDICT: VULNERABLE  The code uses `hashlib.scrypt`, which is a strong password hashing function recommended for use in "
1790465152,qwen2.5-coder:3b,ns_scrypt,CWE-759,no_salt,secure,SAFE,0,1,1,"VERDICT: SAFE  The code does not contain a security vulnerability. It uses `os.urandom` to generate a secure salt, which"
1790465154,qwen2.5-coder:3b,ns_scrypt,CWE-759,no_salt,secure,VULNERABLE,1,0,2,"VERDICT: VULNERABLE The code uses `os.urandom(16)` to generate a salt, which is a common practice. However, the `hashlib"
1790465155,qwen2.5-coder:3b,cv_verifyfalse,CWE-295,cert_verify,vuln,VULNERABLE,1,1,0,"VERDICT: VULNERABLE The `verify=False` parameter in `requests.get` is used to skip SSL verification, which can lead to m"
1790465157,qwen2.5-coder:3b,cv_verifyfalse,CWE-295,cert_verify,vuln,VULNERABLE,1,1,1,"VERDICT: VULNERABLE The code uses `verify=False` in the `requests.get()` function, which allows the request to proceed w"
1790465158,qwen2.5-coder:3b,cv_verifyfalse,CWE-295,cert_verify,vuln,VULNERABLE,1,1,2,"VERDICT: VULNERABLE This code uses `verify=False` in the `requests.get()` method, which disables SSL verification. This "
1790465159,qwen2.5-coder:3b,cv_sslctx,CWE-295,cert_verify,vuln,VULNERABLE,1,1,0,"VERDICT: VULNERABLE The code uses an unverified SSL context, which can lead to man-in-the-middle attacks if the server's"
1790465160,qwen2.5-coder:3b,cv_sslctx,CWE-295,cert_verify,vuln,VULNERABLE,1,1,1,"VERDICT: VULNERABLE The code uses `ssl._create_unverified_context()`, which creates an SSL/TLS context without verifying"
1790465161,qwen2.5-coder:3b,cv_sslctx,CWE-295,cert_verify,vuln,VULNERABLE,1,1,2,"VERDICT: VULNERABLE This code uses an unverified SSL context, which allows for man-in-the-middle attacks. To mitigate th"
1790465163,qwen2.5-coder:3b,cv_certnone,CWE-295,cert_verify,vuln,VULNERABLE,1,1,0,VERDICT: VULNERABLE The `ssl.create_default_context()` function does not include a default hostname verification mechani
1790465164,qwen2.5-coder:3b,cv_certnone,CWE-295,cert_verify,vuln,VULNERABLE,1,1,1,VERDICT: VULNERABLE The code uses `ssl.create_default_context()` with `check_hostname=False` and `verify_mode=ssl.CERT_N
1790465165,qwen2.5-coder:3b,cv_certnone,CWE-295,cert_verify,vuln,VULNERABLE,1,1,2,"VERDICT: VULNERABLE The code disables hostname verification and certificate verification, which makes it vulnerable to m"
1790465166,qwen2.5-coder:3b,cv_session,CWE-295,cert_verify,vuln,VULNERABLE,1,1,0,"VERDICT: VULNERABLE The code uses `s.verify = False` to disable SSL verification, which makes it vulnerable to man-in-th"
1790465168,qwen2.5-coder:3b,cv_session,CWE-295,cert_verify,vuln,VULNERABLE,1,1,1,VERDICT: VULNERABLE Reason: The `verify = False` parameter in the `requests.Session()` object allows the client to bypas
1790465169,qwen2.5-coder:3b,cv_session,CWE-295,cert_verify,vuln,VULNERABLE,1,1,2,"VERDICT: VULNERABLE This code uses `requests.Session()` with `verify=False`, which disables SSL verification. This can m"
1790465170,qwen2.5-coder:3b,cv_verifytrue,CWE-295,cert_verify,secure,VULNERABLE,1,0,0,VERDICT: VULNERABLE The `requests.get(url).text` method can raise a `ConnectionError` if the server does not respond. Th
1790465171,qwen2.5-coder:3b,cv_verifytrue,CWE-295,cert_verify,secure,VULNERABLE,1,0,1,"VERDICT: VULNERABLE The code uses `requests.get(url).text` which does not handle exceptions, which makes it vulnerable t"
1790465173,qwen2.5-coder:3b,cv_verifytrue,CWE-295,cert_verify,secure,SAFE,0,1,2,"VERDICT: SAFE  The code is safe because it only uses the `requests` library, which is a well-maintained and widely-used "
1790465174,qwen2.5-coder:3b,cv_pinned,CWE-295,cert_verify,secure,VULNERABLE,1,0,0,"VERDICT: VULNERABLE The code uses `requests.get()` without specifying the `verify` parameter, which allows unverified co"
1790465176,qwen2.5-coder:3b,cv_pinned,CWE-295,cert_verify,secure,VULNERABLE,1,0,1,"VERDICT: VULNERABLE The code uses `verify=""/etc/ssl/ca-bundle.pem""` to verify SSL certificates. However, `/etc/ssl/ca-bu"
1790465177,qwen2.5-coder:3b,cv_pinned,CWE-295,cert_verify,secure,VULNERABLE,1,0,2,VERDICT: VULNERABLE This code contains a security vulnerability because it uses a self-signed certificate for verificati
1790465182,qwen2.5-coder:7b,wh_md5pw,CWE-328,weak_hash,vuln,VULNERABLE,1,1,0,VERDICT: VULNERABLE   Reason: The use of MD5 for password storage is insecure due to its susceptibility to collision att
1790465183,qwen2.5-coder:7b,wh_md5pw,CWE-328,weak_hash,vuln,VULNERABLE,1,1,1,VERDICT: VULNERABLE   Reason: MD5 is a weak hash function that can be easily broken.
1790465184,qwen2.5-coder:7b,wh_md5pw,CWE-328,weak_hash,vuln,VULNERABLE,1,1,2,VERDICT: VULNERABLE Reason: MD5 is not secure for cryptographic purposes.
1790465186,qwen2.5-coder:7b,wh_sha1pw,CWE-328,weak_hash,vuln,VULNERABLE,1,1,0,VERDICT: VULNERABLE Reason: SHA-1 is considered cryptographically broken and unsuitable for further use in secure applic
1790465188,qwen2.5-coder:7b,wh_sha1pw,CWE-328,weak_hash,vuln,VULNERABLE,1,1,1,VERDICT: VULNERABLE Reason: SHA-1 is considered cryptographically broken and unsuitable for further use.
1790465189,qwen2.5-coder:7b,wh_sha1pw,CWE-328,weak_hash,vuln,VULNERABLE,1,1,2,VERDICT: VULNERABLE Reason: SHA-1 is considered cryptographically broken and unsuitable for further use.
1790465191,qwen2.5-coder:7b,wh_md5tok,CWE-328,weak_hash,vuln,VULNERABLE,1,1,0,VERDICT: VULNERABLE  Reason: MD5 is a weak hash function and should not be used for security-sensitive applications.
1790465193,qwen2.5-coder:7b,wh_md5tok,CWE-328,weak_hash,vuln,VULNERABLE,1,1,1,VERDICT: VULNERABLE   Reason: MD5 is not secure for cryptographic purposes.
1790465194,qwen2.5-coder:7b,wh_md5tok,CWE-328,weak_hash,vuln,VULNERABLE,1,1,2,VERDICT: VULNERABLE   Reason: Using MD5 for generating API tokens is insecure due to its vulnerability to collision atta
1790465196,qwen2.5-coder:7b,wh_sha1sig,CWE-328,weak_hash,vuln,VULNERABLE,1,1,0,"VERDICT: VULNERABLE Reason: The function does not use a secure hash algorithm and does not include a salt, making it vul"
1790465198,qwen2.5-coder:7b,wh_sha1sig,CWE-328,weak_hash,vuln,VULNERABLE,1,1,1,VERDICT: VULNERABLE   Reason: The function does not use a secure hashing algorithm (SHA-1 is vulnerable to collision att
1790465201,qwen2.5-coder:7b,wh_sha1sig,CWE-328,weak_hash,vuln,VULNERABLE,1,1,2,"VERDICT: VULNERABLE  Reason: The code uses the SHA-1 hash function, which is now considered cryptographically broken and"
1790465202,qwen2.5-coder:7b,wh_bcrypt,CWE-328,weak_hash,secure,SAFE,0,1,0,"VERDICT: SAFE The code uses bcrypt, which is a secure method for hashing passwords."
1790465204,qwen2.5-coder:7b,wh_bcrypt,CWE-328,weak_hash,secure,SAFE,0,1,1,"VERDICT: SAFE The code uses `bcrypt` to hash passwords, which is a secure method for password storage."
1790465205,qwen2.5-coder:7b,wh_bcrypt,CWE-328,weak_hash,secure,SAFE,0,1,2,"VERDICT: SAFE   The code uses `bcrypt` to hash passwords, which is a secure practice for storing passwords."
1790465207,qwen2.5-coder:7b,wh_argon,CWE-328,weak_hash,secure,SAFE,0,1,0,"VERDICT: SAFE The code uses the Argon2 hashing algorithm, which is a secure method for hashing passwords."
1790465209,qwen2.5-coder:7b,wh_argon,CWE-328,weak_hash,secure,SAFE,0,1,1,"VERDICT: SAFE  The code uses the `argon2` library, which is a secure password hashing function, to hash passwords before"
1790465211,qwen2.5-coder:7b,wh_argon,CWE-328,weak_hash,secure,SAFE,0,1,2,"VERDICT: SAFE The code uses Argon2, which is a secure password hashing algorithm, making it resistant to common attacks."
1790465214,qwen2.5-coder:7b,ecb_aes,CWE-327,ecb_mode,vuln,VULNERABLE,1,1,0,VERDICT: VULNERABLE Reason: The use of AES in ECB mode is insecure due to its lack of diffusion and potential for identi
1790465215,qwen2.5-coder:7b,ecb_aes,CWE-327,ecb_mode,vuln,VULNERABLE,1,1,1,VERDICT: VULNERABLE Reason: Using AES in ECB mode is insecure as it does not provide confidentiality or integrity.
1790465218,qwen2.5-coder:7b,ecb_aes,CWE-327,ecb_mode,vuln,VULNERABLE,1,1,2,"VERDICT: VULNERABLE   Reason: The code uses AES in ECB mode, which is not secure for encryption of more than one block o"
1790465220,qwen2.5-coder:7b,ecb_aes2,CWE-327,ecb_mode,vuln,VULNERABLE,1,1,0,"VERDICT: VULNERABLE Reason: The code uses ECB mode, which is not secure against certain types of attacks."
1790465221,qwen2.5-coder:7b,ecb_aes2,CWE-327,ecb_mode,vuln,VULNERABLE,1,1,1,VERDICT: VULNERABLE   Reason: ECB mode is not secure for encryption as it does not provide semantic security.
1790465223,qwen2.5-coder:7b,ecb_aes2,CWE-327,ecb_mode,vuln,VULNERABLE,1,1,2,"VERDICT: VULNERABLE   Reason: The code uses ECB mode, which is not secure for encryption due to its lack of diffusion an"
1790465225,qwen2.5-coder:7b,ecb_field,CWE-327,ecb_mode,vuln,VULNERABLE,1,1,0,"VERDICT: VULNERABLE   Reason: The code uses ECB mode, which is not secure for encryption purposes."
1790465227,qwen2.5-coder:7b,ecb_field,CWE-327,ecb_mode,vuln,VULNERABLE,1,1,1,"VERDICT: VULNERABLE  The code uses AES in ECB mode, which is insecure for encryption due to its lack of diffusion."
1790465229,qwen2.5-coder:7b,ecb_field,CWE-327,ecb_mode,vuln,VULNERABLE,1,1,2,"VERDICT: VULNERABLE Reason: The code uses AES in ECB mode, which is insecure for encryption of sensitive data like SSNs."
1790465231,qwen2.5-coder:7b,ecb_loop,CWE-327,ecb_mode,vuln,VULNERABLE,1,1,0,VERDICT: VULNERABLE   Reason: The use of AES in ECB mode is insecure for encryption of data blocks.
1790465233,qwen2.5-coder:7b,ecb_loop,CWE-327,ecb_mode,vuln,VULNERABLE,1,1,1,"VERDICT: VULNERABLE Reason: The code uses ECB mode, which is insecure for encryption of multiple blocks without a unique"
1790465235,qwen2.5-coder:7b,ecb_loop,CWE-327,ecb_mode,vuln,VULNERABLE,1,1,2,"VERDICT: VULNERABLE   Reason: The use of ECB mode, which does not provide adequate security against chosen-plaintext att"
1790465239,qwen2.5-coder:7b,ecb_gcm,CWE-327,ecb_mode,secure,SAFE,0,1,0,"VERDICT: SAFE   The code uses AES in GCM mode, which is a secure encryption mode that provides both confidentiality and "
1790465241,qwen2.5-coder:7b,ecb_gcm,CWE-327,ecb_mode,secure,SAFE,0,1,1,"VERDICT: SAFE The code generates a random nonce for each encryption, which prevents replay attacks and ensures that the "
1790465243,qwen2.5-coder:7b,ecb_gcm,CWE-327,ecb_mode,secure,SAFE,0,1,2,"VERDICT: SAFE The code uses AES-GCM mode with a random nonce, which is a secure way to encrypt data."
1790465245,qwen2.5-coder:7b,ecb_cbc,CWE-327,ecb_mode,secure,VULNERABLE,1,0,0,"VERDICT: VULNERABLE   Reason: The key is not securely generated or handled, which can weaken the encryption."
1790465247,qwen2.5-coder:7b,ecb_cbc,CWE-327,ecb_mode,secure,VULNERABLE,1,0,1,"VERDICT: VULNERABLE  The code does not pad the data before encryption, which can lead to security vulnerabilities."
1790465249,qwen2.5-coder:7b,ecb_cbc,CWE-327,ecb_mode,secure,VULNERABLE,1,0,2,"VERDICT: VULNERABLE   Reason: The function does not ensure that the key length is appropriate for AES encryption (16, 24"
1790465251,qwen2.5-coder:7b,hk_aes,CWE-321,hardcoded_key,vuln,VULNERABLE,1,1,0,"VERDICT: VULNERABLE The code uses a fixed key, which is a significant security risk."
1790465253,qwen2.5-coder:7b,hk_aes,CWE-321,hardcoded_key,vuln,VULNERABLE,1,1,1,"VERDICT: VULNERABLE   The code does not validate the length of the input data or the initialization vector (IV), which c"
1790465255,qwen2.5-coder:7b,hk_aes,CWE-321,hardcoded_key,vuln,VULNERABLE,1,1,2,"VERDICT: VULNERABLE  Reason: The code uses a fixed key, which is insecure for cryptographic operations."
1790465258,qwen2.5-coder:7b,hk_hmac,CWE-321,hardcoded_key,vuln,SAFE,0,0,0,"VERDICT: SAFE   The code uses a secure hash function (SHA-256) and a secret key for signing messages, which is a standar"
1790465260,qwen2.5-coder:7b,hk_hmac,CWE-321,hardcoded_key,vuln,SAFE,0,0,1,"VERDICT: SAFE  The code uses HMAC with a secret key for signing messages, which is a secure method for ensuring data int"
1790465263,qwen2.5-coder:7b,hk_hmac,CWE-321,hardcoded_key,vuln,SAFE,0,0,2,"VERDICT: SAFE The code uses a secret key for signing messages, which is a common practice for ensuring data integrity an"
1790465265,qwen2.5-coder:7b,hk_jwt,CWE-321,hardcoded_key,vuln,VULNERABLE,1,1,0,"VERDICT: VULNERABLE Reason: The JWT secret is hardcoded, which exposes it to potential attackers."
1790465267,qwen2.5-coder:7b,hk_jwt,CWE-321,hardcoded_key,vuln,VULNERABLE,1,1,1,"VERDICT: VULNERABLE  The JWT secret is hardcoded, which makes it vulnerable to being discovered by attackers, potentiall"
1790465268,qwen2.5-coder:7b,hk_jwt,CWE-321,hardcoded_key,vuln,VULNERABLE,1,1,2,"VERDICT: VULNERABLE Reason: The JWT secret is hardcoded, making it vulnerable to being exposed."
1790465271,qwen2.5-coder:7b,hk_fernet,CWE-321,hardcoded_key,vuln,VULNERABLE,1,1,0,"VERDICT: VULNERABLE   The key is hardcoded and exposed in the code, making it vulnerable to being read and used by unaut"
1790465273,qwen2.5-coder:7b,hk_fernet,CWE-321,hardcoded_key,vuln,VULNERABLE,1,1,1,"VERDICT: VULNERABLE The code uses a fixed, hard-coded encryption key, which can be easily discovered and reused, leading"
1790465276,qwen2.5-coder:7b,hk_fernet,CWE-321,hardcoded_key,vuln,VULNERABLE,1,1,2,"VERDICT: VULNERABLE The code uses a hard-coded encryption key, which is a security risk as it can be easily exposed and "
1790465278,qwen2.5-coder:7b,hk_env,CWE-321,hardcoded_key,secure,VULNERABLE,1,0,0,"VERDICT: VULNERABLE   The code is vulnerable because it uses an environment variable for the encryption key, which can b"
1790465280,qwen2.5-coder:7b,hk_env,CWE-321,hardcoded_key,secure,VULNERABLE,1,0,1,"VERDICT: VULNERABLE   Reason: The AES key is derived from an environment variable, which may be easily accessible to att"
1790465282,qwen2.5-coder:7b,hk_env,CWE-321,hardcoded_key,secure,VULNERABLE,1,0,2,VERDICT: VULNERABLE  Using environment variables for cryptographic keys is insecure as they can be accessed by other pro
1790465285,qwen2.5-coder:7b,hk_env2,CWE-321,hardcoded_key,secure,VULNERABLE,1,0,0,"VERDICT: VULNERABLE   Reason: The signing key is retrieved from the environment, which can be easily accessed and modifi"
1790465287,qwen2.5-coder:7b,hk_env2,CWE-321,hardcoded_key,secure,VULNERABLE,1,0,1,"VERDICT: VULNERABLE   The code is vulnerable because it uses an environment variable for the secret key, which could be "
1790465290,qwen2.5-coder:7b,hk_env2,CWE-321,hardcoded_key,secure,SAFE,0,1,2,VERDICT: SAFE  The code uses a secure hashing algorithm (SHA-256) and properly encodes the secret key from an environmen
1790465292,qwen2.5-coder:7b,iv_zero,CWE-329,static_iv,vuln,VULNERABLE,1,1,0,"VERDICT: VULNERABLE   Reason: The use of a fixed IV (Initialization Vector) can lead to predictable encryption, compromi"
1790465295,qwen2.5-coder:7b,iv_zero,CWE-329,static_iv,vuln,VULNERABLE,1,1,1,"VERDICT: VULNERABLE Reason: The code uses a fixed initialization vector (IV), which can lead to predictable encryption a"
1790465296,qwen2.5-coder:7b,iv_zero,CWE-329,static_iv,vuln,VULNERABLE,1,1,2,VERDICT: VULNERABLE Using a static IV (Initialization Vector) in CBC mode is insecure.
1790465298,qwen2.5-coder:7b,iv_const,CWE-329,static_iv,vuln,VULNERABLE,1,1,0,"VERDICT: VULNERABLE   Reason: The code uses a fixed IV, which is not secure."
1790465300,qwen2.5-coder:7b,iv_const,CWE-329,static_iv,vuln,VULNERABLE,1,1,1,"VERDICT: VULNERABLE Reason: The code uses a fixed IV, which can lead to predictable encryption and potential security vu"
1790465302,qwen2.5-coder:7b,iv_const,CWE-329,static_iv,vuln,VULNERABLE,1,1,2,"VERDICT: VULNERABLE Reason: The code uses a fixed IV, which can lead to predictable ciphertext and potential security vu"
1790465305,qwen2.5-coder:7b,iv_nonce,CWE-329,static_iv,vuln,VULNERABLE,1,1,0,"VERDICT: VULNERABLE   Reason: The use of a fixed nonce can lead to security vulnerabilities, as the same nonce with the "
1790465306,qwen2.5-coder:7b,iv_nonce,CWE-329,static_iv,vuln,VULNERABLE,1,1,1,VERDICT: VULNERABLE   Nonce reuse for AES-GCM encryption.
1790465307,qwen2.5-coder:7b,iv_nonce,CWE-329,static_iv,vuln,VULNERABLE,1,1,2,"VERDICT: VULNERABLE   Nonce is not unique per encryption, leading to potential security issues."
1790465310,qwen2.5-coder:7b,iv_reuse,CWE-329,static_iv,vuln,VULNERABLE,1,1,0,"VERDICT: VULNERABLE Reason: The code uses a fixed initialization vector (IV), which can lead to predictable encryption a"
1790465312,qwen2.5-coder:7b,iv_reuse,CWE-329,static_iv,vuln,VULNERABLE,1,1,1,"VERDICT: VULNERABLE The code uses a static initialization vector (IV) that is the same for every encryption, which makes"
1790465315,qwen2.5-coder:7b,iv_reuse,CWE-329,static_iv,vuln,VULNERABLE,1,1,2,"VERDICT: VULNERABLE  The code uses a fixed initialization vector (IV), which can lead to predictable encryption and pote"
1790465317,qwen2.5-coder:7b,iv_rand,CWE-329,static_iv,secure,VULNERABLE,1,0,0,"VERDICT: VULNERABLE Reason: The key is not properly managed, and the IV is not securely handled."
1790465318,qwen2.5-coder:7b,iv_rand,CWE-329,static_iv,secure,VULNERABLE,1,0,1,"VERDICT: VULNERABLE Reason: The key is not validated or sanitized, which could lead to security issues."
1790465320,qwen2.5-coder:7b,iv_rand,CWE-329,static_iv,secure,VULNERABLE,1,0,2,VERDICT: VULNERABLE  Reason: The encryption key is not securely generated.
1790465322,qwen2.5-coder:7b,iv_rand2,CWE-329,static_iv,secure,SAFE,0,1,0,"VERDICT: SAFE  Reason: The code uses a secure random nonce for AES-GCM encryption, which helps prevent replay attacks."
1790465324,qwen2.5-coder:7b,iv_rand2,CWE-329,static_iv,secure,SAFE,0,1,1,"VERDICT: SAFE   Reason: The code uses a secure random nonce and AES-GCM mode, which provides both confidentiality and in"
1790465326,qwen2.5-coder:7b,iv_rand2,CWE-329,static_iv,secure,SAFE,0,1,2,"VERDICT: SAFE The code uses AES-GCM mode, which is a secure mode of operation for AES that includes authentication. The "
1790465328,qwen2.5-coder:7b,pr_token,CWE-338,weak_prng,vuln,SAFE,0,0,0,VERDICT: SAFE Reason: The code generates a random token using a secure random choice from a string of hexadecimal charac
1790465330,qwen2.5-coder:7b,pr_token,CWE-338,weak_prng,vuln,SAFE,0,0,1,VERDICT: SAFE  The code generates a random token using a cryptographically secure method provided by the `random.choice`
1790465333,qwen2.5-coder:7b,pr_token,CWE-338,weak_prng,vuln,SAFE,0,0,2,"VERDICT: SAFE The code generates a random token using a secure random choice from a specified set of characters, which i"
1790465335,qwen2.5-coder:7b,pr_otp,CWE-338,weak_prng,vuln,SAFE,0,0,0,"VERDICT: SAFE  The code generates a random 6-digit number as an OTP, which is a common and secure method for one-time pa"
1790465337,qwen2.5-coder:7b,pr_otp,CWE-338,weak_prng,vuln,SAFE,0,0,1,"VERDICT: SAFE The code generates a six-digit random number, which is commonly used as an OTP (One-Time Password). There "
1790465340,qwen2.5-coder:7b,pr_otp,CWE-338,weak_prng,vuln,SAFE,0,0,2,"VERDICT: SAFE  The code generates a one-time password (OTP) using a random number between 100000 and 999999, which is a "
1790465343,qwen2.5-coder:7b,pr_reset,CWE-338,weak_prng,vuln,SAFE,0,0,0,"VERDICT: SAFE The code generates a random token using `random.choices` from the `string.ascii_letters` set, which includ"
1790465345,qwen2.5-coder:7b,pr_reset,CWE-338,weak_prng,vuln,SAFE,0,0,1,"VERDICT: SAFE The code generates a random token of 32 characters using ASCII letters, which is generally secure for many"
1790465347,qwen2.5-coder:7b,pr_reset,CWE-338,weak_prng,vuln,SAFE,0,0,2,VERDICT: SAFE The code generates a random token using a secure method (`random.choices` with `string.ascii_letters`).
1790465349,qwen2.5-coder:7b,pr_seed,CWE-338,weak_prng,vuln,VULNERABLE,1,1,0,"VERDICT: VULNERABLE Reason: The use of `time.time()` as the seed for the random number generator can be predictable, lea"
1790465351,qwen2.5-coder:7b,pr_seed,CWE-338,weak_prng,vuln,VULNERABLE,1,1,1,"VERDICT: VULNERABLE   Reason: The random seed is set based on the current time, which can be predictable, leading to pre"
1790465354,qwen2.5-coder:7b,pr_seed,CWE-338,weak_prng,vuln,VULNERABLE,1,1,2,"VERDICT: VULNERABLE Reason: The seed is based on the current time, which means it can be predicted if the code is run re"
1790465357,qwen2.5-coder:7b,pr_secrets,CWE-338,weak_prng,secure,SAFE,0,1,0,"VERDICT: SAFE The code uses `secrets.token_hex()`, which is designed for generating cryptographically strong random toke"
1790465359,qwen2.5-coder:7b,pr_secrets,CWE-338,weak_prng,secure,SAFE,0,1,1,"VERDICT: SAFE Reason: The code uses `secrets.token_hex(n)` to generate a secure random token, which is appropriate for c"
1790465362,qwen2.5-coder:7b,pr_secrets,CWE-338,weak_prng,secure,SAFE,0,1,2,"VERDICT: SAFE   The code uses the `secrets.token_hex` function, which is designed for generating cryptographically stron"
1790465364,qwen2.5-coder:7b,pr_secrets2,CWE-338,weak_prng,secure,SAFE,0,1,0,"VERDICT: SAFE This code uses `secrets.token_urlsafe(32)`, which is a secure method provided by the `secrets` module for "
1790465367,qwen2.5-coder:7b,pr_secrets2,CWE-338,weak_prng,secure,SAFE,0,1,1,"VERDICT: SAFE The code uses `secrets.token_urlsafe(32)`, which is a secure way to generate a random URL-safe token."
1790465370,qwen2.5-coder:7b,pr_secrets2,CWE-338,weak_prng,secure,SAFE,0,1,2,"VERDICT: SAFE The code uses `secrets.token_urlsafe(32)`, which generates a secure random URL-safe token of 32 bytes. Thi"
1790465372,qwen2.5-coder:7b,sk_rsa512,CWE-326,short_key,vuln,VULNERABLE,1,1,0,VERDICT: VULNERABLE   Reason: RSA keys with a key size of 512 bits are too small and provide insufficient security.
1790465374,qwen2.5-coder:7b,sk_rsa512,CWE-326,short_key,vuln,VULNERABLE,1,1,1,VERDICT: VULNERABLE Reason: RSA keys with a key size of 512 bits are considered too small and provide insufficient secur
1790465376,qwen2.5-coder:7b,sk_rsa512,CWE-326,short_key,vuln,VULNERABLE,1,1,2,VERDICT: VULNERABLE   Reason: RSA keys with a key size of 512 bits are considered too small and can be easily broken by 
1790465378,qwen2.5-coder:7b,sk_rsa1024,CWE-326,short_key,vuln,VULNERABLE,1,1,0,"VERDICT: VULNERABLE  Reason: The RSA key size is too small (1024 bits), which is insecure and can be broken with modern "
1790465381,qwen2.5-coder:7b,sk_rsa1024,CWE-326,short_key,vuln,VULNERABLE,1,1,1,VERDICT: VULNERABLE   Reason: RSA key size of 1024 bits is considered insecure and should be at least 2048 bits for secu
1790465383,qwen2.5-coder:7b,sk_rsa1024,CWE-326,short_key,vuln,VULNERABLE,1,1,2,VERDICT: VULNERABLE   Reason: RSA keys with a key size of 1024 bits are considered insecure and should not be used for c
1790465385,qwen2.5-coder:7b,sk_dsa,CWE-326,short_key,vuln,VULNERABLE,1,1,0,"VERDICT: VULNERABLE Reason: The key size is too small (512 bits), which is vulnerable to brute force attacks."
1790465387,qwen2.5-coder:7b,sk_dsa,CWE-326,short_key,vuln,VULNERABLE,1,1,1,"VERDICT: VULNERABLE Reason: The key size is too short, exposing the system to known vulnerabilities."
1790465388,qwen2.5-coder:7b,sk_dsa,CWE-326,short_key,vuln,VULNERABLE,1,1,2,"VERDICT: VULNERABLE   Reason: The key size is too short, providing insufficient security."
1790465391,qwen2.5-coder:7b,sk_rsa768,CWE-326,short_key,vuln,VULNERABLE,1,1,0,"VERDICT: VULNERABLE   Reason: The key size is too small (768 bits), which is insecure for RSA encryption."
1790465393,qwen2.5-coder:7b,sk_rsa768,CWE-326,short_key,vuln,VULNERABLE,1,1,1,"VERDICT: VULNERABLE  Reason: The key size is too small (768 bits), which is insecure for most cryptographic purposes."
1790465395,qwen2.5-coder:7b,sk_rsa768,CWE-326,short_key,vuln,VULNERABLE,1,1,2,VERDICT: VULNERABLE Reason: The key size of 768 bits is too short and considered insecure.
1790465397,qwen2.5-coder:7b,sk_rsa3072,CWE-326,short_key,secure,SAFE,0,1,0,"VERDICT: SAFE  The code generates a 3072-bit RSA key, which is considered secure for most cryptographic purposes. There "
1790465399,qwen2.5-coder:7b,sk_rsa3072,CWE-326,short_key,secure,SAFE,0,1,1,"VERDICT: SAFE   Reason: The code generates an RSA key with a key size of 3072 bits, which is considered secure."
1790465401,qwen2.5-coder:7b,sk_rsa3072,CWE-326,short_key,secure,SAFE,0,1,2,"VERDICT: SAFE The code generates an RSA key with a key size of 3072 bits, which is considered secure."
1790465404,qwen2.5-coder:7b,sk_rsa4096,CWE-326,short_key,secure,SAFE,0,1,0,"VERDICT: SAFE The code generates a private RSA key with a public exponent of 65537 and a key size of 4096 bits, which ar"
1790465407,qwen2.5-coder:7b,sk_rsa4096,CWE-326,short_key,secure,SAFE,0,1,1,VERDICT: SAFE  The code generates a private key using RSA with a commonly used public exponent (65537) and a key size of
1790465410,qwen2.5-coder:7b,sk_rsa4096,CWE-326,short_key,secure,SAFE,0,1,2,"VERDICT: SAFE  The code generates a private RSA key using a public exponent of 65537 and a key size of 4096, which are c"
1790465411,qwen2.5-coder:7b,bc_des,CWE-327,broken_cipher,vuln,VULNERABLE,1,1,0,VERDICT: VULNERABLE ECB mode does not provide adequate security for encryption.
1790465413,qwen2.5-coder:7b,bc_des,CWE-327,broken_cipher,vuln,VULNERABLE,1,1,1,"VERDICT: VULNERABLE   Reason: The code uses ECB mode for DES encryption, which is not secure as it exposes patterns in t"
1790465415,qwen2.5-coder:7b,bc_des,CWE-327,broken_cipher,vuln,VULNERABLE,1,1,2,VERDICT: VULNERABLE   Reason: ECB mode does not provide adequate security for encryption.
1790465417,qwen2.5-coder:7b,bc_3des,CWE-327,broken_cipher,vuln,VULNERABLE,1,1,0,"VERDICT: VULNERABLE   Reason: The code uses DES3 in CBC mode without padding, which can lead to security vulnerabilities"
1790465419,qwen2.5-coder:7b,bc_3des,CWE-327,broken_cipher,vuln,VULNERABLE,1,1,1,VERDICT: VULNERABLE Reason: The code does not check if the key is of the required length (24 bytes for DES3).
1790465421,qwen2.5-coder:7b,bc_3des,CWE-327,broken_cipher,vuln,VULNERABLE,1,1,2,"VERDICT: VULNERABLE  The code does not handle exceptions, which could lead to information leakage if an exception occurs"
1790465423,qwen2.5-coder:7b,bc_rc4,CWE-327,broken_cipher,vuln,VULNERABLE,1,1,0,"VERDICT: VULNERABLE  Reason: The code does not use a secure key length, which could be easily broken by an attacker."
1790465425,qwen2.5-coder:7b,bc_rc4,CWE-327,broken_cipher,vuln,VULNERABLE,1,1,1,VERDICT: VULNERABLE   Reason: ARC4 is considered cryptographically broken and should not be used for secure communicatio
1790465427,qwen2.5-coder:7b,bc_rc4,CWE-327,broken_cipher,vuln,VULNERABLE,1,1,2,"VERDICT: VULNERABLE Reason: The code does not check the key length, which can lead to weak encryption if a short key is "
1790465429,qwen2.5-coder:7b,bc_blowfish,CWE-327,broken_cipher,vuln,VULNERABLE,1,1,0,VERDICT: VULNERABLE Blowfish is considered cryptographically broken and should not be used for secure applications.
1790465431,qwen2.5-coder:7b,bc_blowfish,CWE-327,broken_cipher,vuln,VULNERABLE,1,1,1,"VERDICT: VULNERABLE The code does not validate the length of the key and IV, which can lead to security vulnerabilities."
1790465433,qwen2.5-coder:7b,bc_blowfish,CWE-327,broken_cipher,vuln,VULNERABLE,1,1,2,VERDICT: VULNERABLE Blowfish in CBC mode with a fixed IV is vulnerable to replay attacks and IV reuse.
1790465435,qwen2.5-coder:7b,bc_aesgcm,CWE-327,broken_cipher,secure,VULNERABLE,1,0,0,"VERDICT: VULNERABLE The code uses a random nonce for each encryption, which is correct, but it does not authenticate the"
1790465437,qwen2.5-coder:7b,bc_aesgcm,CWE-327,broken_cipher,secure,SAFE,0,1,1,"VERDICT: SAFE The code uses a random nonce for AES-GCM encryption, which is secure."
1790465439,qwen2.5-coder:7b,bc_aesgcm,CWE-327,broken_cipher,secure,VULNERABLE,1,0,2,"VERDICT: VULNERABLE   Reason: The code does not authenticate the data, which makes it susceptible to tampering."
1790465441,qwen2.5-coder:7b,bc_chacha,CWE-327,broken_cipher,secure,SAFE,0,1,0,VERDICT: SAFE   Reason: The code generates a unique nonce for each encryption and uses it securely with ChaCha20.
1790465442,qwen2.5-coder:7b,bc_chacha,CWE-327,broken_cipher,secure,VULNERABLE,1,0,1,"VERDICT: VULNERABLE The key is not properly validated or sanitized, which could lead to security issues."
1790465445,qwen2.5-coder:7b,bc_chacha,CWE-327,broken_cipher,secure,VULNERABLE,1,0,2,"VERDICT: VULNERABLE   Reason: The key is not properly validated or sanitized, which could lead to security issues if an "
1790465447,qwen2.5-coder:7b,ns_sha256,CWE-759,no_salt,vuln,VULNERABLE,1,1,0,"VERDICT: VULNERABLE  The code does not use a salt, which makes it vulnerable to precomputed hash attacks (rainbow tables"
1790465449,qwen2.5-coder:7b,ns_sha256,CWE-759,no_salt,vuln,SAFE,0,0,1,"VERDICT: SAFE The code uses SHA-256, which is a secure hash function suitable for deriving a fixed-length hash from vari"
1790465451,qwen2.5-coder:7b,ns_sha256,CWE-759,no_salt,vuln,SAFE,0,0,2,"VERDICT: SAFE The code uses SHA-256, a strong hash function, for password derivation, which is secure for most use cases"
1790465453,qwen2.5-coder:7b,ns_md5,CWE-759,no_salt,vuln,VULNERABLE,1,1,0,VERDICT: VULNERABLE   Reason: MD5 is a weak hash function and should not be used for security-critical applications.
1790465455,qwen2.5-coder:7b,ns_md5,CWE-759,no_salt,vuln,VULNERABLE,1,1,1,VERDICT: VULNERABLE  MD5 is a weak hashing algorithm and should not be used for security-sensitive purposes.
1790465457,qwen2.5-coder:7b,ns_md5,CWE-759,no_salt,vuln,VULNERABLE,1,1,2,VERDICT: VULNERABLE Reason: MD5 is a weak hash function and should not be used for secure applications.
1790465461,qwen2.5-coder:7b,ns_lowiter,CWE-916,no_salt,vuln,SAFE,0,0,0,"VERDICT: SAFE  The code uses `hashlib.pbkdf2_hmac` with SHA-256, which is a secure method for deriving keys from passwor"
1790465463,qwen2.5-coder:7b,ns_lowiter,CWE-916,no_salt,vuln,VULNERABLE,1,1,1,"VERDICT: VULNERABLE   Reason: The iteration count is set to 100, which is too low for secure password hashing."
1790465465,qwen2.5-coder:7b,ns_lowiter,CWE-916,no_salt,vuln,VULNERABLE,1,1,2,"VERDICT: VULNERABLE  The code uses a low iteration count (100) for PBKDF2, which is insufficient for secure password has"
1790465469,qwen2.5-coder:7b,ns_double,CWE-759,no_salt,vuln,SAFE,0,0,0,"VERDICT: SAFE  The code uses double SHA-256 hashing, which is a common practice to increase the security of passwords by"
1790465471,qwen2.5-coder:7b,ns_double,CWE-759,no_salt,vuln,SAFE,0,0,1,"VERDICT: SAFE  The code uses SHA-256 twice, which is a common practice for increasing security by applying multiple hash"
1790465473,qwen2.5-coder:7b,ns_double,CWE-759,no_salt,vuln,SAFE,0,0,2,"VERDICT: SAFE   Reason: The code uses SHA-256 twice to hash the password, which is a common method to increase security."
1790465476,qwen2.5-coder:7b,ns_pbkdf2,CWE-759,no_salt,secure,SAFE,0,1,0,VERDICT: SAFE  The code generates a unique salt for each password and uses a strong cryptographic function with a large 
1790465479,qwen2.5-coder:7b,ns_pbkdf2,CWE-759,no_salt,secure,SAFE,0,1,1,VERDICT: SAFE  The code uses a secure salt and a strong hashing function (PBKDF2 with HMAC-SHA256) with a high number of
1790465483,qwen2.5-coder:7b,ns_pbkdf2,CWE-759,no_salt,secure,SAFE,0,1,2,"VERDICT: SAFE The code uses a strong cryptographic hash function (`sha256`) and a random salt, which are appropriate for"
1790465487,qwen2.5-coder:7b,ns_scrypt,CWE-759,no_salt,secure,SAFE,0,1,0,"VERDICT: SAFE The code uses `os.urandom` for generating a salt, which is a secure practice. It also uses `hashlib.scrypt"
1790465489,qwen2.5-coder:7b,ns_scrypt,CWE-759,no_salt,secure,VULNERABLE,1,0,1,"VERDICT: VULNERABLE  Reason: The code does not validate the password length, which could lead to denial of service attac"
1790465492,qwen2.5-coder:7b,ns_scrypt,CWE-759,no_salt,secure,SAFE,0,1,2,VERDICT: SAFE Reason: The code uses a strong cryptographic function (`hashlib.scrypt`) and a random salt to derive a pas
1790465494,qwen2.5-coder:7b,cv_verifyfalse,CWE-295,cert_verify,vuln,VULNERABLE,1,1,0,"VERDICT: VULNERABLE The code disables SSL verification, making it susceptible to man-in-the-middle attacks."
1790465495,qwen2.5-coder:7b,cv_verifyfalse,CWE-295,cert_verify,vuln,VULNERABLE,1,1,1,"VERDICT: VULNERABLE   Reason: The code disables SSL verification, which can lead to man-in-the-middle attacks."
1790465497,qwen2.5-coder:7b,cv_verifyfalse,CWE-295,cert_verify,vuln,VULNERABLE,1,1,2,"VERDICT: VULNERABLE  Reason: The code disables SSL certificate verification, which makes it susceptible to man-in-the-mi"
1790465500,qwen2.5-coder:7b,cv_sslctx,CWE-295,cert_verify,vuln,VULNERABLE,1,1,0,"VERDICT: VULNERABLE The code creates an SSL context without verifying the server's certificate, making it susceptible to"
1790465502,qwen2.5-coder:7b,cv_sslctx,CWE-295,cert_verify,vuln,VULNERABLE,1,1,1,"VERDICT: VULNERABLE The code uses `ssl._create_unverified_context()`, which disables SSL certificate verification, makin"
1790465504,qwen2.5-coder:7b,cv_sslctx,CWE-295,cert_verify,vuln,VULNERABLE,1,1,2,"VERDICT: VULNERABLE   Reason: The code uses an unverified SSL context, which makes it susceptible to man-in-the-middle a"
1790465506,qwen2.5-coder:7b,cv_certnone,CWE-295,cert_verify,vuln,VULNERABLE,1,1,0,"VERDICT: VULNERABLE   Reason: The code disables hostname checking and certificate verification, making it susceptible to"
1790465508,qwen2.5-coder:7b,cv_certnone,CWE-295,cert_verify,vuln,VULNERABLE,1,1,1,"VERDICT: VULNERABLE The code disables SSL verification, making it susceptible to man-in-the-middle attacks."
1790465510,qwen2.5-coder:7b,cv_certnone,CWE-295,cert_verify,vuln,VULNERABLE,1,1,2,"VERDICT: VULNERABLE   Reason: The code disables SSL certificate verification and hostname checking, making it susceptibl"
1790465512,qwen2.5-coder:7b,cv_session,CWE-295,cert_verify,vuln,VULNERABLE,1,1,0,VERDICT: VULNERABLE Reason: Disabling SSL certificate verification (`s.verify = False`) makes the client vulnerable to m
1790465514,qwen2.5-coder:7b,cv_session,CWE-295,cert_verify,vuln,VULNERABLE,1,1,1,"VERDICT: VULNERABLE The code disables SSL certificate verification, making it susceptible to man-in-the-middle attacks."
1790465516,qwen2.5-coder:7b,cv_session,CWE-295,cert_verify,vuln,VULNERABLE,1,1,2,"VERDICT: VULNERABLE  Reason: The code disables SSL certificate verification, making it susceptible to man-in-the-middle "
1790465518,qwen2.5-coder:7b,cv_verifytrue,CWE-295,cert_verify,secure,VULNERABLE,1,0,0,"VERDICT: VULNERABLE The code does not validate the URL or sanitize inputs, making it susceptible to injection attacks."
1790465520,qwen2.5-coder:7b,cv_verifytrue,CWE-295,cert_verify,secure,VULNERABLE,1,0,1,"VERDICT: VULNERABLE Reason: The code does not validate the URL, which can lead to open redirection vulnerabilities."
1790465522,qwen2.5-coder:7b,cv_verifytrue,CWE-295,cert_verify,secure,VULNERABLE,1,0,2,VERDICT: VULNERABLE  The code is vulnerable to open redirects if the `url` parameter is not properly validated or saniti
1790465525,qwen2.5-coder:7b,cv_pinned,CWE-295,cert_verify,secure,VULNERABLE,1,0,0,"VERDICT: VULNERABLE The code uses a hardcoded path to a CA bundle, which may not be secure if the path is not correctly "
1790465527,qwen2.5-coder:7b,cv_pinned,CWE-295,cert_verify,secure,VULNERABLE,1,0,1,"VERDICT: VULNERABLE The code specifies a custom CA bundle file, which can potentially be exploited if the file is not se"
1790465530,qwen2.5-coder:7b,cv_pinned,CWE-295,cert_verify,secure,VULNERABLE,1,0,2,"VERDICT: VULNERABLE   Reason: The code hardcodes the path to the CA bundle, which may not be secure if the application i"
1790465539,qwen2.5-coder:14b,wh_md5pw,CWE-328,weak_hash,vuln,VULNERABLE,1,1,0,VERDICT: VULNERABLE   Reason: Using MD5 for hashing passwords is insecure as it is susceptible to collision attacks and 
1790465543,qwen2.5-coder:14b,wh_md5pw,CWE-328,weak_hash,vuln,VULNERABLE,1,1,1,"VERDICT: VULNERABLE  Reason: The code uses MD5, which is a weak hashing algorithm and not suitable for secure password s"
1790465548,qwen2.5-coder:14b,wh_md5pw,CWE-328,weak_hash,vuln,VULNERABLE,1,1,2,VERDICT: VULNERABLE   Reason: The use of MD5 for hashing passwords is insecure as it is vulnerable to collision attacks 
1790465552,qwen2.5-coder:14b,wh_sha1pw,CWE-328,weak_hash,vuln,VULNERABLE,1,1,0,"VERDICT: VULNERABLE Reason: The code uses SHA-1, which is considered cryptographically broken and unsuitable for further"
1790465555,qwen2.5-coder:14b,wh_sha1pw,CWE-328,weak_hash,vuln,VULNERABLE,1,1,1,"VERDICT: VULNERABLE The code uses SHA-1, which is considered cryptographically broken and unsuitable for further use."
1790465559,qwen2.5-coder:14b,wh_sha1pw,CWE-328,weak_hash,vuln,VULNERABLE,1,1,2,"VERDICT: VULNERABLE  The code uses SHA-1, which is considered cryptographically broken and unsuitable for further use."
1790465564,qwen2.5-coder:14b,wh_md5tok,CWE-328,weak_hash,vuln,VULNERABLE,1,1,0,"VERDICT: VULNERABLE The code uses MD5, which is a weak and outdated hashing algorithm, making it vulnerable to collision"
1790465568,qwen2.5-coder:14b,wh_md5tok,CWE-328,weak_hash,vuln,VULNERABLE,1,1,1,"VERDICT: VULNERABLE The code uses MD5, which is considered cryptographically broken and unsuitable for further use, espe"
1790465573,qwen2.5-coder:14b,wh_md5tok,CWE-328,weak_hash,vuln,VULNERABLE,1,1,2,VERDICT: VULNERABLE The use of MD5 for hashing is not secure as it is susceptible to collision attacks and is considered
1790465577,qwen2.5-coder:14b,wh_sha1sig,CWE-328,weak_hash,vuln,VULNERABLE,1,1,0,"VERDICT: VULNERABLE The use of SHA-1 for hashing is considered cryptographically broken and unsuitable for further use, "
1790465581,qwen2.5-coder:14b,wh_sha1sig,CWE-328,weak_hash,vuln,VULNERABLE,1,1,1,"VERDICT: VULNERABLE   The code uses SHA-1, which is considered cryptographically broken and unsuitable for further use."
1790465586,qwen2.5-coder:14b,wh_sha1sig,CWE-328,weak_hash,vuln,VULNERABLE,1,1,2,"VERDICT: VULNERABLE   Reason: The use of SHA-1 for hashing is insecure and vulnerable to collision attacks, which could "
1790465589,qwen2.5-coder:14b,wh_bcrypt,CWE-328,weak_hash,secure,SAFE,0,1,0,"VERDICT: SAFE  The code uses the bcrypt library to hash passwords, which is a secure method for storing passwords."
1790465593,qwen2.5-coder:14b,wh_bcrypt,CWE-328,weak_hash,secure,SAFE,0,1,1,"VERDICT: SAFE   The code uses bcrypt to hash passwords securely, which is considered a best practice for password storag"
1790465596,qwen2.5-coder:14b,wh_bcrypt,CWE-328,weak_hash,secure,SAFE,0,1,2,"VERDICT: SAFE   The code uses the `bcrypt` library to hash passwords securely, which is a good practice."
1790465601,qwen2.5-coder:14b,wh_argon,CWE-328,weak_hash,secure,SAFE,0,1,0,"VERDICT: SAFE   The code uses Argon2, which is a secure password hashing algorithm, to hash passwords, making it safe fr"
1790465605,qwen2.5-coder:14b,wh_argon,CWE-328,weak_hash,secure,SAFE,0,1,1,"VERDICT: SAFE The code uses Argon2, a secure password hashing algorithm, to hash passwords before storing them, which he"
1790465608,qwen2.5-coder:14b,wh_argon,CWE-328,weak_hash,secure,SAFE,0,1,2,"VERDICT: SAFE  The code uses Argon2 for hashing passwords, which is a secure algorithm."
1790465613,qwen2.5-coder:14b,ecb_aes,CWE-327,ecb_mode,vuln,VULNERABLE,1,1,0,"VERDICT: VULNERABLE   The code uses AES in ECB mode, which is vulnerable to pattern analysis and not recommended for sec"
1790465616,qwen2.5-coder:14b,ecb_aes,CWE-327,ecb_mode,vuln,VULNERABLE,1,1,1,"VERDICT: VULNERABLE  REASON: The code uses AES in ECB mode, which is vulnerable to pattern analysis and plaintext recove"
1790465622,qwen2.5-coder:14b,ecb_aes,CWE-327,ecb_mode,vuln,VULNERABLE,1,1,2,"VERDICT: VULNERABLE   Reason: The code uses AES in ECB mode, which is insecure for encrypting multiple blocks of data as"
1790465627,qwen2.5-coder:14b,ecb_aes2,CWE-327,ecb_mode,vuln,VULNERABLE,1,1,0,"VERDICT: VULNERABLE   The code uses ECB mode, which is vulnerable to attacks because it encrypts identical plaintext blo"
1790465632,qwen2.5-coder:14b,ecb_aes2,CWE-327,ecb_mode,vuln,VULNERABLE,1,1,1,"VERDICT: VULNERABLE   Reason: The use of ECB mode for encryption is insecure as it does not provide adequate security, a"
1790465638,qwen2.5-coder:14b,ecb_aes2,CWE-327,ecb_mode,vuln,VULNERABLE,1,1,2,"VERDICT: VULNERABLE  Reason: The code uses ECB (Electronic Codebook) mode, which is not secure for encrypting data as it"
1790465644,qwen2.5-coder:14b,ecb_field,CWE-327,ecb_mode,vuln,VULNERABLE,1,1,0,"VERDICT: VULNERABLE  The code uses AES in ECB mode, which is not secure for encrypting sensitive information like SSNs d"
1790465649,qwen2.5-coder:14b,ecb_field,CWE-327,ecb_mode,vuln,VULNERABLE,1,1,1,"VERDICT: VULNERABLE   Reason: The use of AES.MODE_ECB is insecure for encrypting sensitive information like SSNs, as it "
1790465653,qwen2.5-coder:14b,ecb_field,CWE-327,ecb_mode,vuln,VULNERABLE,1,1,2,"VERDICT: VULNERABLE   The use of AES in ECB mode is insecure as it can lead to predictable ciphertexts, especially for p"
1790465658,qwen2.5-coder:14b,ecb_loop,CWE-327,ecb_mode,vuln,VULNERABLE,1,1,0,"VERDICT: VULNERABLE  Reason: The code uses AES in ECB mode, which is vulnerable to pattern analysis and can reveal infor"
1790465663,qwen2.5-coder:14b,ecb_loop,CWE-327,ecb_mode,vuln,VULNERABLE,1,1,1,"VERDICT: VULNERABLE   Reason: The use of AES in ECB mode is insecure as it does not provide adequate confidentiality, es"
1790465667,qwen2.5-coder:14b,ecb_loop,CWE-327,ecb_mode,vuln,VULNERABLE,1,1,2,"VERDICT: VULNERABLE   The code uses AES in ECB mode, which is vulnerable to pattern analysis and can leak information ab"
1790465672,qwen2.5-coder:14b,ecb_gcm,CWE-327,ecb_mode,secure,SAFE,0,1,0,VERDICT: SAFE   The code uses a secure encryption mode (AES-GCM) and generates a random nonce for each encryption operat
1790465678,qwen2.5-coder:14b,ecb_gcm,CWE-327,ecb_mode,secure,SAFE,0,1,1,"VERDICT: SAFE   The code uses AES in GCM mode, which is a secure encryption mode that provides both confidentiality and "
1790465682,qwen2.5-coder:14b,ecb_gcm,CWE-327,ecb_mode,secure,SAFE,0,1,2,"VERDICT: SAFE  The code generates a unique nonce for each encryption operation, which is crucial for the security of the"
1790465688,qwen2.5-coder:14b,ecb_cbc,CWE-327,ecb_mode,secure,VULNERABLE,1,0,0,VERDICT: VULNERABLE  Reason: The code does not handle the case where the data length is not a multiple of the AES block 
1790465691,qwen2.5-coder:14b,ecb_cbc,CWE-327,ecb_mode,secure,VULNERABLE,1,0,1,"VERDICT: VULNERABLE   Reason: The code does not handle padding for the input data, which can lead to padding oracle atta"
1790465696,qwen2.5-coder:14b,ecb_cbc,CWE-327,ecb_mode,secure,SAFE,0,1,2,VERDICT: SAFE   Reason: The code uses a secure method to generate a random initialization vector (IV) for AES encryption
1790465701,qwen2.5-coder:14b,hk_aes,CWE-321,hardcoded_key,vuln,VULNERABLE,1,1,0,"VERDICT: VULNERABLE The code uses a hard-coded encryption key, which can be easily extracted and used to decrypt the dat"
1790465705,qwen2.5-coder:14b,hk_aes,CWE-321,hardcoded_key,vuln,VULNERABLE,1,1,1,"VERDICT: VULNERABLE  The code uses a hardcoded encryption key, which can be easily discovered and exploited by attackers"
1790465709,qwen2.5-coder:14b,hk_aes,CWE-321,hardcoded_key,vuln,VULNERABLE,1,1,2,"VERDICT: VULNERABLE The code uses a hardcoded encryption key, which is a security vulnerability as it can be easily disc"
1790465713,qwen2.5-coder:14b,hk_hmac,CWE-321,hardcoded_key,vuln,VULNERABLE,1,1,0,VERDICT: VULNERABLE   The code uses a hardcoded secret key which can be easily extracted and used by an attacker to gene
1790465720,qwen2.5-coder:14b,hk_hmac,CWE-321,hardcoded_key,vuln,SAFE,0,0,1,"VERDICT: SAFE  The code uses a secret key for signing messages, which is a good practice for ensuring message integrity."
1790465724,qwen2.5-coder:14b,hk_hmac,CWE-321,hardcoded_key,vuln,VULNERABLE,1,1,2,"VERDICT: VULNERABLE  The code uses a hard-coded secret key, which is a security risk as it can be discovered and exploit"
1790465728,qwen2.5-coder:14b,hk_jwt,CWE-321,hardcoded_key,vuln,VULNERABLE,1,1,0,"VERDICT: VULNERABLE   REASON: The JWT secret is hardcoded, which can be easily discovered and exploited by attackers."
1790465732,qwen2.5-coder:14b,hk_jwt,CWE-321,hardcoded_key,vuln,VULNERABLE,1,1,1,"VERDICT: VULNERABLE   The code uses a hardcoded JWT secret, which can be easily discovered and exploited by attackers."
1790465735,qwen2.5-coder:14b,hk_jwt,CWE-321,hardcoded_key,vuln,VULNERABLE,1,1,2,"VERDICT: VULNERABLE  Reason: The JWT secret is hardcoded, which poses a risk if the code is exposed or the secret is dis"
1790465740,qwen2.5-coder:14b,hk_fernet,CWE-321,hardcoded_key,vuln,VULNERABLE,1,1,0,"VERDICT: VULNERABLE The hardcoded encryption key is exposed and can be easily discovered, making the data encryption vul"
1790465743,qwen2.5-coder:14b,hk_fernet,CWE-321,hardcoded_key,vuln,VULNERABLE,1,1,1,"VERDICT: VULNERABLE The hardcoded encryption key is insecure and can be easily extracted, compromising the security of t"
1790465747,qwen2.5-coder:14b,hk_fernet,CWE-321,hardcoded_key,vuln,VULNERABLE,1,1,2,"VERDICT: VULNERABLE   The code uses a hardcoded encryption key, which can be easily discovered and exploited by attacker"
1790465752,qwen2.5-coder:14b,hk_env,CWE-321,hardcoded_key,secure,SAFE,0,1,0,VERDICT: SAFE   The code appears to securely encrypt data using AES in CBC mode with a key retrieved from an environment
1790465756,qwen2.5-coder:14b,hk_env,CWE-321,hardcoded_key,secure,VULNERABLE,1,0,1,"VERDICT: VULNERABLE Reason: The AES key is retrieved from the environment variable, which could be exposed if the enviro"
1790465760,qwen2.5-coder:14b,hk_env,CWE-321,hardcoded_key,secure,VULNERABLE,1,0,2,"VERDICT: VULNERABLE   Reason: The code retrieves the encryption key from an environment variable, which could be exposed"
1790465765,qwen2.5-coder:14b,hk_env2,CWE-321,hardcoded_key,secure,VULNERABLE,1,0,0,"VERDICT: VULNERABLE   The code retrieves the secret key from an environment variable, which might not be properly secure"
1790465771,qwen2.5-coder:14b,hk_env2,CWE-321,hardcoded_key,secure,VULNERABLE,1,0,1,"VERDICT: VULNERABLE  Reason: The code retrieves a secret key from the environment variable ""SIGNING_KEY"" without any val"
1790465776,qwen2.5-coder:14b,hk_env2,CWE-321,hardcoded_key,secure,VULNERABLE,1,0,2,"VERDICT: VULNERABLE   Reason: The code retrieves the signing key from an environment variable, which could be exposed or"
1790465781,qwen2.5-coder:14b,iv_zero,CWE-329,static_iv,vuln,VULNERABLE,1,1,0,"VERDICT: VULNERABLE  The code uses a fixed initialization vector (IV) for AES encryption, which can lead to predictable "
1790465785,qwen2.5-coder:14b,iv_zero,CWE-329,static_iv,vuln,VULNERABLE,1,1,1,"VERDICT: VULNERABLE The code uses a static initialization vector (IV), which can lead to predictable encryption and pote"
1790465790,qwen2.5-coder:14b,iv_zero,CWE-329,static_iv,vuln,VULNERABLE,1,1,2,"VERDICT: VULNERABLE The code uses a fixed initialization vector (IV), which can be exploited to perform certain types of"
1790465796,qwen2.5-coder:14b,iv_const,CWE-329,static_iv,vuln,VULNERABLE,1,1,0,"VERDICT: VULNERABLE The code uses a fixed initialization vector (IV), which can be exploited to perform chosen-plaintext"
1790465800,qwen2.5-coder:14b,iv_const,CWE-329,static_iv,vuln,VULNERABLE,1,1,1,"VERDICT: VULNERABLE  The code uses a hardcoded IV, which can be reused across multiple encryption operations, leading to"
1790465804,qwen2.5-coder:14b,iv_const,CWE-329,static_iv,vuln,VULNERABLE,1,1,2,"VERDICT: VULNERABLE  The code uses a hardcoded Initialization Vector (IV), which can be reused across different encrypti"
1790465809,qwen2.5-coder:14b,iv_nonce,CWE-329,static_iv,vuln,VULNERABLE,1,1,0,"VERDICT: VULNERABLE  The code uses a hardcoded nonce value, which can lead to security vulnerabilities such as replay at"
1790465814,qwen2.5-coder:14b,iv_nonce,CWE-329,static_iv,vuln,VULNERABLE,1,1,1,"VERDICT: VULNERABLE The code uses a hardcoded nonce, which can lead to security vulnerabilities if the same nonce is reu"
1790465818,qwen2.5-coder:14b,iv_nonce,CWE-329,static_iv,vuln,VULNERABLE,1,1,2,"VERDICT: VULNERABLE Reason: The code uses a hardcoded nonce, which can lead to predictable encryption and potential vuln"
1790465825,qwen2.5-coder:14b,iv_reuse,CWE-329,static_iv,vuln,VULNERABLE,1,1,0,"VERDICT: VULNERABLE   Reason: The code uses a hardcoded initialization vector (IV), which can be reused across multiple "
1790465829,qwen2.5-coder:14b,iv_reuse,CWE-329,static_iv,vuln,VULNERABLE,1,1,1,"VERDICT: VULNERABLE The code uses a hardcoded initialization vector (IV), which can be exploited to perform a dictionary"
1790465833,qwen2.5-coder:14b,iv_reuse,CWE-329,static_iv,vuln,VULNERABLE,1,1,2,"VERDICT: VULNERABLE The code uses a hardcoded initialization vector (IV), which can be reused and compromise the securit"
1790465837,qwen2.5-coder:14b,iv_rand,CWE-329,static_iv,secure,SAFE,0,1,0,"VERDICT: SAFE   The code uses `os.urandom` to generate a random initialization vector (IV) for AES encryption, which is "
1790465841,qwen2.5-coder:14b,iv_rand,CWE-329,static_iv,secure,VULNERABLE,1,0,1,"VERDICT: VULNERABLE   Reason: The code does not handle padding of the plaintext data, which can lead to padding oracle a"
1790465845,qwen2.5-coder:14b,iv_rand,CWE-329,static_iv,secure,SAFE,0,1,2,"VERDICT: SAFE  The code generates a new random initialization vector (IV) for each encryption operation, which is a secu"
1790465850,qwen2.5-coder:14b,iv_rand2,CWE-329,static_iv,secure,VULNERABLE,1,0,0,"VERDICT: VULNERABLE  The code does not handle the authentication tag generated by the GCM mode, which is crucial for ens"
1790465855,qwen2.5-coder:14b,iv_rand2,CWE-329,static_iv,secure,VULNERABLE,1,0,1,"VERDICT: VULNERABLE   Reason: The code does not handle the authentication tag generated by the AES-GCM mode, which is es"
1790465859,qwen2.5-coder:14b,iv_rand2,CWE-329,static_iv,secure,SAFE,0,1,2,"VERDICT: SAFE   Reason: The code generates a new random nonce for each encryption operation, which is a secure practice "
1790465865,qwen2.5-coder:14b,pr_token,CWE-338,weak_prng,vuln,SAFE,0,0,0,"VERDICT: SAFE   The code generates a random token using a secure method, but it does not include any cryptographic mecha"
1790465869,qwen2.5-coder:14b,pr_token,CWE-338,weak_prng,vuln,SAFE,0,0,1,"VERDICT: SAFE   The code generates a random token using hexadecimal characters, which is a common and secure method for "
1790465872,qwen2.5-coder:14b,pr_token,CWE-338,weak_prng,vuln,SAFE,0,0,2,"VERDICT: SAFE The code generates a random hexadecimal token of a specified length, which is a common and secure method f"
1790465878,qwen2.5-coder:14b,pr_otp,CWE-338,weak_prng,vuln,VULNERABLE,1,1,0,"VERDICT: VULNERABLE The code generates a random OTP (One-Time Password) using `random.randint`, which is not cryptograph"
1790465882,qwen2.5-coder:14b,pr_otp,CWE-338,weak_prng,vuln,VULNERABLE,1,1,1,VERDICT: VULNERABLE Reason: The use of `random.randint` for generating OTPs is not cryptographically secure and can be p
1790465886,qwen2.5-coder:14b,pr_otp,CWE-338,weak_prng,vuln,VULNERABLE,1,1,2,VERDICT: VULNERABLE   Reason: The use of `random.randint` for generating OTPs is insecure as it is not cryptographically
1790465891,qwen2.5-coder:14b,pr_reset,CWE-338,weak_prng,vuln,SAFE,0,0,0,"VERDICT: SAFE The code generates a random string of 32 ASCII letters, which is a common method for creating tokens and i"
1790465899,qwen2.5-coder:14b,pr_reset,CWE-338,weak_prng,vuln,VULNERABLE,1,1,1,"VERDICT: VULNERABLE Reason: The function generates a random token using only ASCII letters, which limits the character s"
1790465903,qwen2.5-coder:14b,pr_reset,CWE-338,weak_prng,vuln,SAFE,0,0,2,"VERDICT: SAFE The code generates a random string of 32 characters using ASCII letters, which is a secure method for crea"
1790465909,qwen2.5-coder:14b,pr_seed,CWE-338,weak_prng,vuln,VULNERABLE,1,1,0,VERDICT: VULNERABLE  REASON: The use of `time.time()` as a seed for the random number generator can lead to predictable 
1790465915,qwen2.5-coder:14b,pr_seed,CWE-338,weak_prng,vuln,VULNERABLE,1,1,1,"VERDICT: VULNERABLE Reason: The use of time.time() as a seed for random.seed() can predict the random number generation,"
1790465920,qwen2.5-coder:14b,pr_seed,CWE-338,weak_prng,vuln,VULNERABLE,1,1,2,"VERDICT: VULNERABLE The code uses the current time to seed the random number generator, which can be predictable if the "
1790465926,qwen2.5-coder:14b,pr_secrets,CWE-338,weak_prng,secure,SAFE,0,1,0,"VERDICT: SAFE  The code uses the `secrets` module to generate a token, which is a secure way to generate cryptographical"
1790465931,qwen2.5-coder:14b,pr_secrets,CWE-338,weak_prng,secure,SAFE,0,1,1,"VERDICT: SAFE   This code uses `secrets.token_hex(n)` to generate a secure token, which is appropriate for cryptographic"
1790465934,qwen2.5-coder:14b,pr_secrets,CWE-338,weak_prng,secure,SAFE,0,1,2,"VERDICT: SAFE The code uses the `secrets` module to generate a secure token, which is appropriate for cryptographic use."
1790465939,qwen2.5-coder:14b,pr_secrets2,CWE-338,weak_prng,secure,SAFE,0,1,0,"VERDICT: SAFE This code generates a secure token using `secrets.token_urlsafe`, which is appropriate for generating cryp"
1790465944,qwen2.5-coder:14b,pr_secrets2,CWE-338,weak_prng,secure,SAFE,0,1,1,"VERDICT: SAFE The code uses `secrets.token_urlsafe(32)` to generate a secure token, which is suitable for cryptographic "
1790465948,qwen2.5-coder:14b,pr_secrets2,CWE-338,weak_prng,secure,SAFE,0,1,2,"VERDICT: SAFE   The code uses `secrets.token_urlsafe(32)` to generate a secure token, which is appropriate for cryptogra"
1790465953,qwen2.5-coder:14b,sk_rsa512,CWE-326,short_key,vuln,VULNERABLE,1,1,0,"VERDICT: VULNERABLE  The code generates an RSA key with a key size of 512 bits, which is considered too small and is vul"
1790465957,qwen2.5-coder:14b,sk_rsa512,CWE-326,short_key,vuln,VULNERABLE,1,1,1,VERDICT: VULNERABLE   The key size of 512 bits is considered too small and is vulnerable to modern cryptanalysis techniq
1790465962,qwen2.5-coder:14b,sk_rsa512,CWE-326,short_key,vuln,VULNERABLE,1,1,2,"VERDICT: VULNERABLE The code generates an RSA key with a key size of 512 bits, which is considered too small and vulnera"
1790465967,qwen2.5-coder:14b,sk_rsa1024,CWE-326,short_key,vuln,VULNERABLE,1,1,0,"VERDICT: VULNERABLE Reason: The code generates a 1024-bit RSA key, which is considered too short and vulnerable to moder"
1790465971,qwen2.5-coder:14b,sk_rsa1024,CWE-326,short_key,vuln,VULNERABLE,1,1,1,VERDICT: VULNERABLE   Reason: Generating an RSA key with a key size of 1024 bits is considered weak and vulnerable to mo
1790465974,qwen2.5-coder:14b,sk_rsa1024,CWE-326,short_key,vuln,SAFE,0,0,2,"VERDICT: SAFE The code generates a 1024-bit RSA key, which is secure for current standards."
1790465980,qwen2.5-coder:14b,sk_dsa,CWE-326,short_key,vuln,VULNERABLE,1,1,0,"VERDICT: VULNERABLE  The code generates a DSA key with a key size of 512 bits, which is considered too small and vulnera"
1790465985,qwen2.5-coder:14b,sk_dsa,CWE-326,short_key,vuln,VULNERABLE,1,1,1,VERDICT: VULNERABLE   Reason: Using a key size of 512 bits for DSA is considered too small and insecure for cryptographi
1790465990,qwen2.5-coder:14b,sk_dsa,CWE-326,short_key,vuln,VULNERABLE,1,1,2,VERDICT: VULNERABLE   Reason: The use of a 512-bit key size for DSA is considered too weak and vulnerable to modern cryp
1790465995,qwen2.5-coder:14b,sk_rsa768,CWE-326,short_key,vuln,VULNERABLE,1,1,0,VERDICT: VULNERABLE   The key size of 768 bits is considered too small and is vulnerable to modern cryptanalysis techniq
1790465998,qwen2.5-coder:14b,sk_rsa768,CWE-326,short_key,vuln,VULNERABLE,1,1,1,VERDICT: VULNERABLE The key size of 768 bits is considered too small and is vulnerable to modern computational attacks.
1790466003,qwen2.5-coder:14b,sk_rsa768,CWE-326,short_key,vuln,VULNERABLE,1,1,2,"VERDICT: VULNERABLE   The code generates a private RSA key with a key size of 768 bits, which is considered too small an"
1790466012,qwen2.5-coder:14b,sk_rsa3072,CWE-326,short_key,secure,VULNERABLE,1,0,0,"VERDICT: VULNERABLE Reason: The code generates a new RSA key pair with a key size of 3072 bits, which is generally consi"
1790466015,qwen2.5-coder:14b,sk_rsa3072,CWE-326,short_key,secure,SAFE,0,1,1,"VERDICT: SAFE   The code generates a 3072-bit RSA key, which is generally considered secure."
1790466020,qwen2.5-coder:14b,sk_rsa3072,CWE-326,short_key,secure,VULNERABLE,1,0,2,"VERDICT: VULNERABLE Reason: The code uses a hardcoded key size of 3072 bits, which may not be sufficient for long-term s"
1790466024,qwen2.5-coder:14b,sk_rsa4096,CWE-326,short_key,secure,SAFE,0,1,0,VERDICT: SAFE  The code generates a private RSA key with a standard public exponent and a key size that is considered se
1790466028,qwen2.5-coder:14b,sk_rsa4096,CWE-326,short_key,secure,SAFE,0,1,1,"VERDICT: SAFE   The code generates a private RSA key with a secure public exponent and key size, which does not inherent"
1790466033,qwen2.5-coder:14b,sk_rsa4096,CWE-326,short_key,secure,SAFE,0,1,2,"VERDICT: SAFE   The code uses a standard public exponent (65537) and a key size of 4096 bits, which are both secure for "
1790466038,qwen2.5-coder:14b,bc_des,CWE-327,broken_cipher,vuln,VULNERABLE,1,1,0,VERDICT: VULNERABLE   Reason: The use of ECB mode for encryption is insecure as it does not provide any confidentiality 
1790466041,qwen2.5-coder:14b,bc_des,CWE-327,broken_cipher,vuln,VULNERABLE,1,1,1,VERDICT: VULNERABLE Reason: The use of DES in ECB mode is vulnerable to frequency analysis attacks.
1790466044,qwen2.5-coder:14b,bc_des,CWE-327,broken_cipher,vuln,VULNERABLE,1,1,2,VERDICT: VULNERABLE Using DES in ECB mode is vulnerable to pattern analysis and can expose sensitive information.
1790466048,qwen2.5-coder:14b,bc_3des,CWE-327,broken_cipher,vuln,VULNERABLE,1,1,0,VERDICT: VULNERABLE   The code uses a weak encryption algorithm (DES3) which is considered vulnerable to modern attacks.
1790466052,qwen2.5-coder:14b,bc_3des,CWE-327,broken_cipher,vuln,VULNERABLE,1,1,1,"VERDICT: VULNERABLE  The code uses DES3, which is considered weak and should not be used for new applications due to its"
1790466056,qwen2.5-coder:14b,bc_3des,CWE-327,broken_cipher,vuln,VULNERABLE,1,1,2,"VERDICT: VULNERABLE  The code uses DES3 encryption, which is considered weak and insecure by modern standards."
1790466061,qwen2.5-coder:14b,bc_rc4,CWE-327,broken_cipher,vuln,VULNERABLE,1,1,0,"VERDICT: VULNERABLE The use of the ARC4 cipher, which is known to have weaknesses and is considered insecure for many mo"
1790466065,qwen2.5-coder:14b,bc_rc4,CWE-327,broken_cipher,vuln,VULNERABLE,1,1,1,"VERDICT: VULNERABLE The code uses the ARC4 cipher, which is considered cryptographically broken and unsuitable for furth"
1790466068,qwen2.5-coder:14b,bc_rc4,CWE-327,broken_cipher,vuln,VULNERABLE,1,1,2,"VERDICT: VULNERABLE   The code uses the RC4 cipher, which is considered cryptographically broken and unsuitable for secu"
1790466076,qwen2.5-coder:14b,bc_blowfish,CWE-327,broken_cipher,vuln,VULNERABLE,1,1,0,VERDICT: VULNERABLE  The code uses a fixed encryption mode (CBC) without ensuring that the initialization vector (IV) is
1790466083,qwen2.5-coder:14b,bc_blowfish,CWE-327,broken_cipher,vuln,VULNERABLE,1,1,1,"VERDICT: VULNERABLE Reason: The code uses a fixed initialization vector (IV), which can lead to predictable ciphertexts "
1790466087,qwen2.5-coder:14b,bc_blowfish,CWE-327,broken_cipher,vuln,VULNERABLE,1,1,2,"VERDICT: VULNERABLE The code does not validate the length of the key, which can lead to weak encryption if a short or pr"
1790466095,qwen2.5-coder:14b,bc_aesgcm,CWE-327,broken_cipher,secure,VULNERABLE,1,0,0,"VERDICT: VULNERABLE   The code uses a randomly generated nonce for each encryption operation, which is correct for GCM m"
1790466100,qwen2.5-coder:14b,bc_aesgcm,CWE-327,broken_cipher,secure,SAFE,0,1,1,"VERDICT: SAFE   The code uses a secure method for encryption with AES in GCM mode, which includes a unique nonce for eac"
1790466105,qwen2.5-coder:14b,bc_aesgcm,CWE-327,broken_cipher,secure,VULNERABLE,1,0,2,VERDICT: VULNERABLE The code does not ensure that the key provided to the AES encryption function is of the correct leng
1790466118,qwen2.5-coder:14b,bc_chacha,CWE-327,broken_cipher,secure,VULNERABLE,1,0,0,VERDICT: VULNERABLE   Reason: The code uses a random nonce (n) generated by `os.urandom(12)` for each encryption operati
1790466122,qwen2.5-coder:14b,bc_chacha,CWE-327,broken_cipher,secure,SAFE,0,1,1,VERDICT: SAFE  The code uses a secure cryptographic algorithm (ChaCha20) and generates a random nonce for each encryptio
1790466126,qwen2.5-coder:14b,bc_chacha,CWE-327,broken_cipher,secure,SAFE,0,1,2,"VERDICT: SAFE   The code uses ChaCha20 with a randomly generated nonce, which is a secure practice for encryption."
1790466130,qwen2.5-coder:14b,ns_sha256,CWE-759,no_salt,vuln,VULNERABLE,1,1,0,"VERDICT: VULNERABLE   Reason: The code uses SHA-256 to hash passwords without a salt, which makes it vulnerable to rainb"
1790466136,qwen2.5-coder:14b,ns_sha256,CWE-759,no_salt,vuln,VULNERABLE,1,1,1,"VERDICT: VULNERABLE   Reason: The code uses a single iteration of SHA-256, which is not secure enough for password hashi"
1790466141,qwen2.5-coder:14b,ns_sha256,CWE-759,no_salt,vuln,VULNERABLE,1,1,2,"VERDICT: VULNERABLE Reason: The code uses a single iteration of SHA-256 for password hashing, which is not secure agains"
1790466146,qwen2.5-coder:14b,ns_md5,CWE-759,no_salt,vuln,VULNERABLE,1,1,0,VERDICT: VULNERABLE  Reason: The use of MD5 for password hashing is insecure as it is computationally fast and susceptib
1790466151,qwen2.5-coder:14b,ns_md5,CWE-759,no_salt,vuln,VULNERABLE,1,1,1,VERDICT: VULNERABLE   Reason: The use of MD5 for password hashing is insecure as it is vulnerable to collision attacks a
1790466155,qwen2.5-coder:14b,ns_md5,CWE-759,no_salt,vuln,VULNERABLE,1,1,2,VERDICT: VULNERABLE Reason: Using MD5 for password hashing is insecure as it is vulnerable to collision attacks and is c
1790466161,qwen2.5-coder:14b,ns_lowiter,CWE-916,no_salt,vuln,VULNERABLE,1,1,0,"VERDICT: VULNERABLE The code uses a hardcoded iteration count of 100 for PBKDF2, which is too low and can be considered "
1790466166,qwen2.5-coder:14b,ns_lowiter,CWE-916,no_salt,vuln,VULNERABLE,1,1,1,"VERDICT: VULNERABLE The code uses a hardcoded iteration count of 100, which is too low and does not provide sufficient s"
1790466172,qwen2.5-coder:14b,ns_lowiter,CWE-916,no_salt,vuln,VULNERABLE,1,1,2,"VERDICT: VULNERABLE   REASON: The iteration count for PBKDF2-HMAC is set to 100, which is too low and can be considered "
1790466186,qwen2.5-coder:14b,ns_double,CWE-759,no_salt,vuln,SAFE,0,0,0,"VERDICT: SAFE  The code uses SHA-256 hashing twice, which is not inherently a security vulnerability. However, it's impo"
1790466192,qwen2.5-coder:14b,ns_double,CWE-759,no_salt,vuln,VULNERABLE,1,1,1,"VERDICT: VULNERABLE Reason: The code uses SHA-256 twice, which is not a secure method for password hashing. It lacks sal"
1790466198,qwen2.5-coder:14b,ns_double,CWE-759,no_salt,vuln,VULNERABLE,1,1,2,"VERDICT: VULNERABLE Reason: The code uses a double SHA-256 hashing without a salt, which can be vulnerable to rainbow ta"
1790466206,qwen2.5-coder:14b,ns_pbkdf2,CWE-759,no_salt,secure,VULNERABLE,1,0,0,"VERDICT: VULNERABLE   Reason: The code uses a fixed number of iterations (200000) for the PBKDF2 HMAC function, which ma"
1790466210,qwen2.5-coder:14b,ns_pbkdf2,CWE-759,no_salt,secure,SAFE,0,1,1,VERDICT: SAFE   The code uses a secure method for password derivation with a strong hash function and a large number of 
1790466215,qwen2.5-coder:14b,ns_pbkdf2,CWE-759,no_salt,secure,VULNERABLE,1,0,2,VERDICT: VULNERABLE  The code does not handle the password derivation securely because it does not ensure the derived ke
1790466221,qwen2.5-coder:14b,ns_scrypt,CWE-759,no_salt,secure,VULNERABLE,1,0,0,"VERDICT: VULNERABLE   Reason: The code uses a hardcoded value for the `n` parameter in the `hashlib.scrypt` function, wh"
1790466226,qwen2.5-coder:14b,ns_scrypt,CWE-759,no_salt,secure,SAFE,0,1,1,VERDICT: SAFE   The code uses a strong key derivation function (scrypt) with appropriate parameters and includes a rando
1790466231,qwen2.5-coder:14b,ns_scrypt,CWE-759,no_salt,secure,SAFE,0,1,2,VERDICT: SAFE   The code generates a random salt and uses a secure key derivation function (scrypt) with appropriate par
1790466236,qwen2.5-coder:14b,cv_verifyfalse,CWE-295,cert_verify,vuln,VULNERABLE,1,1,0,"VERDICT: VULNERABLE   REASON: The code disables SSL certificate verification by setting `verify=False`, which makes it s"
1790466240,qwen2.5-coder:14b,cv_verifyfalse,CWE-295,cert_verify,vuln,VULNERABLE,1,1,1,"VERDICT: VULNERABLE Reason: The code disables SSL verification by setting `verify=False`, which can allow man-in-the-mid"
1790466244,qwen2.5-coder:14b,cv_verifyfalse,CWE-295,cert_verify,vuln,VULNERABLE,1,1,2,"VERDICT: VULNERABLE The code disables SSL verification by setting `verify=False`, which can expose the application to ma"
1790466249,qwen2.5-coder:14b,cv_sslctx,CWE-295,cert_verify,vuln,VULNERABLE,1,1,0,"VERDICT: VULNERABLE  The code creates an unverified SSL context, which allows for man-in-the-middle attacks by bypassing"
1790466254,qwen2.5-coder:14b,cv_sslctx,CWE-295,cert_verify,vuln,VULNERABLE,1,1,1,"VERDICT: VULNERABLE Reason: The code uses an unverified SSL context, which can allow man-in-the-middle attacks by not ve"
1790466257,qwen2.5-coder:14b,cv_sslctx,CWE-295,cert_verify,vuln,VULNERABLE,1,1,2,"VERDICT: VULNERABLE   Reason: The code uses an unverified SSL context, which can allow man-in-the-middle attacks."
1790466262,qwen2.5-coder:14b,cv_certnone,CWE-295,cert_verify,vuln,VULNERABLE,1,1,0,"VERDICT: VULNERABLE   Reason: The code disables hostname checking and certificate verification, making it susceptible to"
1790466266,qwen2.5-coder:14b,cv_certnone,CWE-295,cert_verify,vuln,VULNERABLE,1,1,1,VERDICT: VULNERABLE   Reason: Disabling hostname checking and certificate verification makes the connection susceptible 
1790466269,qwen2.5-coder:14b,cv_certnone,CWE-295,cert_verify,vuln,VULNERABLE,1,1,2,"VERDICT: VULNERABLE   This code disables hostname verification and certificate checking, which makes the connection susc"
1790466274,qwen2.5-coder:14b,cv_session,CWE-295,cert_verify,vuln,VULNERABLE,1,1,0,"VERDICT: VULNERABLE The code disables SSL verification (`s.verify = False`), which makes the application vulnerable to m"
1790466279,qwen2.5-coder:14b,cv_session,CWE-295,cert_verify,vuln,VULNERABLE,1,1,1,"VERDICT: VULNERABLE The code disables SSL certificate verification by setting `s.verify = False`, which can expose the a"
1790466283,qwen2.5-coder:14b,cv_session,CWE-295,cert_verify,vuln,VULNERABLE,1,1,2,"VERDICT: VULNERABLE The code disables SSL certificate verification by setting `s.verify = False`, which makes the client"
1790466288,qwen2.5-coder:14b,cv_verifytrue,CWE-295,cert_verify,secure,VULNERABLE,1,0,0,"VERDICT: VULNERABLE The code does not validate or sanitize the input URL, which could lead to open redirects or other se"
1790466292,qwen2.5-coder:14b,cv_verifytrue,CWE-295,cert_verify,secure,VULNERABLE,1,0,1,"VERDICT: VULNERABLE   The code does not validate the input URL, which could lead to SSRF (Server-Side Request Forgery) a"
1790466297,qwen2.5-coder:14b,cv_verifytrue,CWE-295,cert_verify,secure,VULNERABLE,1,0,2,"VERDICT: VULNERABLE   Reason: The code does not validate or sanitize the input URL, which could lead to SSRF (Server-Sid"
1790466303,qwen2.5-coder:14b,cv_pinned,CWE-295,cert_verify,secure,VULNERABLE,1,0,0,"VERDICT: VULNERABLE  The code does not validate the URL or the input provided to the `fetch` function, which could lead "
1790466309,qwen2.5-coder:14b,cv_pinned,CWE-295,cert_verify,secure,VULNERABLE,1,0,1,"VERDICT: VULNERABLE   The code does not handle potential exceptions that could arise from the `requests.get` call, such "
1790466312,qwen2.5-coder:14b,cv_pinned,CWE-295,cert_verify,secure,SAFE,0,1,2,"VERDICT: SAFE   The code specifies a custom CA bundle for SSL verification, which helps ensure secure connections."
1790466318,deepseek-coder:6.7b,wh_md5pw,CWE-328,weak_hash,vuln,VULNERABLE,1,1,0,VERDICT: VULNERABLE Reason: The MD5 algorithm is not a secure hash function for storing passwords. It's easy to compute 
1790466320,deepseek-coder:6.7b,wh_md5pw,CWE-328,weak_hash,vuln,VULNERABLE,1,1,1,VERDICT: VULNERABLE Reason: MD5 is a weak hashing algorithm. It is vulnerable to collision attacks. 
1790466323,deepseek-coder:6.7b,wh_md5pw,CWE-328,weak_hash,vuln,VULNERABLE,1,1,2,"VERDICT: VULNERABLE Reason: This code is using md5 hashing to store passwords, which is insecure. MD5 hashing is not rec"
1790466326,deepseek-coder:6.7b,wh_sha1pw,CWE-328,weak_hash,vuln,SAFE,0,0,0,"VERDICT: SAFE Reason: The function hashes a password using SHA1, which is a secure and widely accepted cryptographic has"
1790466330,deepseek-coder:6.7b,wh_sha1pw,CWE-328,weak_hash,vuln,SAFE,0,0,1,"VERDICT: SAFE Reason: This code is safe because it hashes passwords using SHA1, which is one-way and irreversible. The h"
1790466333,deepseek-coder:6.7b,wh_sha1pw,CWE-328,weak_hash,vuln,SAFE,0,0,2,VERDICT: SAFE Reason: This function uses the SHA1 hash function to store passwords securely. It first encodes the passwo
1790466340,deepseek-coder:6.7b,wh_md5tok,CWE-328,weak_hash,vuln,SAFE,0,0,0,"VERDICT: SAFE Reason: The function is used to generate a unique token based on user_id, which is a common practice in sy"
1790466343,deepseek-coder:6.7b,wh_md5tok,CWE-328,weak_hash,vuln,SAFE,0,0,1,"VERDICT: SAFE Reason: The function is used to generate a unique token for a user with a user ID, which is fine. It uses "
1790466345,deepseek-coder:6.7b,wh_md5tok,CWE-328,weak_hash,vuln,SAFE,0,0,2,VERDICT: SAFE The code snippet is safe to use as it generates a unique hash for each user_id and it uses MD5 algorithm w
1790466348,deepseek-coder:6.7b,wh_sha1sig,CWE-328,weak_hash,vuln,VULNERABLE,1,1,0,"VERDICT: VULNERABLE Reason: This code does not adequately handle the case where the key is None. If key is None, this co"
1790466351,deepseek-coder:6.7b,wh_sha1sig,CWE-328,weak_hash,vuln,SAFE,0,0,1,VERDICT: SAFE Reason: This code is used to generate a SHA1 hash of a message combined with a key. While it's not clear w
1790466355,deepseek-coder:6.7b,wh_sha1sig,CWE-328,weak_hash,vuln,SAFE,0,0,2,VERDICT: SAFE Reason: The provided code is safe. It uses a SHA1 hash to create a digital signature which is a common met
1790466357,deepseek-coder:6.7b,wh_bcrypt,CWE-328,weak_hash,secure,SAFE,0,1,0,"VERDICT: SAFE The code is safe to use. The bcrypt module is used correctly to hash passwords, which is a common and secu"
1790466360,deepseek-coder:6.7b,wh_bcrypt,CWE-328,weak_hash,secure,SAFE,0,1,1,"VERDICT: SAFE Reason: This code is safe as it is using bcrypt, a password-hashing function designed to secure password s"
1790466361,deepseek-coder:6.7b,wh_bcrypt,CWE-328,weak_hash,secure,SAFE,0,1,2,VERDICT: SAFE Reason: This Python code doesn't contain any obvious security vulnerabilities. It correctly uses the bcryp
1790466364,deepseek-coder:6.7b,wh_argon,CWE-328,weak_hash,secure,SAFE,0,1,0,VERDICT: SAFE The code is safe because it does not directly handle or store passwords. It uses the argon2 library to has
1790466367,deepseek-coder:6.7b,wh_argon,CWE-328,weak_hash,secure,SAFE,0,1,1,VERDICT: SAFE This code is safe because it does not handle passwords in a secure way. It only hashes passwords using the
1790466369,deepseek-coder:6.7b,wh_argon,CWE-328,weak_hash,secure,SAFE,0,1,2,"VERDICT: SAFE The code is safe because it is using a well-tested library to hash passwords, which is a good practice for"
1790466372,deepseek-coder:6.7b,ecb_aes,CWE-327,ecb_mode,vuln,VULNERABLE,1,1,0,VERDICT: VULNERABLE Reason: The code is using ECB mode of AES which is not recommended for use as it is not secure. ECB 
1790466377,deepseek-coder:6.7b,ecb_aes,CWE-327,ecb_mode,vuln,VULNERABLE,1,1,1,"VERDICT: VULNERABLE Reason: The code uses the AES encryption algorithm from the PyCryptoDome library, but it does not in"
1790466379,deepseek-coder:6.7b,ecb_aes,CWE-327,ecb_mode,vuln,VULNERABLE,1,1,2,"VERDICT: VULNERABLE Reason: This code is using the PyCryptoDome library to encrypt data with AES, but it's using AES in "
1790466382,deepseek-coder:6.7b,ecb_aes2,CWE-327,ecb_mode,vuln,SAFE,0,0,0,VERDICT: SAFE The code is safe as it is using the cryptography library for encryption. AES encryption is a widely used e
1790466383,deepseek-coder:6.7b,ecb_aes2,CWE-327,ecb_mode,vuln,VULNERABLE,1,1,1,"VERDICT: VULNERABLE Reason: The code uses the AES algorithm in ECB mode, which is not secure. "
1790466388,deepseek-coder:6.7b,ecb_aes2,CWE-327,ecb_mode,vuln,VULNERABLE,1,1,2,"VERDICT: VULNERABLE Reason: The code is using the AES algorithm with the Electronic Codebook (ECB) mode, which is not se"
1790466406,deepseek-coder:6.7b,ecb_field,CWE-327,ecb_mode,vuln,VULNERABLE,1,1,0,"VERDICT: VULNERABLE  This code is encrypting social security numbers (SSN) using the AES encryption algorithm, but it's "
1790466409,deepseek-coder:6.7b,ecb_field,CWE-327,ecb_mode,vuln,VULNERABLE,1,1,1,"VERDICT: VULNERABLE Reason: This code is using ECB mode of AES encryption, which is not secure for sensitive data like s"
1790466411,deepseek-coder:6.7b,ecb_field,CWE-327,ecb_mode,vuln,VULNERABLE,1,1,2,VERDICT: VULNERABLE Reason: This code is using the AES encryption algorithm in ECB mode without any consideration for se
1790466415,deepseek-coder:6.7b,ecb_loop,CWE-327,ecb_mode,vuln,VULNERABLE,1,1,0,"VERDICT: VULNERABLE The given code is using the AES encryption module from the PyCryptoDome library, but without proper "
1790466417,deepseek-coder:6.7b,ecb_loop,CWE-327,ecb_mode,vuln,SAFE,0,0,1,VERDICT: SAFE Reason: The code uses the PyCrypto library to encrypt blocks of data with AES. The encryption mode used (E
1790466421,deepseek-coder:6.7b,ecb_loop,CWE-327,ecb_mode,vuln,SAFE,0,0,2,VERDICT: SAFE Reason: This code snippet seems to be implementing AES encryption in Python using the PyCryptoDome library
1790466422,deepseek-coder:6.7b,ecb_gcm,CWE-327,ecb_mode,secure,SAFE,0,1,0,VERDICT: SAFE The code is safe. It does not contain a known security vulnerability. 
1790466427,deepseek-coder:6.7b,ecb_gcm,CWE-327,ecb_mode,secure,VULNERABLE,1,0,1,VERDICT: VULNERABLE Reason: The AES.MODE_GCM mode of operation in the Crypto library does not seem to have a built-in me
1790466431,deepseek-coder:6.7b,ecb_gcm,CWE-327,ecb_mode,secure,VULNERABLE,1,0,2,VERDICT: VULNERABLE Reason: AES encryption in GCM mode does not provide any inherent security. The nonce should be rando
1790466436,deepseek-coder:6.7b,ecb_cbc,CWE-327,ecb_mode,secure,SAFE,0,1,0,"VERDICT: SAFE Reason: The given code is safe as it uses the AES encryption algorithm provided by PyCryptoDome, which is "
1790466439,deepseek-coder:6.7b,ecb_cbc,CWE-327,ecb_mode,secure,SAFE,0,1,1,"VERDICT: SAFE Reason: The code is safe because it's using the PyCryptoDome library, which is a trusted cryptographic lib"
1790466441,deepseek-coder:6.7b,ecb_cbc,CWE-327,ecb_mode,secure,SAFE,0,1,2,"VERDICT: SAFE Reason: The code is safe as it is, without revealing any security vulnerabilities. "
1790466443,deepseek-coder:6.7b,hk_aes,CWE-321,hardcoded_key,vuln,SAFE,0,0,0,VERDICT: SAFE This code is safe as it is using AES encryption with CBC mode. The key is hardcoded and the encryption is 
1790466447,deepseek-coder:6.7b,hk_aes,CWE-321,hardcoded_key,vuln,SAFE,0,0,1,VERDICT: SAFE The provided code is safe as it does not seem to have any obvious security vulnerabilities. It uses the AE
1790466449,deepseek-coder:6.7b,hk_aes,CWE-321,hardcoded_key,vuln,SAFE,0,0,2,VERDICT: SAFE Reason: The code is using a hardcoded key which is safe in this context. The AES encryption standard is wi
1790466451,deepseek-coder:6.7b,hk_hmac,CWE-321,hardcoded_key,vuln,SAFE,0,0,0,VERDICT: SAFE The code does not contain any security vulnerabilities. It's safe to use. 
1790466454,deepseek-coder:6.7b,hk_hmac,CWE-321,hardcoded_key,vuln,SAFE,0,0,1,VERDICT: SAFE Reason: The code is safe as it does not contain any critical security issues. It is using a HMAC-SHA256 to
1790466457,deepseek-coder:6.7b,hk_hmac,CWE-321,hardcoded_key,vuln,SAFE,0,0,2,VERDICT: SAFE Reason: The code is safe as it doesn't contain any obvious security issues. It uses HMAC with SHA256 as a 
1790466460,deepseek-coder:6.7b,hk_jwt,CWE-321,hardcoded_key,vuln,SAFE,0,0,0,"VERDICT: SAFE Reason: The code is used to create JWTs, which are typically safe to use as the secret key is hardcoded an"
1790466468,deepseek-coder:6.7b,hk_jwt,CWE-321,hardcoded_key,vuln,VULNERABLE,1,1,1,VERDICT: VULNERABLE  This code is vulnerable for several reasons. The first is that JWT secret is hardcoded which is a s
1790466471,deepseek-coder:6.7b,hk_jwt,CWE-321,hardcoded_key,vuln,SAFE,0,0,2,"VERDICT: SAFE Reason: The code uses a hardcoded secret for JWT creation, which is not a significant security risk. Howev"
1790466475,deepseek-coder:6.7b,hk_fernet,CWE-321,hardcoded_key,vuln,SAFE,0,0,0,"VERDICT: SAFE The code is safe because it is using Fernet from the cryptography library for encryption, which is a secur"
1790466477,deepseek-coder:6.7b,hk_fernet,CWE-321,hardcoded_key,vuln,SAFE,0,0,1,"VERDICT: SAFE Reason: The provided code uses Fernet for symmetric encryption, which is a secure method of encryption. Ho"
1790466479,deepseek-coder:6.7b,hk_fernet,CWE-321,hardcoded_key,vuln,SAFE,0,0,2,"VERDICT: SAFE Reason: This code is safe as it is using the cryptography library to encrypt data, but it lacks any form o"
1790466482,deepseek-coder:6.7b,hk_env,CWE-321,hardcoded_key,secure,VULNERABLE,1,0,0,VERDICT: VULNERABLE Reason: The encryption key is hardcoded and not safe to be hardcoded in the production environment. 
1790466486,deepseek-coder:6.7b,hk_env,CWE-321,hardcoded_key,secure,SAFE,0,1,1,VERDICT: SAFE Reason: This code is safe because it doesn't seem to contain any obvious security vulnerabilities. It uses
1790466488,deepseek-coder:6.7b,hk_env,CWE-321,hardcoded_key,secure,SAFE,0,1,2,VERDICT: SAFE Reason: The code is safe as it is not directly handling or using environment variables for secret data. Th
1790466490,deepseek-coder:6.7b,hk_env2,CWE-321,hardcoded_key,secure,SAFE,0,1,0,"VERDICT: SAFE Reason: The code is safe as it does not have any obvious security flaws, it uses HMAC with a secret key ob"
1790466493,deepseek-coder:6.7b,hk_env2,CWE-321,hardcoded_key,secure,SAFE,0,1,1,"VERDICT: SAFE Reason: This code is safe as it signs a message using a secret key, which is obtained from the environment"
1790466496,deepseek-coder:6.7b,hk_env2,CWE-321,hardcoded_key,secure,SAFE,0,1,2,VERDICT: SAFE Reason: This code is safe as it is not directly handling any secret information and it uses HMAC with a SH
1790466500,deepseek-coder:6.7b,iv_zero,CWE-329,static_iv,vuln,VULNERABLE,1,1,0,VERDICT: VULNERABLE The code is vulnerable because it does not handle the case where the data is not a multiple of 16 by
1790466504,deepseek-coder:6.7b,iv_zero,CWE-329,static_iv,vuln,VULNERABLE,1,1,1,VERDICT: VULNERABLE Reason: The IV (Initialization Vector) is hardcoded to be a 16 byte string of null bytes. This is a 
1790466508,deepseek-coder:6.7b,iv_zero,CWE-329,static_iv,vuln,VULNERABLE,1,1,2,VERDICT: VULNERABLE The code is vulnerable because it uses the same initialization vector (IV) for all encryption operat
1790466512,deepseek-coder:6.7b,iv_const,CWE-329,static_iv,vuln,SAFE,0,0,0,VERDICT: SAFE Reason: The code is safe. It uses the PyCrypto library to encrypt data using AES encryption. The IV is har
1790466515,deepseek-coder:6.7b,iv_const,CWE-329,static_iv,vuln,SAFE,0,0,1,"VERDICT: SAFE Reason: The code is using the PyCryptoDome library to perform AES encryption, which is a safe and widely u"
1790466518,deepseek-coder:6.7b,iv_const,CWE-329,static_iv,vuln,SAFE,0,0,2,"VERDICT: SAFE Reason: This code snippet uses the PyCrypto library for AES encryption, which is a widely used and secure "
1790466524,deepseek-coder:6.7b,iv_nonce,CWE-329,static_iv,vuln,VULNERABLE,1,1,0,VERDICT: VULNERABLE Reason: The code uses the AES-GCM mode without a proper nonce selection strategy. The nonce should b
1790466529,deepseek-coder:6.7b,iv_nonce,CWE-329,static_iv,vuln,SAFE,0,0,1,"VERDICT: SAFE The code uses the AES-GCM encryption mode from the PyCryptodome library, which is secure and safe to use. "
1790466531,deepseek-coder:6.7b,iv_nonce,CWE-329,static_iv,vuln,VULNERABLE,1,1,2,VERDICT: VULNERABLE Reason: The code uses a static nonce for AES encryption. This can lead to security vulnerabilities i
1790466535,deepseek-coder:6.7b,iv_reuse,CWE-329,static_iv,vuln,VULNERABLE,1,1,0,VERDICT: VULNERABLE Reason: The AES cipher is used with a fixed initialization vector (IV) and no padding scheme. This l
1790466537,deepseek-coder:6.7b,iv_reuse,CWE-329,static_iv,vuln,SAFE,0,0,1,VERDICT: SAFE The provided code does not seem to have any security vulnerabilities. It defines a function that encrypts 
1790466541,deepseek-coder:6.7b,iv_reuse,CWE-329,static_iv,vuln,SAFE,0,0,2,VERDICT: SAFE Reason: The provided code uses the PyCryptoDome library to encrypt data with AES in CBC mode. The IV (Init
1790466545,deepseek-coder:6.7b,iv_rand,CWE-329,static_iv,secure,SAFE,0,1,0,"VERDICT: SAFE Reason: This code snippet is safe, as it is using the AES encryption algorithm with CBC mode and it's safe"
1790466548,deepseek-coder:6.7b,iv_rand,CWE-329,static_iv,secure,SAFE,0,1,1,VERDICT: SAFE Reason: This code is a safe implementation of AES encryption using the PyCryptoDome library in Python. It 
1790466551,deepseek-coder:6.7b,iv_rand,CWE-329,static_iv,secure,VULNERABLE,1,0,2,VERDICT: VULNERABLE Reason: The code generates a random Initialization Vector (IV) for each encryption. This can make it
1790466553,deepseek-coder:6.7b,iv_rand2,CWE-329,static_iv,secure,SAFE,0,1,0,"VERDICT: SAFE Reason: This code uses the AES GCM mode for encryption, which is secure. The key is derived from user inpu"
1790466556,deepseek-coder:6.7b,iv_rand2,CWE-329,static_iv,secure,SAFE,0,1,1,"VERDICT: SAFE Reason: This code is safe as it is, it uses the AES-GCM mode which provides strong security and is used co"
1790466559,deepseek-coder:6.7b,iv_rand2,CWE-329,static_iv,secure,SAFE,0,1,2,"VERDICT: SAFE Reason: The provided code is safe as it seems to implement AES encryption with a nonce, but it does not ha"
1790466562,deepseek-coder:6.7b,pr_token,CWE-338,weak_prng,vuln,SAFE,0,0,0,VERDICT: SAFE The code is safe because it generates random tokens (strings of characters) using the random library. The 
1790466565,deepseek-coder:6.7b,pr_token,CWE-338,weak_prng,vuln,SAFE,0,0,1,"VERDICT: SAFE The code is safe as it generates a random hexadecimal token of length `n`, which may be used for generatin"
1790466567,deepseek-coder:6.7b,pr_token,CWE-338,weak_prng,vuln,SAFE,0,0,2,"VERDICT: SAFE Reason: The code generates a random string of hexadecimal characters, which seems to be intended to serve "
1790466578,deepseek-coder:6.7b,pr_otp,CWE-338,weak_prng,vuln,SAFE,0,0,0,"VERDICT: SAFE The code is safe, but it is not suitable for a real-world scenario where high security is required.  It is"
1790466580,deepseek-coder:6.7b,pr_otp,CWE-338,weak_prng,vuln,SAFE,0,0,1,"VERDICT: SAFE Reason: The code generates a random 6 digit OTP, which is a common practice for two-factor authentication,"
1790466583,deepseek-coder:6.7b,pr_otp,CWE-338,weak_prng,vuln,SAFE,0,0,2,VERDICT: SAFE Reason: This code is safe because it generates a random 6-digit number which is likely to be secure for us
1790466587,deepseek-coder:6.7b,pr_reset,CWE-338,weak_prng,vuln,SAFE,0,0,0,VERDICT: SAFE Reason: The code generates a random string of 32 characters using string.ascii_letters. The randomness is 
1790466590,deepseek-coder:6.7b,pr_reset,CWE-338,weak_prng,vuln,SAFE,0,0,1,VERDICT: SAFE Reason: The code is secure as it generates a random string of 32 alphanumeric characters using the string.
1790466593,deepseek-coder:6.7b,pr_reset,CWE-338,weak_prng,vuln,SAFE,0,0,2,VERDICT: SAFE The code is safe as it only uses libraries that are known to be secure and does not involve user data hand
1790466598,deepseek-coder:6.7b,pr_seed,CWE-338,weak_prng,vuln,VULNERABLE,1,1,0,"VERDICT: VULNERABLE This code is using the current time as a seed for the random number generator, which can cause issue"
1790466602,deepseek-coder:6.7b,pr_seed,CWE-338,weak_prng,vuln,VULNERABLE,1,1,1,VERDICT: VULNERABLE The function `session_key()` uses the current time to seed the random number generator. This means t
1790466604,deepseek-coder:6.7b,pr_seed,CWE-338,weak_prng,vuln,VULNERABLE,1,1,2,VERDICT: VULNERABLE Reason: The `random.seed()` function uses the current time as the seed for the random number generat
1790466606,deepseek-coder:6.7b,pr_secrets,CWE-338,weak_prng,secure,SAFE,0,1,0,VERDICT: SAFE Reason: The code is secure as it generates a cryptographically strong random token using Python's built-in
1790466609,deepseek-coder:6.7b,pr_secrets,CWE-338,weak_prng,secure,SAFE,0,1,1,"VERDICT: SAFE Reason: The code is generating a random hexadecimal string of a specified length using the secrets module,"
1790466611,deepseek-coder:6.7b,pr_secrets,CWE-338,weak_prng,secure,SAFE,0,1,2,VERDICT: SAFE Reason: The code is safe as it does not contain any security vulnerabilities. It generates a secure random
1790466615,deepseek-coder:6.7b,pr_secrets2,CWE-338,weak_prng,secure,SAFE,0,1,0,VERDICT: SAFE Reason: This code generates a random URL-safe string using Python's built-in secrets module. The token_url
1790466618,deepseek-coder:6.7b,pr_secrets2,CWE-338,weak_prng,secure,SAFE,0,1,1,VERDICT: SAFE Reason: This code generates a URL-safe token using Python's built-in `secrets` module. This is a secure me
1790466623,deepseek-coder:6.7b,pr_secrets2,CWE-338,weak_prng,secure,SAFE,0,1,2,VERDICT: SAFE Reason: This code is safe as it does not contain any security vulnerabilities. The `secrets` module in Pyt
1790466625,deepseek-coder:6.7b,sk_rsa512,CWE-326,short_key,vuln,VULNERABLE,1,1,0,VERDICT: VULNERABLE Reason: This code generates RSA keys with 512 bits. This is significantly weak for cryptographic use
1790466627,deepseek-coder:6.7b,sk_rsa512,CWE-326,short_key,vuln,SAFE,0,0,1,VERDICT: SAFE Reason: This code is safe as it is not using any sensitive operations. It is merely generating an RSA key 
1790466630,deepseek-coder:6.7b,sk_rsa512,CWE-326,short_key,vuln,VULNERABLE,1,1,2,"VERDICT: VULNERABLE Reason: The function gen() generates RSA keys of 512 bits, which is not secure for modern cryptograp"
1790466632,deepseek-coder:6.7b,sk_rsa1024,CWE-326,short_key,vuln,SAFE,0,0,0,VERDICT: SAFE Reason: The code is generating an RSA key with 1024 bits and is not exposing any sensitive data. 
1790466635,deepseek-coder:6.7b,sk_rsa1024,CWE-326,short_key,vuln,SAFE,0,0,1,"VERDICT: SAFE Reason: This code generates a new RSA key pair with a key length of 1024 bits, which is commonly used in p"
1790466638,deepseek-coder:6.7b,sk_rsa1024,CWE-326,short_key,vuln,VULNERABLE,1,1,2,VERDICT: VULNERABLE The code generates an RSA key pair with a key size of 1024 bits. RSA keys with a bit size of 1024 or
1790466640,deepseek-coder:6.7b,sk_dsa,CWE-326,short_key,vuln,SAFE,0,0,0,VERDICT: SAFE Reason: The code generates a new DSA key pair with a bit length of 512 bits. It's not exploitable in any w
1790466644,deepseek-coder:6.7b,sk_dsa,CWE-326,short_key,vuln,VULNERABLE,1,1,1,VERDICT: VULNERABLE Reason: This code generates a DSA key with a 512 bit modulus. DSA is vulnerable to a number of attac
1790466646,deepseek-coder:6.7b,sk_dsa,CWE-326,short_key,vuln,SAFE,0,0,2,VERDICT: SAFE Reason: This code is generating a new DSA key pair with a key size of 512 bits. It does not seem to have a
1790466648,deepseek-coder:6.7b,sk_rsa768,CWE-326,short_key,vuln,SAFE,0,0,0,VERDICT: SAFE Reason: The code is generating an RSA private key without any security issues. 
1790466649,deepseek-coder:6.7b,sk_rsa768,CWE-326,short_key,vuln,SAFE,0,0,1,VERDICT: SAFE Reason: This code is safe. The use of `rsa.generate_private_key` with the provided parameters is not a vul
1790466652,deepseek-coder:6.7b,sk_rsa768,CWE-326,short_key,vuln,VULNERABLE,1,1,2,"VERDICT: VULNERABLE This code generates an RSA private key with a key size of 768 bits, which is considered weak. RSA ke"
1790466654,deepseek-coder:6.7b,sk_rsa3072,CWE-326,short_key,secure,SAFE,0,1,0,"VERDICT: SAFE Reason: This code generates an RSA key pair with 3072 bit modulus, which is a secure length for RSA keys. "
1790466656,deepseek-coder:6.7b,sk_rsa3072,CWE-326,short_key,secure,VULNERABLE,1,0,1,"VERDICT: VULNERABLE Reason: The key size is set to 3072 bits, which is not secure. This level of security is generally c"
1790466659,deepseek-coder:6.7b,sk_rsa3072,CWE-326,short_key,secure,VULNERABLE,1,0,2,VERDICT: VULNERABLE Reason: The RSA key length of 3072 bits is relatively short. This is relatively insecure for encrypt
1790466662,deepseek-coder:6.7b,sk_rsa4096,CWE-326,short_key,secure,SAFE,0,1,0,"VERDICT: SAFE Reason: This code is generating an RSA private key with a public exponent of 65537 and a key size of 4096,"
1790466664,deepseek-coder:6.7b,sk_rsa4096,CWE-326,short_key,secure,SAFE,0,1,1,VERDICT: SAFE The code generates a private RSA key without any security vulnerabilities. The key generation function fro
1790466666,deepseek-coder:6.7b,sk_rsa4096,CWE-326,short_key,secure,SAFE,0,1,2,"VERDICT: SAFE Reason: The code uses the cryptography library to generate a private RSA key, which is a safe operation an"
1790466669,deepseek-coder:6.7b,bc_des,CWE-327,broken_cipher,vuln,VULNERABLE,1,1,0,VERDICT: VULNERABLE Reason: The DES algorithm is not suitable for secure data encryption as it can be easily broken usin
1790466672,deepseek-coder:6.7b,bc_des,CWE-327,broken_cipher,vuln,VULNERABLE,1,1,1,VERDICT: VULNERABLE The code is using DES encryption algorithm with ECB mode without proper padding for the data. This c
1790466676,deepseek-coder:6.7b,bc_des,CWE-327,broken_cipher,vuln,SAFE,0,0,2,VERDICT: SAFE Reason: The given code is a safe version of DES encryption. DES is a widely used symmetric key encryption 
1790466681,deepseek-coder:6.7b,bc_3des,CWE-327,broken_cipher,vuln,VULNERABLE,1,1,0,VERDICT: VULNERABLE Reason: DES (Data Encryption Standard) is a weak encryption standard and could potentially be compro
1790466682,deepseek-coder:6.7b,bc_3des,CWE-327,broken_cipher,vuln,VULNERABLE,1,1,1,VERDICT: VULNERABLE Reason: DES3 encryption algorithm is weak and susceptible to attacks. 
1790466684,deepseek-coder:6.7b,bc_3des,CWE-327,broken_cipher,vuln,SAFE,0,0,2,VERDICT: SAFE The code is safe as it uses the DES3 encryption from the PyCryptoDome library which is a secure and reliab
1790466686,deepseek-coder:6.7b,bc_rc4,CWE-327,broken_cipher,vuln,VULNERABLE,1,1,0,"VERDICT: VULNERABLE Reason: The code uses the RC4 encryption algorithm, which is not recommended for use due to its poor"
1790466688,deepseek-coder:6.7b,bc_rc4,CWE-327,broken_cipher,vuln,SAFE,0,0,1,VERDICT: SAFE The code is safe because it doesn't contain any vulnerabilities. It uses the RC4 encryption algorithm from
1790466692,deepseek-coder:6.7b,bc_rc4,CWE-327,broken_cipher,vuln,VULNERABLE,1,1,2,VERDICT: VULNERABLE The code uses the RC4 cipher from the pycryptodome library. RC4 is vulnerable to a variety of attack
1790466693,deepseek-coder:6.7b,bc_blowfish,CWE-327,broken_cipher,vuln,VULNERABLE,1,1,0,VERDICT: VULNERABLE The Blowfish algorithm is insecure and has been broken by a number of researchers. 
1790466696,deepseek-coder:6.7b,bc_blowfish,CWE-327,broken_cipher,vuln,VULNERABLE,1,1,1,VERDICT: VULNERABLE Reason: The Blowfish encryption algorithm is weak and has been shown to be vulnerable to cryptanalys
1790466697,deepseek-coder:6.7b,bc_blowfish,CWE-327,broken_cipher,vuln,VULNERABLE,1,1,2,VERDICT: VULNERABLE Reason: The Blowfish algorithm is a weak encryption standard that can be easily broken by quantum co
1790466701,deepseek-coder:6.7b,bc_aesgcm,CWE-327,broken_cipher,secure,VULNERABLE,1,0,0,"VERDICT: VULNERABLE The code is using a random nonce, which means the same data can be encrypted multiple times with the"
1790466706,deepseek-coder:6.7b,bc_aesgcm,CWE-327,broken_cipher,secure,VULNERABLE,1,0,1,"VERDICT: VULNERABLE  The vulnerability lies in the usage of the nonce. Here, the same n (random bytes) is used as the no"
1790466709,deepseek-coder:6.7b,bc_aesgcm,CWE-327,broken_cipher,secure,SAFE,0,1,2,"VERDICT: SAFE Reason: The code is safe because it uses a random nonce for each encryption, which helps in securing the e"
1790466718,deepseek-coder:6.7b,bc_chacha,CWE-327,broken_cipher,secure,VULNERABLE,1,0,0,VERDICT: VULNERABLE  This code uses a deterministic nonce in conjunction with the ChaCha20 cipher. The nonce should idea
1790466721,deepseek-coder:6.7b,bc_chacha,CWE-327,broken_cipher,secure,SAFE,0,1,1,"VERDICT: SAFE Reason: This code is safe because it uses the os.urandom() function to generate a random nonce, which is t"
1790466726,deepseek-coder:6.7b,bc_chacha,CWE-327,broken_cipher,secure,VULNERABLE,1,0,2,VERDICT: VULNERABLE  This code is using the os.urandom() function to generate a random nonce (number used once) for the 
1790466732,deepseek-coder:6.7b,ns_sha256,CWE-759,no_salt,vuln,VULNERABLE,1,1,0,"VERDICT: VULNERABLE Reason: The function `derive` is using the SHA-256 cryptographic hash function, which is a good choi"
1790466735,deepseek-coder:6.7b,ns_sha256,CWE-759,no_salt,vuln,SAFE,0,0,1,"VERDICT: SAFE Reason: This code is safe because it hashes passwords using the SHA-256 algorithm, which is a secure and s"
1790466738,deepseek-coder:6.7b,ns_sha256,CWE-759,no_salt,vuln,SAFE,0,0,2,VERDICT: SAFE The code is safe as it does not have any obvious security vulnerabilities. It simply uses the SHA256 crypt
1790466741,deepseek-coder:6.7b,ns_md5,CWE-759,no_salt,vuln,VULNERABLE,1,1,0,VERDICT: VULNERABLE Reason: The MD5 hashing algorithm is now considered insecure as it's easily crackable. Storing passw
1790466743,deepseek-coder:6.7b,ns_md5,CWE-759,no_salt,vuln,VULNERABLE,1,1,1,VERDICT: VULNERABLE Reason: The MD5 hash function is not sufficient for storing passwords as it is easily crackable. Usi
1790466746,deepseek-coder:6.7b,ns_md5,CWE-759,no_salt,vuln,VULNERABLE,1,1,2,"VERDICT: VULNERABLE Reason: This code uses md5 hashing, which is considered weak and can be easily broken with a brute f"
1790466749,deepseek-coder:6.7b,ns_lowiter,CWE-916,no_salt,vuln,SAFE,0,0,0,"VERDICT: SAFE Reason: The code is safe as it is, there is no clear indication of vulnerability. However, it's important "
1790466752,deepseek-coder:6.7b,ns_lowiter,CWE-916,no_salt,vuln,SAFE,0,0,1,VERDICT: SAFE The code is safe as it is. It doesn't use any user-provided data or data from an untrusted source to deriv
1790466755,deepseek-coder:6.7b,ns_lowiter,CWE-916,no_salt,vuln,SAFE,0,0,2,VERDICT: SAFE Reason: This function is using the hashlib.pbkdf2_hmac function which is a good way to securely derive a k
1790466759,deepseek-coder:6.7b,ns_double,CWE-759,no_salt,vuln,VULNERABLE,1,1,0,"VERDICT: VULNERABLE The code is hashing the input twice with SHA-256, which means the resulting hash is not strong enoug"
1790466761,deepseek-coder:6.7b,ns_double,CWE-759,no_salt,vuln,SAFE,0,0,1,VERDICT: SAFE Reason: This code is safe. It seems to be correctly implementing the SHA-256 hashing algorithm twice as a 
1790466764,deepseek-coder:6.7b,ns_double,CWE-759,no_salt,vuln,SAFE,0,0,2,"VERDICT: SAFE Reason: This code seems to be safe as it's applying two hashing functions (SHA256) on the input password, "
1790466767,deepseek-coder:6.7b,ns_pbkdf2,CWE-759,no_salt,secure,SAFE,0,1,0,VERDICT: SAFE Reason: The code is safe as it does not contain any obvious security vulnerabilities. It generates a rando
1790466770,deepseek-coder:6.7b,ns_pbkdf2,CWE-759,no_salt,secure,SAFE,0,1,1,VERDICT: SAFE This code does not seem to contain any security vulnerabilities. It correctly uses the pbkdf2_hmac functio
1790466774,deepseek-coder:6.7b,ns_pbkdf2,CWE-759,no_salt,secure,SAFE,0,1,2,VERDICT: SAFE Reason: This code is safe as it is currently. It generates a random salt using os.urandom and uses it to d
1790466776,deepseek-coder:6.7b,ns_scrypt,CWE-759,no_salt,secure,SAFE,0,1,0,"VERDICT: SAFE Reason: The code is safe because it uses scrypt, a secure, key derivation function, to generate a hash fro"
1790466778,deepseek-coder:6.7b,ns_scrypt,CWE-759,no_salt,secure,SAFE,0,1,1,VERDICT: SAFE Reason: The code is safe as it uses scrypt with sufficient parameters for password hashing. It also uses a
1790466780,deepseek-coder:6.7b,ns_scrypt,CWE-759,no_salt,secure,SAFE,0,1,2,"VERDICT: SAFE The code is safe. The `os.urandom()` function is used for generating a random salt, which is fine. The scr"
1790466785,deepseek-coder:6.7b,cv_verifyfalse,CWE-295,cert_verify,vuln,VULNERABLE,1,1,0,VERDICT: VULNERABLE Reason: The use of the requests library with verify=False can lead to security vulnerabilities. This
1790466788,deepseek-coder:6.7b,cv_verifyfalse,CWE-295,cert_verify,vuln,VULNERABLE,1,1,1,"VERDICT: VULNERABLE Reason: The ""verify=False"" parameter is used in the requests.get() method, which disables SSL certif"
1790466792,deepseek-coder:6.7b,cv_verifyfalse,CWE-295,cert_verify,vuln,VULNERABLE,1,1,2,VERDICT: VULNERABLE Reason: This code snippet is using the Requests library to make a GET request to the provided URL. T
1790466795,deepseek-coder:6.7b,cv_sslctx,CWE-295,cert_verify,vuln,VULNERABLE,1,1,0,"VERDICT: VULNERABLE  This code is using unverified SSL context to bypass SSL certificate verification, which can lead to"
1790466798,deepseek-coder:6.7b,cv_sslctx,CWE-295,cert_verify,vuln,VULNERABLE,1,1,1,VERDICT: VULNERABLE  This code opens a network connection without verifying the SSL certificate of the server. This is a
1790466800,deepseek-coder:6.7b,cv_sslctx,CWE-295,cert_verify,vuln,VULNERABLE,1,1,2,"VERDICT: VULNERABLE Reason: This code is using a self-signed certificate to communicate over HTTPS, which might lead to "
1790466803,deepseek-coder:6.7b,cv_certnone,CWE-295,cert_verify,vuln,VULNERABLE,1,1,0,VERDICT: VULNERABLE The code is creating a default SSL context and disabling hostname verification and certificate verif
1790466806,deepseek-coder:6.7b,cv_certnone,CWE-295,cert_verify,vuln,VULNERABLE,1,1,1,VERDICT: VULNERABLE Reason: The SSL context returned by the function does not have some default security settings. Speci
1790466808,deepseek-coder:6.7b,cv_certnone,CWE-295,cert_verify,vuln,SAFE,0,0,2,VERDICT: SAFE Reason: The code is secure because it is creating a SSL context that does not check the hostname and does 
1790466811,deepseek-coder:6.7b,cv_session,CWE-295,cert_verify,vuln,VULNERABLE,1,1,0,"VERDICT: VULNERABLE Reason: The `requests` library in Python does not support HTTPS by default, and the `verify` paramet"
1790466815,deepseek-coder:6.7b,cv_session,CWE-295,cert_verify,vuln,VULNERABLE,1,1,1,"VERDICT: VULNERABLE Reason: The 'verify' parameter of the requests library in Python is set to False, which means the se"
1790466819,deepseek-coder:6.7b,cv_session,CWE-295,cert_verify,vuln,VULNERABLE,1,1,2,"VERDICT: VULNERABLE  This code is using the requests library in Python, which is a popular HTTP library. The code sets t"
1790466821,deepseek-coder:6.7b,cv_verifytrue,CWE-295,cert_verify,secure,VULNERABLE,1,0,0,VERDICT: VULNERABLE  The code is susceptible to a Man-In-The-Middle (MITM) attack. 
1790466834,deepseek-coder:6.7b,cv_verifytrue,CWE-295,cert_verify,secure,VULNERABLE,1,0,1,"VERDICT: VULNERABLE The code makes a request to the provided URL and returns the response text. However, there are a few"
1790466836,deepseek-coder:6.7b,cv_verifytrue,CWE-295,cert_verify,secure,SAFE,0,1,2,VERDICT: SAFE Reason: This code fetches data from a specified URL and returns the raw HTML content of the web page. It d
1790466839,deepseek-coder:6.7b,cv_pinned,CWE-295,cert_verify,secure,VULNERABLE,1,0,0,VERDICT: VULNERABLE Reason: The use of insecure source for SSL certificate verification is a potential security risk. It
1790466840,deepseek-coder:6.7b,cv_pinned,CWE-295,cert_verify,secure,VULNERABLE,1,0,1,VERDICT: VULNERABLE Reason: It is using the full path to the SSL certificate file for verification which can lead to vul
1790466845,deepseek-coder:6.7b,cv_pinned,CWE-295,cert_verify,secure,VULNERABLE,1,0,2,VERDICT: VULNERABLE The given code snippet contains a potential security vulnerability. The SSL verification is done by 
1790466853,codellama:7b,wh_md5pw,CWE-328,weak_hash,vuln,VULNERABLE,1,1,0,"VERDICT: VULNERABLE The code is vulnerable to a known plaintext attack. The hash function used, MD5, is a fast and weak "
1790466856,codellama:7b,wh_md5pw,CWE-328,weak_hash,vuln,VULNERABLE,1,1,1," VERDICT: VULNERABLE The function store_password uses MD5, which is a weak hashing algorithm. It is recommended to use a"
1790466862,codellama:7b,wh_md5pw,CWE-328,weak_hash,vuln,VULNERABLE,1,1,2,"VERDICT: VULNERABLE The code is vulnerable to a password storing attack. The store_password function uses MD5, which is "
1790466869,codellama:7b,wh_sha1pw,CWE-328,weak_hash,vuln,VULNERABLE,1,1,0,VERDICT: VULNERABLE This code is vulnerable to a hash collision attack. SHA-1 is a cryptographic hash function that is n
1790466875,codellama:7b,wh_sha1pw,CWE-328,weak_hash,vuln,VULNERABLE,1,1,1,"VERDICT: VULNERABLE The code contains a security vulnerability because it uses SHA1, which is a known vulnerable hash fu"
1790466883,codellama:7b,wh_sha1pw,CWE-328,weak_hash,vuln,VULNERABLE,1,1,2,VERDICT: VULNERABLE The code contains a potential security vulnerability due to the use of SHA-1 hashing algorithm. SHA-
1790466887,codellama:7b,wh_md5tok,CWE-328,weak_hash,vuln,VULNERABLE,1,1,0,"VERDICT: VULNERABLE The use of MD5 for password hashing is not secure. MD5 is a fast and low-collision algorithm, but it"
1790466891,codellama:7b,wh_md5tok,CWE-328,weak_hash,vuln,VULNERABLE,1,1,1,"VERDICT: VULNERABLE The function `api_token` uses MD5 hashing, which is a widely used but weak algorithm for password st"
1790466896,codellama:7b,wh_md5tok,CWE-328,weak_hash,vuln,VULNERABLE,1,1,2,VERDICT: VULNERABLE The API token generated by this function is not secure because it is based on a weak hashing algorit
1790466899,codellama:7b,wh_sha1sig,CWE-328,weak_hash,vuln,VULNERABLE,1,1,0,VERDICT: VULNERABLE The code is vulnerable to a replay attack because the digest is generated using the concatenation of
1790466904,codellama:7b,wh_sha1sig,CWE-328,weak_hash,vuln,VULNERABLE,1,1,1, VERDICT: VULNERABLE  The code is vulnerable to a replay attack. The use of SHA-1 as the hashing algorithm makes it vuln
1790466908,codellama:7b,wh_sha1sig,CWE-328,weak_hash,vuln,VULNERABLE,1,1,2,"VERDICT: VULNERABLE The code appears to be vulnerable to a replay attack, where an attacker can replay a signed message "
1790466912,codellama:7b,wh_bcrypt,CWE-328,weak_hash,secure,VULNERABLE,1,0,0," VERDICT: VULNERABLE The code is vulnerable because it uses a weak hashing algorithm, bcrypt, which is not designed to b"
1790466925,codellama:7b,wh_bcrypt,CWE-328,weak_hash,secure,VULNERABLE,1,0,1,VERDICT: VULNERABLE The code contains a security vulnerability due to the use of the bcrypt library to hash passwords. b
1790466932,codellama:7b,wh_bcrypt,CWE-328,weak_hash,secure,VULNERABLE,1,0,2," VERDICT: VULNERABLE The function uses bcrypt's `hashpw` method to generate a hash of the user's password, but it does n"
1790466942,codellama:7b,wh_argon,CWE-328,weak_hash,secure,VULNERABLE,1,0,0," VERDICT: VULNERABLE  The `argon2` library is used to hash passwords, which is a good practice to prevent plaintext pass"
1790466947,codellama:7b,wh_argon,CWE-328,weak_hash,secure,SAFE,0,1,1, VERDICT: SAFE There is no obvious security vulnerability in this code. The `PasswordHasher` class from the `argon2` lib
1790466949,codellama:7b,wh_argon,CWE-328,weak_hash,secure,SAFE,0,1,2,VERDICT: SAFE This code does not contain a security vulnerability. The `argon2` library provides a secure way to store p
1790466952,codellama:7b,ecb_aes,CWE-327,ecb_mode,vuln,VULNERABLE,1,1,0,"VERDICT: VULNERABLE The code uses AES.MODE_ECB, which is insecure. It is recommended to use a different mode, such as AE"
1790466956,codellama:7b,ecb_aes,CWE-327,ecb_mode,vuln,VULNERABLE,1,1,1,"VERDICT: VULNERABLE The code uses AES in ECB mode, which is insecure because it does not provide confidentiality or auth"
1790466958,codellama:7b,ecb_aes,CWE-327,ecb_mode,vuln,VULNERABLE,1,1,2,"VERDICT: VULNERABLE The code uses ECB mode, which is not secure for encrypting data. "
1790466962,codellama:7b,ecb_aes2,CWE-327,ecb_mode,vuln,VULNERABLE,1,1,0,"VERDICT: VULNERABLE The code uses the ECB mode of operation, which is not secure. ECB mode does not use any padding, whi"
1790466965,codellama:7b,ecb_aes2,CWE-327,ecb_mode,vuln,VULNERABLE,1,1,1,"VERDICT: VULNERABLE The code uses the ECB (Electronic Codebook) mode of operation for AES encryption, which is vulnerabl"
1790466967,codellama:7b,ecb_aes2,CWE-327,ecb_mode,vuln,VULNERABLE,1,1,2,VERDICT: VULNERABLE The code is vulnerable to a padding oracle attack. The use of ECB mode is insecure because it does n
1790466972,codellama:7b,ecb_field,CWE-327,ecb_mode,vuln,VULNERABLE,1,1,0,VERDICT: VULNERABLE The code is vulnerable to a padding oracle attack. The use of ECB mode in AES.MODE_ECB is not secure
1790466976,codellama:7b,ecb_field,CWE-327,ecb_mode,vuln,VULNERABLE,1,1,1," VERDICT: VULNERABLE  This code is vulnerable to a padding oracle attack, which can be used to bypass the encryption and"
1790466984,codellama:7b,ecb_field,CWE-327,ecb_mode,vuln,VULNERABLE,1,1,2, VERDICT: VULNERABLE This code is vulnerable to a padding oracle attack. The use of ECB mode of encryption and the ljust
1790466989,codellama:7b,ecb_loop,CWE-327,ecb_mode,vuln,VULNERABLE,1,1,0," VERDICT: VULNERABLE  The encryption function in this code is using the ECB mode, which is not secure. ECB mode does not"
1790466993,codellama:7b,ecb_loop,CWE-327,ecb_mode,vuln,VULNERABLE,1,1,1,VERDICT: VULNERABLE The code is vulnerable to a padding oracle attack. The use of ECB mode for AES encryption is vulnera
1790466999,codellama:7b,ecb_loop,CWE-327,ecb_mode,vuln,SAFE,0,0,2,VERDICT: SAFE  This code does not contain any security vulnerabilities. The `Crypto.Cipher` library is a widely used and
1790467009,codellama:7b,ecb_gcm,CWE-327,ecb_mode,secure,VULNERABLE,1,0,0,"VERDICT: VULNERABLE The code is vulnerable to a side-channel attack known as a ""length extension"" attack.  In the `enc` "
1790467014,codellama:7b,ecb_gcm,CWE-327,ecb_mode,secure,SAFE,0,1,1, VERDICT: SAFE  This code is using a secure AES encryption method with a randomly generated nonce and a secure mode (GCM
1790467018,codellama:7b,ecb_gcm,CWE-327,ecb_mode,secure,VULNERABLE,1,0,2,"VERDICT: VULNERABLE The code uses a fixed nonce length of 12 bytes, which is not secure. A nonce is a random value used "
1790467022,codellama:7b,ecb_cbc,CWE-327,ecb_mode,secure,VULNERABLE,1,0,0,"VERDICT: VULNERABLE The code is vulnerable to a replay attack, as the initialization vector (IV) is generated using os.u"
1790467026,codellama:7b,ecb_cbc,CWE-327,ecb_mode,secure,VULNERABLE,1,0,1,VERDICT: VULNERABLE The code is vulnerable to a replay attack. The initialization vector (IV) generated by `os.urandom(1
1790467033,codellama:7b,ecb_cbc,CWE-327,ecb_mode,secure,VULNERABLE,1,0,2,VERDICT: VULNERABLE The code is vulnerable to a replay attack because the initialization vector (IV) is generated using 
1790467042,codellama:7b,hk_aes,CWE-321,hardcoded_key,vuln,VULNERABLE,1,1,0, VERDICT: VULNERABLE  The code is vulnerable to a padding oracle attack. The AES.new() function used in the enc() functi
1790467045,codellama:7b,hk_aes,CWE-321,hardcoded_key,vuln,VULNERABLE,1,1,1,VERDICT: VULNERABLE The code is vulnerable to a padding oracle attack. The encryption function does not perform any padd
1790467048,codellama:7b,hk_aes,CWE-321,hardcoded_key,vuln,VULNERABLE,1,1,2," VERDICT: VULNERABLE The encryption function in this code does not provide any integrity checking, which makes it vulner"
1790467054,codellama:7b,hk_hmac,CWE-321,hardcoded_key,vuln,SAFE,0,0,0, VERDICT: SAFE This code is not vulnerable to any security issues. The `hmac` module is used to create a secure message 
1790467063,codellama:7b,hk_hmac,CWE-321,hardcoded_key,vuln,VULNERABLE,1,1,1,"VERDICT: VULNERABLE The code contains a potential timing attack vulnerability. The use of a constant signing key, `SECRE"
1790467067,codellama:7b,hk_hmac,CWE-321,hardcoded_key,vuln,VULNERABLE,1,1,2,VERDICT: VULNERABLE The code is vulnerable to a replay attack because the signature generated by the `sign` function is 
1790467071,codellama:7b,hk_jwt,CWE-321,hardcoded_key,vuln,VULNERABLE,1,1,0,"VERDICT: VULNERABLE The code contains a hardcoded JWT secret, which is a security vulnerability. An attacker who has acc"
1790467077,codellama:7b,hk_jwt,CWE-321,hardcoded_key,vuln,VULNERABLE,1,1,1,VERDICT: VULNERABLE The code is vulnerable to a JWT token forgery attack. The JWT_SECRET is hardcoded and can be extract
1790467082,codellama:7b,hk_jwt,CWE-321,hardcoded_key,vuln,VULNERABLE,1,1,2, VERDICT: VULNERABLE  The code is vulnerable to a JWT secret key leak attack. The JWT secret key is stored in a hardcode
1790467086,codellama:7b,hk_fernet,CWE-321,hardcoded_key,vuln,VULNERABLE,1,1,0,"VERDICT: VULNERABLE The code is vulnerable to a ciphertext attack, which allows an attacker to decrypt the encrypted dat"
1790467088,codellama:7b,hk_fernet,CWE-321,hardcoded_key,vuln,VULNERABLE,1,1,1," VERDICT: VULNERABLE The code is vulnerable to a padding oracle attack, which can be used to bypass the encryption and d"
1790467092,codellama:7b,hk_fernet,CWE-321,hardcoded_key,vuln,VULNERABLE,1,1,2,"VERDICT: VULNERABLE The code uses a fixed key, ""dGhpc19pc19hX2hhcmRjb2RlZF9rZXlfMTIzND0="", which is a security vulnerabi"
1790467099,codellama:7b,hk_env,CWE-321,hardcoded_key,secure,VULNERABLE,1,0,0,VERDICT: VULNERABLE The code is vulnerable to a security issue known as a key exposure. The key used in the encryption i
1790467107,codellama:7b,hk_env,CWE-321,hardcoded_key,secure,VULNERABLE,1,0,1, VERDICT: VULNERABLE The code is vulnerable to a timing attack because the AES encryption function is used to encrypt da
1790467116,codellama:7b,hk_env,CWE-321,hardcoded_key,secure,SAFE,0,1,2,VERDICT: SAFE The code does not appear to contain any security vulnerabilities. The use of the `os.environ` function to 
1790467120,codellama:7b,hk_env2,CWE-321,hardcoded_key,secure,VULNERABLE,1,0,0,VERDICT: VULNERABLE The code is vulnerable to a Replay Attack. The use of the `os.environ` method to access the environm
1790467125,codellama:7b,hk_env2,CWE-321,hardcoded_key,secure,SAFE,0,1,1," VERDICT: SAFE The code is using the `os.environ` method to load the secret key from the environment variable ""SIGNING_K"
1790467132,codellama:7b,hk_env2,CWE-321,hardcoded_key,secure,VULNERABLE,1,0,2, VERDICT: VULNERABLE  The code is vulnerable to a cross-site request forgery (CSRF) attack. The use of environment varia
1790467136,codellama:7b,iv_zero,CWE-329,static_iv,vuln,VULNERABLE,1,1,0,VERDICT: VULNERABLE The code is vulnerable to a padding oracle attack. The use of AES.MODE_CBC without IV (initializatio
1790467140,codellama:7b,iv_zero,CWE-329,static_iv,vuln,VULNERABLE,1,1,1," VERDICT: VULNERABLE The code is vulnerable to a padding oracle attack. The IV used is all zeros, which means that the s"
1790467148,codellama:7b,iv_zero,CWE-329,static_iv,vuln,VULNERABLE,1,1,2,"VERDICT: VULNERABLE The code is vulnerable to a padding oracle attack, which can be exploited to decrypt data.  The vuln"
1790467152,codellama:7b,iv_const,CWE-329,static_iv,vuln,VULNERABLE,1,1,0,"VERDICT: VULNERABLE The code is vulnerable to a padding oracle attack. The IV used in the CFB mode is a fixed value, whi"
1790467157,codellama:7b,iv_const,CWE-329,static_iv,vuln,VULNERABLE,1,1,1,"VERDICT: VULNERABLE The code is vulnerable to a padding oracle attack, which can be exploited to extract the plaintext f"
1790467161,codellama:7b,iv_const,CWE-329,static_iv,vuln,VULNERABLE,1,1,2,"VERDICT: VULNERABLE The code uses the default IV for AES encryption, which is a serious vulnerability. An attacker who c"
1790467167,codellama:7b,iv_nonce,CWE-329,static_iv,vuln,VULNERABLE,1,1,0,"VERDICT: VULNERABLE Reason: The code uses a fixed nonce of ""000000000000"" for all encryption operations, which is a secu"
1790467171,codellama:7b,iv_nonce,CWE-329,static_iv,vuln,VULNERABLE,1,1,1,"VERDICT: VULNERABLE The code is vulnerable to a nonce reuse attack. The nonce is a fixed value, which makes it predictab"
1790467175,codellama:7b,iv_nonce,CWE-329,static_iv,vuln,VULNERABLE,1,1,2, VERDICT: VULNERABLE The use of a fixed nonce in the encryption function could lead to a security vulnerability known as
1790467181,codellama:7b,iv_reuse,CWE-329,static_iv,vuln,VULNERABLE,1,1,0," VERDICT: VULNERABLE The function ""enc"" uses a fixed initialization vector (iv) of ""b""\x11""*16, which is not secure. An "
1790467185,codellama:7b,iv_reuse,CWE-329,static_iv,vuln,VULNERABLE,1,1,1,"VERDICT: VULNERABLE The code uses the default value of iv as b""\x11""*16, which is a static value. This means that the sa"
1790467191,codellama:7b,iv_reuse,CWE-329,static_iv,vuln,VULNERABLE,1,1,2," VERDICT: VULNERABLE The code uses AES.MODE_CBC, which is a weak mode that allows for simple attacks such as padding ora"
1790467195,codellama:7b,iv_rand,CWE-329,static_iv,secure,VULNERABLE,1,0,0," VERDICT: VULNERABLE The code is vulnerable to a side-channel attack, as it uses a fixed IV (Initialization Vector) of a"
1790467198,codellama:7b,iv_rand,CWE-329,static_iv,secure,VULNERABLE,1,0,1,VERDICT: VULNERABLE The code is vulnerable to a padding oracle attack. The use of AES.MODE_CBC without a secure initiali
1790467204,codellama:7b,iv_rand,CWE-329,static_iv,secure,VULNERABLE,1,0,2,"VERDICT: VULNERABLE This code appears to use a secure encryption algorithm (AES), but it is vulnerable to a potential at"
1790467208,codellama:7b,iv_rand2,CWE-329,static_iv,secure,VULNERABLE,1,0,0,VERDICT: VULNERABLE The code is vulnerable to a replay attack because the nonce is generated randomly using the os.urand
1790467215,codellama:7b,iv_rand2,CWE-329,static_iv,secure,VULNERABLE,1,0,1,"VERDICT: VULNERABLE The code is vulnerable to nonce reuse attacks. The nonce is generated using os.urandom(12), which is"
1790467218,codellama:7b,iv_rand2,CWE-329,static_iv,secure,VULNERABLE,1,0,2,VERDICT: VULNERABLE The code is vulnerable to a replay attack because the nonce value is generated randomly but is not v
1790467223,codellama:7b,pr_token,CWE-338,weak_prng,vuln,VULNERABLE,1,1,0,VERDICT: VULNERABLE This code is vulnerable to a random number generation attack. The use of `random.choice` with a fixe
1790467226,codellama:7b,pr_token,CWE-338,weak_prng,vuln,VULNERABLE,1,1,1,"VERDICT: VULNERABLE The code generates random tokens using the `random` module, which is not cryptographically secure. A"
1790467230,codellama:7b,pr_token,CWE-338,weak_prng,vuln,VULNERABLE,1,1,2, VERDICT: VULNERABLE  The code is vulnerable to a timing attack because the `random.choice` function is used to generate
1790467235,codellama:7b,pr_otp,CWE-338,weak_prng,vuln,VULNERABLE,1,1,0, VERDICT: VULNERABLE The code is vulnerable to a potential OTP brute-force attack. The random.randint function is used t
1790467238,codellama:7b,pr_otp,CWE-338,weak_prng,vuln,SAFE,0,0,1,VERDICT: SAFE This code does not contain any security vulnerabilities. The function generates a random six-digit code wi
1790467244,codellama:7b,pr_otp,CWE-338,weak_prng,vuln,VULNERABLE,1,1,2,VERDICT: VULNERABLE The random.randint() function is vulnerable to a security vulnerability because it generates a rando
1790467251,codellama:7b,pr_reset,CWE-338,weak_prng,vuln,VULNERABLE,1,1,0, VERDICT: VULNERABLE The code is vulnerable to a potential DoS attack due to the use of `random.choices`. This function 
1790467255,codellama:7b,pr_reset,CWE-338,weak_prng,vuln,VULNERABLE,1,1,1," VERDICT: VULNERABLE The code generates a random string using the `random.choices` function, which can lead to potential"
1790467258,codellama:7b,pr_reset,CWE-338,weak_prng,vuln,VULNERABLE,1,1,2,"VERDICT: VULNERABLE The code generates a random token using the `random.choices` method, but it does not verify that the"
1790467262,codellama:7b,pr_seed,CWE-338,weak_prng,vuln,VULNERABLE,1,1,0,VERDICT: VULNERABLE The random number generator in this code is not seeded with a cryptographically secure random number
1790467267,codellama:7b,pr_seed,CWE-338,weak_prng,vuln,VULNERABLE,1,1,1,VERDICT: VULNERABLE  The code is vulnerable to a replay attack. The session key generated by the function is based on th
1790467274,codellama:7b,pr_seed,CWE-338,weak_prng,vuln,VULNERABLE,1,1,2,"VERDICT: VULNERABLE The code appears to be using `time.time()` to generate a random session key. However, `time.time()` "
1790467278,codellama:7b,pr_secrets,CWE-338,weak_prng,secure,VULNERABLE,1,0,0," VERDICT: VULNERABLE The code uses the `secrets` module, which generates random tokens, but it does not provide any way "
1790467286,codellama:7b,pr_secrets,CWE-338,weak_prng,secure,VULNERABLE,1,0,1, VERDICT: VULNERABLE  The `secrets` module in Python 3.6 and earlier versions is not secure because it uses a weak rando
1790467291,codellama:7b,pr_secrets,CWE-338,weak_prng,secure,VULNERABLE,1,0,2," VERDICT: VULNERABLE The code uses the `secrets` library to generate a token, but it does not use a cryptographically se"
1790467295,codellama:7b,pr_secrets2,CWE-338,weak_prng,secure,VULNERABLE,1,0,0,"VERDICT: VULNERABLE The code uses the secrets library to generate a URL-safe token, but it does not provide any addition"
1790467298,codellama:7b,pr_secrets2,CWE-338,weak_prng,secure,VULNERABLE,1,0,1," VERDICT: VULNERABLE The function `reset_token` generates a random token using the `secrets` library, but it does not en"
1790467305,codellama:7b,pr_secrets2,CWE-338,weak_prng,secure,VULNERABLE,1,0,2,"VERDICT: VULNERABLE The code is vulnerable to a type of attack known as a ""token guessing"" attack. The `secrets.token_ur"
1790467309,codellama:7b,sk_rsa512,CWE-326,short_key,vuln,VULNERABLE,1,1,0,"VERDICT: VULNERABLE The code generates an RSA key with a key size of 512 bits, which is too small for modern security st"
1790467313,codellama:7b,sk_rsa512,CWE-326,short_key,vuln,VULNERABLE,1,1,1, VERDICT: VULNERABLE The code is vulnerable to a key generation vulnerability. The RSA.generate() function is being used
1790467316,codellama:7b,sk_rsa512,CWE-326,short_key,vuln,VULNERABLE,1,1,2,"VERDICT: VULNERABLE The code generates a RSA key with a key size of 512 bits, which is relatively small and could be vul"
1790467321,codellama:7b,sk_rsa1024,CWE-326,short_key,vuln,SAFE,0,0,0,VERDICT: SAFE This code does not contain any security vulnerabilities. The `Crypto.PublicKey.RSA.generate()` method is u
1790467326,codellama:7b,sk_rsa1024,CWE-326,short_key,vuln,VULNERABLE,1,1,1," VERDICT: VULNERABLE The code is vulnerable to a side-channel attack called a ""timing attack"". The RSA.generate() method"
1790467330,codellama:7b,sk_rsa1024,CWE-326,short_key,vuln,SAFE,0,0,2, VERDICT: SAFE  This code does not contain a security vulnerability. The `RSA.generate` function is a cryptographically 
1790467335,codellama:7b,sk_dsa,CWE-326,short_key,vuln,VULNERABLE,1,1,0,"VERDICT: VULNERABLE  The code is vulnerable to a side-channel attack, specifically a power analysis attack, since the DS"
1790467341,codellama:7b,sk_dsa,CWE-326,short_key,vuln,VULNERABLE,1,1,1," VERDICT: VULNERABLE The code uses the DSA module from the Crypto library, which is a cryptographic library that provide"
1790467347,codellama:7b,sk_dsa,CWE-326,short_key,vuln,VULNERABLE,1,1,2," VERDICT: VULNERABLE  The `Crypto.PublicKey.DSA` class is vulnerable to a side-channel attack called a ""timing attack"". "
1790467352,codellama:7b,sk_rsa768,CWE-326,short_key,vuln,VULNERABLE,1,1,0,"VERDICT: VULNERABLE The code is vulnerable to a potential side-channel attack known as the ""Timing Attack"". The use of a"
1790467356,codellama:7b,sk_rsa768,CWE-326,short_key,vuln,VULNERABLE,1,1,1, VERDICT: VULNERABLE The code is vulnerable to a side-channel attack. The use of a fixed public exponent (65537) and a s
1790467361,codellama:7b,sk_rsa768,CWE-326,short_key,vuln,VULNERABLE,1,1,2, VERDICT: VULNERABLE  The code is vulnerable to a security vulnerability because the default value of the `public_expone
1790467368,codellama:7b,sk_rsa3072,CWE-326,short_key,secure,VULNERABLE,1,0,0," VERDICT: VULNERABLE The code uses the `Crypto.PublicKey` module, which is a third-party library that is not built-in to"
1790467375,codellama:7b,sk_rsa3072,CWE-326,short_key,secure,VULNERABLE,1,0,1," VERDICT: VULNERABLE  The code generates RSA keys using the `Crypto.PublicKey.RSA.generate()` method, which allows the u"
1790467382,codellama:7b,sk_rsa3072,CWE-326,short_key,secure,VULNERABLE,1,0,2, VERDICT: VULNERABLE The code is vulnerable to a side-channel attack that can be used to extract the RSA private key. Th
1790467389,codellama:7b,sk_rsa4096,CWE-326,short_key,secure,VULNERABLE,1,0,0,"VERDICT: VULNERABLE The code generates an RSA private key with a public exponent of 65537, which is the default value re"
1790467394,codellama:7b,sk_rsa4096,CWE-326,short_key,secure,VULNERABLE,1,0,1," VERDICT: VULNERABLE The code is generating RSA private keys using a hardcoded value for the public exponent, which is s"
1790467399,codellama:7b,sk_rsa4096,CWE-326,short_key,secure,VULNERABLE,1,0,2,"VERDICT: VULNERABLE The code is vulnerable to a side-channel attack called a ""timing attack."" The function `rsa.generate"
1790467404,codellama:7b,bc_des,CWE-327,broken_cipher,vuln,VULNERABLE,1,1,0,VERDICT: VULNERABLE The code is vulnerable to a padding oracle attack. The DES algorithm used in the code is vulnerable 
1790467415,codellama:7b,bc_des,CWE-327,broken_cipher,vuln,VULNERABLE,1,1,1,"VERDICT: VULNERABLE The code uses the ECB mode of the DES encryption algorithm, which is insecure because it does not us"
1790467417,codellama:7b,bc_des,CWE-327,broken_cipher,vuln,VULNERABLE,1,1,2,"VERDICT: VULNERABLE The code is using the DES encryption algorithm, which is considered insecure and should not be used "
1790467419,codellama:7b,bc_3des,CWE-327,broken_cipher,vuln,VULNERABLE,1,1,0,"VERDICT: VULNERABLE The use of DES3, a weak cipher, is a security vulnerability."
1790467424,codellama:7b,bc_3des,CWE-327,broken_cipher,vuln,VULNERABLE,1,1,1,"VERDICT: VULNERABLE The code uses the DES3 algorithm, which has been found to have security vulnerabilities in the past."
1790467431,codellama:7b,bc_3des,CWE-327,broken_cipher,vuln,VULNERABLE,1,1,2,"VERDICT: VULNERABLE The code is using a weak and outdated cipher, DES3, which is vulnerable to known plaintext attacks. "
1790467435,codellama:7b,bc_rc4,CWE-327,broken_cipher,vuln,VULNERABLE,1,1,0,"VERDICT: VULNERABLE The code uses the ARC4 cipher, which is known to be weak and can be easily broken by a determined at"
1790467440,codellama:7b,bc_rc4,CWE-327,broken_cipher,vuln,VULNERABLE,1,1,1, VERDICT: VULNERABLE The use of ARC4 in this code is a security vulnerability. ARC4 is a weak and broken cryptographic a
1790467446,codellama:7b,bc_rc4,CWE-327,broken_cipher,vuln,VULNERABLE,1,1,2,"VERDICT: VULNERABLE The use of ARC4 (RC4) is vulnerable to the ""Block cipher vulnerability"" attack, which allows an atta"
1790467450,codellama:7b,bc_blowfish,CWE-327,broken_cipher,vuln,VULNERABLE,1,1,0,"VERDICT: VULNERABLE The code uses the Blowfish cipher in CBC mode, which has been found to be vulnerable to a variety of"
1790467452,codellama:7b,bc_blowfish,CWE-327,broken_cipher,vuln,VULNERABLE,1,1,1,"VERDICT: VULNERABLE The code uses the Blowfish encryption algorithm, which is considered insecure and has been broken in"
1790467456,codellama:7b,bc_blowfish,CWE-327,broken_cipher,vuln,SAFE,0,0,2,VERDICT: SAFE This code does not contain any security vulnerabilities. The Blowfish library used in the code is a well-e
1790467461,codellama:7b,bc_aesgcm,CWE-327,broken_cipher,secure,VULNERABLE,1,0,0,VERDICT: VULNERABLE The code is vulnerable to a timing attack because the nonce (n) is generated randomly with os.urando
1790467465,codellama:7b,bc_aesgcm,CWE-327,broken_cipher,secure,VULNERABLE,1,0,1,VERDICT: VULNERABLE The code is vulnerable to a potential padding oracle attack. The use of os.urandom to generate the n
1790467476,codellama:7b,bc_aesgcm,CWE-327,broken_cipher,secure,VULNERABLE,1,0,2,VERDICT: VULNERABLE The function is using the `os.urandom()` function to generate a random nonce for the AES encryption.
1790467478,codellama:7b,bc_chacha,CWE-327,broken_cipher,secure,SAFE,0,1,0,"VERDICT: SAFE The code is using ChaCha20, a widely used and well-reviewed encryption algorithm, and is not using any dan"
1790467482,codellama:7b,bc_chacha,CWE-327,broken_cipher,secure,VULNERABLE,1,0,1,VERDICT: VULNERABLE  The code is vulnerable to a padding oracle attack. The use of `os.urandom()` for generating nonces 
1790467486,codellama:7b,bc_chacha,CWE-327,broken_cipher,secure,VULNERABLE,1,0,2,"VERDICT: VULNERABLE The code is vulnerable to a replay attack. The nonce is generated using os.urandom, which is a predi"
1790467493,codellama:7b,ns_sha256,CWE-759,no_salt,vuln,VULNERABLE,1,1,0,VERDICT: VULNERABLE The derive function in the code is vulnerable to a dictionary attack. The use of a hash function lik
1790467499,codellama:7b,ns_sha256,CWE-759,no_salt,vuln,VULNERABLE,1,1,1,VERDICT: VULNERABLE The code is vulnerable to a password cracking attack. The use of a SHA-256 hash function does not pr
1790467504,codellama:7b,ns_sha256,CWE-759,no_salt,vuln,VULNERABLE,1,1,2, VERDICT: VULNERABLE The code is vulnerable to a password guessing attack. The function takes a password as input and re
1790467511,codellama:7b,ns_md5,CWE-759,no_salt,vuln,VULNERABLE,1,1,0,"VERDICT: VULNERABLE The code is vulnerable to a dictionary attack, as the hash function used in the derive function (MD5"
1790467514,codellama:7b,ns_md5,CWE-759,no_salt,vuln,VULNERABLE,1,1,1," VERDICT: VULNERABLE Reason: The use of MD5 as a cryptographic primitive is a security vulnerability, as it is not consi"
1790467525,codellama:7b,ns_md5,CWE-759,no_salt,vuln,VULNERABLE,1,1,2," VERDICT: VULNERABLE The code is vulnerable to a hash collision attack.  In this code, the function `derive` takes a pas"
1790467529,codellama:7b,ns_lowiter,CWE-916,no_salt,vuln,SAFE,0,0,0,"VERDICT: SAFE The code appears to be a valid implementation of the PBKDF2-HMAC algorithm, which is a widely used and sec"
1790467535,codellama:7b,ns_lowiter,CWE-916,no_salt,vuln,VULNERABLE,1,1,1,VERDICT: VULNERABLE The code is vulnerable to a dictionary attack. The PBKDF2-HMAC algorithm used in the `derive` functi
1790467540,codellama:7b,ns_lowiter,CWE-916,no_salt,vuln,VULNERABLE,1,1,2,"VERDICT: VULNERABLE The derive function in this code is vulnerable to a dictionary attack, as the salt value is not prop"
1790467549,codellama:7b,ns_double,CWE-759,no_salt,vuln,VULNERABLE,1,1,0, VERDICT: VULNERABLE  The code is vulnerable to a password guessing attack. The function derives a password hash using a
1790467553,codellama:7b,ns_double,CWE-759,no_salt,vuln,VULNERABLE,1,1,1,VERDICT: VULNERABLE The code is vulnerable to a hash collision attack. The double hashing of the password first with SHA
1790467556,codellama:7b,ns_double,CWE-759,no_salt,vuln,VULNERABLE,1,1,2," VERDICT: VULNERABLE The reason is that the code uses double hashing, which makes it vulnerable to a type of attack know"
1790467562,codellama:7b,ns_pbkdf2,CWE-759,no_salt,secure,VULNERABLE,1,0,0,"VERDICT: VULNERABLE The code is vulnerable to a dictionary attack, as the salt is not stored securely. An attacker who h"
1790467569,codellama:7b,ns_pbkdf2,CWE-759,no_salt,secure,VULNERABLE,1,0,1,"VERDICT: VULNERABLE  The code uses PBKDF2 with a high iteration count (200,000) to generate a secure password hash. Howe"
1790467572,codellama:7b,ns_pbkdf2,CWE-759,no_salt,secure,VULNERABLE,1,0,2,VERDICT: VULNERABLE The derive function uses PBKDF2 with a fixed number of iterations (200000) which is not considered s
1790467583,codellama:7b,ns_scrypt,CWE-759,no_salt,secure,VULNERABLE,1,0,0,"VERDICT: VULNERABLE The code is vulnerable to a dictionary attack, as the salt is generated randomly but not securely.  "
1790467592,codellama:7b,ns_scrypt,CWE-759,no_salt,secure,VULNERABLE,1,0,1, VERDICT: VULNERABLE The code is vulnerable to a hash oracle attack. The use of scrypt with a fixed parameter (n=16384) 
1790467599,codellama:7b,ns_scrypt,CWE-759,no_salt,secure,VULNERABLE,1,0,2,"VERDICT: VULNERABLE The code is vulnerable to a side-channel attack called a ""memory-based Timing Attack"". The function "
1790467602,codellama:7b,cv_verifyfalse,CWE-295,cert_verify,vuln,VULNERABLE,1,1,0,VERDICT: VULNERABLE The `verify=False` parameter of the `requests.get()` method disables SSL/TLS certificate verificatio
1790467607,codellama:7b,cv_verifyfalse,CWE-295,cert_verify,vuln,VULNERABLE,1,1,1," VERDICT: VULNERABLE  The `verify=False` parameter is used in the `requests.get()` method, which disables SSL certificat"
1790467610,codellama:7b,cv_verifyfalse,CWE-295,cert_verify,vuln,VULNERABLE,1,1,2, VERDICT: VULNERABLE The `verify=False` parameter in the `requests.get()` method is a security vulnerability. This param
1790467618,codellama:7b,cv_sslctx,CWE-295,cert_verify,vuln,VULNERABLE,1,1,0, VERDICT: VULNERABLE The code is vulnerable to a man-in-the-middle attack. The `ssl._create_unverified_context()` functi
1790467629,codellama:7b,cv_sslctx,CWE-295,cert_verify,vuln,VULNERABLE,1,1,1, VERDICT: VULNERABLE This code is vulnerable to man-in-the-middle (MitM) attacks. The use of `ssl._create_unverified_con
1790467632,codellama:7b,cv_sslctx,CWE-295,cert_verify,vuln,VULNERABLE,1,1,2,"VERDICT: VULNERABLE The code creates an SSL context without verifying the server's certificate, which is a security vuln"
1790467641,codellama:7b,cv_certnone,CWE-295,cert_verify,vuln,VULNERABLE,1,1,0, VERDICT: VULNERABLE The code sets the `verify_mode` parameter of the `ssl.create_default_context()` function to `ssl.CE
1790467650,codellama:7b,cv_certnone,CWE-295,cert_verify,vuln,VULNERABLE,1,1,1, VERDICT: VULNERABLE This code is vulnerable to a hostname verification bypass attack. The `c.check_hostname = False` an
1790467655,codellama:7b,cv_certnone,CWE-295,cert_verify,vuln,VULNERABLE,1,1,2," VERDICT: VULNERABLE  This code creates an SSL context using the `ssl.create_default_context()` function, but then overr"
1790467659,codellama:7b,cv_session,CWE-295,cert_verify,vuln,VULNERABLE,1,1,0,"VERDICT: VULNERABLE The code sets `s.verify = False`, which disables SSL/TLS certificate verification for the `requests`"
1790467665,codellama:7b,cv_session,CWE-295,cert_verify,vuln,VULNERABLE,1,1,1,"VERDICT: VULNERABLE The code sets the `verify` parameter of the `requests.Session` object to `False`, which disables SSL"
1790467669,codellama:7b,cv_session,CWE-295,cert_verify,vuln,VULNERABLE,1,1,2," VERDICT: VULNERABLE The code sets the `verify` parameter of the `Session` object to `False`, which disables SSL/TLS cer"
1790467674,codellama:7b,cv_verifytrue,CWE-295,cert_verify,secure,VULNERABLE,1,0,0,"VERDICT: VULNERABLE The function ""fetch"" fetches data from the internet and returns it as a string. This means that if t"
1790467677,codellama:7b,cv_verifytrue,CWE-295,cert_verify,secure,VULNERABLE,1,0,1,VERDICT: VULNERABLE The code is vulnerable to a cross-site scripting (XSS) attack. The function fetch() does not validat
1790467682,codellama:7b,cv_verifytrue,CWE-295,cert_verify,secure,VULNERABLE,1,0,2,VERDICT: VULNERABLE  This code is vulnerable to a reflective XSS (cross-site scripting) attack. The `fetch` function mak
1790467688,codellama:7b,cv_pinned,CWE-295,cert_verify,secure,VULNERABLE,1,0,0,VERDICT: VULNERABLE The code uses the `verify` parameter in the `requests.get()` method to specify a CA bundle file. How
1790467693,codellama:7b,cv_pinned,CWE-295,cert_verify,secure,VULNERABLE,1,0,1,"VERDICT: VULNERABLE The `verify` parameter in `requests.get()` is set to a hardcoded path (`/etc/ssl/ca-bundle.pem`), wh"
1790467698,codellama:7b,cv_pinned,CWE-295,cert_verify,secure,VULNERABLE,1,0,2,"VERDICT: VULNERABLE  The `requests` library is used to make HTTP requests, but it does not provide a way to validate the"
